block,register,offset,field,shift,width,access,access_basis,reset_chip,reset_system,reset_core,idf_access,cite,note
uart0,UART_FIFO,0x000,UART_RXFIFO_RD_BYTE,0,8,RO,idf,0x0,0x0,0x0,RO,IDF v5.5.3 soc/esp32c3/register/soc/uart_reg.h:15,
uart0,UART_INT_RAW,0x004,UART_RXFIFO_FULL_INT_RAW,0,1,RO,UNVERIFIED,0x0,0x0,0x0,R/WTC/SS,IDF v5.5.3 soc/esp32c3/register/soc/uart_reg.h:156,WTC: cleared by writing the corresponding WT field; SS: hardware sets it
uart0,UART_INT_RAW,0x004,UART_TXFIFO_EMPTY_INT_RAW,1,1,RO,UNVERIFIED,0x1,0x1,0x1,R/WTC/SS,IDF v5.5.3 soc/esp32c3/register/soc/uart_reg.h:149,WTC: cleared by writing the corresponding WT field; SS: hardware sets it
uart0,UART_INT_RAW,0x004,UART_PARITY_ERR_INT_RAW,2,1,RO,UNVERIFIED,0x0,0x0,0x0,R/WTC/SS,IDF v5.5.3 soc/esp32c3/register/soc/uart_reg.h:142,WTC: cleared by writing the corresponding WT field; SS: hardware sets it
uart0,UART_INT_RAW,0x004,UART_FRM_ERR_INT_RAW,3,1,RO,UNVERIFIED,0x0,0x0,0x0,R/WTC/SS,IDF v5.5.3 soc/esp32c3/register/soc/uart_reg.h:135,WTC: cleared by writing the corresponding WT field; SS: hardware sets it
uart0,UART_INT_RAW,0x004,UART_RXFIFO_OVF_INT_RAW,4,1,RO,UNVERIFIED,0x0,0x0,0x0,R/WTC/SS,IDF v5.5.3 soc/esp32c3/register/soc/uart_reg.h:128,WTC: cleared by writing the corresponding WT field; SS: hardware sets it
uart0,UART_INT_RAW,0x004,UART_DSR_CHG_INT_RAW,5,1,RO,UNVERIFIED,0x0,0x0,0x0,R/WTC/SS,IDF v5.5.3 soc/esp32c3/register/soc/uart_reg.h:121,WTC: cleared by writing the corresponding WT field; SS: hardware sets it
uart0,UART_INT_RAW,0x004,UART_CTS_CHG_INT_RAW,6,1,RO,UNVERIFIED,0x0,0x0,0x0,R/WTC/SS,IDF v5.5.3 soc/esp32c3/register/soc/uart_reg.h:114,WTC: cleared by writing the corresponding WT field; SS: hardware sets it
uart0,UART_INT_RAW,0x004,UART_BRK_DET_INT_RAW,7,1,RO,UNVERIFIED,0x0,0x0,0x0,R/WTC/SS,IDF v5.5.3 soc/esp32c3/register/soc/uart_reg.h:107,WTC: cleared by writing the corresponding WT field; SS: hardware sets it
uart0,UART_INT_RAW,0x004,UART_RXFIFO_TOUT_INT_RAW,8,1,RO,UNVERIFIED,0x0,0x0,0x0,R/WTC/SS,IDF v5.5.3 soc/esp32c3/register/soc/uart_reg.h:100,WTC: cleared by writing the corresponding WT field; SS: hardware sets it
uart0,UART_INT_RAW,0x004,UART_SW_XON_INT_RAW,9,1,RO,UNVERIFIED,0x0,0x0,0x0,R/WTC/SS,IDF v5.5.3 soc/esp32c3/register/soc/uart_reg.h:93,WTC: cleared by writing the corresponding WT field; SS: hardware sets it
uart0,UART_INT_RAW,0x004,UART_SW_XOFF_INT_RAW,10,1,RO,UNVERIFIED,0x0,0x0,0x0,R/WTC/SS,IDF v5.5.3 soc/esp32c3/register/soc/uart_reg.h:86,WTC: cleared by writing the corresponding WT field; SS: hardware sets it
uart0,UART_INT_RAW,0x004,UART_GLITCH_DET_INT_RAW,11,1,RO,UNVERIFIED,0x0,0x0,0x0,R/WTC/SS,IDF v5.5.3 soc/esp32c3/register/soc/uart_reg.h:79,WTC: cleared by writing the corresponding WT field; SS: hardware sets it
uart0,UART_INT_RAW,0x004,UART_TX_BRK_DONE_INT_RAW,12,1,RO,UNVERIFIED,0x0,0x0,0x0,R/WTC/SS,IDF v5.5.3 soc/esp32c3/register/soc/uart_reg.h:72,WTC: cleared by writing the corresponding WT field; SS: hardware sets it
uart0,UART_INT_RAW,0x004,UART_TX_BRK_IDLE_DONE_INT_RAW,13,1,RO,UNVERIFIED,0x0,0x0,0x0,R/WTC/SS,IDF v5.5.3 soc/esp32c3/register/soc/uart_reg.h:65,WTC: cleared by writing the corresponding WT field; SS: hardware sets it
uart0,UART_INT_RAW,0x004,UART_TX_DONE_INT_RAW,14,1,RO,UNVERIFIED,0x0,0x0,0x0,R/WTC/SS,IDF v5.5.3 soc/esp32c3/register/soc/uart_reg.h:58,WTC: cleared by writing the corresponding WT field; SS: hardware sets it
uart0,UART_INT_RAW,0x004,UART_RS485_PARITY_ERR_INT_RAW,15,1,RO,UNVERIFIED,0x0,0x0,0x0,R/WTC/SS,IDF v5.5.3 soc/esp32c3/register/soc/uart_reg.h:51,WTC: cleared by writing the corresponding WT field; SS: hardware sets it
uart0,UART_INT_RAW,0x004,UART_RS485_FRM_ERR_INT_RAW,16,1,RO,UNVERIFIED,0x0,0x0,0x0,R/WTC/SS,IDF v5.5.3 soc/esp32c3/register/soc/uart_reg.h:44,WTC: cleared by writing the corresponding WT field; SS: hardware sets it
uart0,UART_INT_RAW,0x004,UART_RS485_CLASH_INT_RAW,17,1,RO,UNVERIFIED,0x0,0x0,0x0,R/WTC/SS,IDF v5.5.3 soc/esp32c3/register/soc/uart_reg.h:37,WTC: cleared by writing the corresponding WT field; SS: hardware sets it
uart0,UART_INT_RAW,0x004,UART_AT_CMD_CHAR_DET_INT_RAW,18,1,RO,UNVERIFIED,0x0,0x0,0x0,R/WTC/SS,IDF v5.5.3 soc/esp32c3/register/soc/uart_reg.h:30,WTC: cleared by writing the corresponding WT field; SS: hardware sets it
uart0,UART_INT_RAW,0x004,UART_WAKEUP_INT_RAW,19,1,RO,UNVERIFIED,0x0,0x0,0x0,R/WTC/SS,IDF v5.5.3 soc/esp32c3/register/soc/uart_reg.h:23,WTC: cleared by writing the corresponding WT field; SS: hardware sets it
uart0,UART_INT_ST,0x008,UART_RXFIFO_FULL_INT_ST,0,1,RO,idf,0x0,0x0,0x0,RO,IDF v5.5.3 soc/esp32c3/register/soc/uart_reg.h:291,
uart0,UART_INT_ST,0x008,UART_TXFIFO_EMPTY_INT_ST,1,1,RO,idf,0x0,0x0,0x0,RO,IDF v5.5.3 soc/esp32c3/register/soc/uart_reg.h:284,
uart0,UART_INT_ST,0x008,UART_PARITY_ERR_INT_ST,2,1,RO,idf,0x0,0x0,0x0,RO,IDF v5.5.3 soc/esp32c3/register/soc/uart_reg.h:277,
uart0,UART_INT_ST,0x008,UART_FRM_ERR_INT_ST,3,1,RO,idf,0x0,0x0,0x0,RO,IDF v5.5.3 soc/esp32c3/register/soc/uart_reg.h:271,
uart0,UART_INT_ST,0x008,UART_RXFIFO_OVF_INT_ST,4,1,RO,idf,0x0,0x0,0x0,RO,IDF v5.5.3 soc/esp32c3/register/soc/uart_reg.h:264,
uart0,UART_INT_ST,0x008,UART_DSR_CHG_INT_ST,5,1,RO,idf,0x0,0x0,0x0,RO,IDF v5.5.3 soc/esp32c3/register/soc/uart_reg.h:258,
uart0,UART_INT_ST,0x008,UART_CTS_CHG_INT_ST,6,1,RO,idf,0x0,0x0,0x0,RO,IDF v5.5.3 soc/esp32c3/register/soc/uart_reg.h:252,
uart0,UART_INT_ST,0x008,UART_BRK_DET_INT_ST,7,1,RO,idf,0x0,0x0,0x0,RO,IDF v5.5.3 soc/esp32c3/register/soc/uart_reg.h:246,
uart0,UART_INT_ST,0x008,UART_RXFIFO_TOUT_INT_ST,8,1,RO,idf,0x0,0x0,0x0,RO,IDF v5.5.3 soc/esp32c3/register/soc/uart_reg.h:239,
uart0,UART_INT_ST,0x008,UART_SW_XON_INT_ST,9,1,RO,idf,0x0,0x0,0x0,RO,IDF v5.5.3 soc/esp32c3/register/soc/uart_reg.h:233,
uart0,UART_INT_ST,0x008,UART_SW_XOFF_INT_ST,10,1,RO,idf,0x0,0x0,0x0,RO,IDF v5.5.3 soc/esp32c3/register/soc/uart_reg.h:227,
uart0,UART_INT_ST,0x008,UART_GLITCH_DET_INT_ST,11,1,RO,idf,0x0,0x0,0x0,RO,IDF v5.5.3 soc/esp32c3/register/soc/uart_reg.h:220,
uart0,UART_INT_ST,0x008,UART_TX_BRK_DONE_INT_ST,12,1,RO,idf,0x0,0x0,0x0,RO,IDF v5.5.3 soc/esp32c3/register/soc/uart_reg.h:213,
uart0,UART_INT_ST,0x008,UART_TX_BRK_IDLE_DONE_INT_ST,13,1,RO,idf,0x0,0x0,0x0,RO,IDF v5.5.3 soc/esp32c3/register/soc/uart_reg.h:206,
uart0,UART_INT_ST,0x008,UART_TX_DONE_INT_ST,14,1,RO,idf,0x0,0x0,0x0,RO,IDF v5.5.3 soc/esp32c3/register/soc/uart_reg.h:200,
uart0,UART_INT_ST,0x008,UART_RS485_PARITY_ERR_INT_ST,15,1,RO,idf,0x0,0x0,0x0,RO,IDF v5.5.3 soc/esp32c3/register/soc/uart_reg.h:193,
uart0,UART_INT_ST,0x008,UART_RS485_FRM_ERR_INT_ST,16,1,RO,idf,0x0,0x0,0x0,RO,IDF v5.5.3 soc/esp32c3/register/soc/uart_reg.h:186,
uart0,UART_INT_ST,0x008,UART_RS485_CLASH_INT_ST,17,1,RO,idf,0x0,0x0,0x0,RO,IDF v5.5.3 soc/esp32c3/register/soc/uart_reg.h:179,
uart0,UART_INT_ST,0x008,UART_AT_CMD_CHAR_DET_INT_ST,18,1,RO,idf,0x0,0x0,0x0,RO,IDF v5.5.3 soc/esp32c3/register/soc/uart_reg.h:172,
uart0,UART_INT_ST,0x008,UART_WAKEUP_INT_ST,19,1,RO,idf,0x0,0x0,0x0,RO,IDF v5.5.3 soc/esp32c3/register/soc/uart_reg.h:165,
uart0,UART_INT_ENA,0x00C,UART_RXFIFO_FULL_INT_ENA,0,1,RW,idf,0x0,0x0,0x0,R/W,IDF v5.5.3 soc/esp32c3/register/soc/uart_reg.h:414,
uart0,UART_INT_ENA,0x00C,UART_TXFIFO_EMPTY_INT_ENA,1,1,RW,idf,0x0,0x0,0x0,R/W,IDF v5.5.3 soc/esp32c3/register/soc/uart_reg.h:408,
uart0,UART_INT_ENA,0x00C,UART_PARITY_ERR_INT_ENA,2,1,RW,idf,0x0,0x0,0x0,R/W,IDF v5.5.3 soc/esp32c3/register/soc/uart_reg.h:402,
uart0,UART_INT_ENA,0x00C,UART_FRM_ERR_INT_ENA,3,1,RW,idf,0x0,0x0,0x0,R/W,IDF v5.5.3 soc/esp32c3/register/soc/uart_reg.h:396,
uart0,UART_INT_ENA,0x00C,UART_RXFIFO_OVF_INT_ENA,4,1,RW,idf,0x0,0x0,0x0,R/W,IDF v5.5.3 soc/esp32c3/register/soc/uart_reg.h:390,
uart0,UART_INT_ENA,0x00C,UART_DSR_CHG_INT_ENA,5,1,RW,idf,0x0,0x0,0x0,R/W,IDF v5.5.3 soc/esp32c3/register/soc/uart_reg.h:384,
uart0,UART_INT_ENA,0x00C,UART_CTS_CHG_INT_ENA,6,1,RW,idf,0x0,0x0,0x0,R/W,IDF v5.5.3 soc/esp32c3/register/soc/uart_reg.h:378,
uart0,UART_INT_ENA,0x00C,UART_BRK_DET_INT_ENA,7,1,RW,idf,0x0,0x0,0x0,R/W,IDF v5.5.3 soc/esp32c3/register/soc/uart_reg.h:372,
uart0,UART_INT_ENA,0x00C,UART_RXFIFO_TOUT_INT_ENA,8,1,RW,idf,0x0,0x0,0x0,R/W,IDF v5.5.3 soc/esp32c3/register/soc/uart_reg.h:366,
uart0,UART_INT_ENA,0x00C,UART_SW_XON_INT_ENA,9,1,RW,idf,0x0,0x0,0x0,R/W,IDF v5.5.3 soc/esp32c3/register/soc/uart_reg.h:360,
uart0,UART_INT_ENA,0x00C,UART_SW_XOFF_INT_ENA,10,1,RW,idf,0x0,0x0,0x0,R/W,IDF v5.5.3 soc/esp32c3/register/soc/uart_reg.h:354,
uart0,UART_INT_ENA,0x00C,UART_GLITCH_DET_INT_ENA,11,1,RW,idf,0x0,0x0,0x0,R/W,IDF v5.5.3 soc/esp32c3/register/soc/uart_reg.h:348,
uart0,UART_INT_ENA,0x00C,UART_TX_BRK_DONE_INT_ENA,12,1,RW,idf,0x0,0x0,0x0,R/W,IDF v5.5.3 soc/esp32c3/register/soc/uart_reg.h:342,
uart0,UART_INT_ENA,0x00C,UART_TX_BRK_IDLE_DONE_INT_ENA,13,1,RW,idf,0x0,0x0,0x0,R/W,IDF v5.5.3 soc/esp32c3/register/soc/uart_reg.h:336,
uart0,UART_INT_ENA,0x00C,UART_TX_DONE_INT_ENA,14,1,RW,idf,0x0,0x0,0x0,R/W,IDF v5.5.3 soc/esp32c3/register/soc/uart_reg.h:330,
uart0,UART_INT_ENA,0x00C,UART_RS485_PARITY_ERR_INT_ENA,15,1,RW,idf,0x0,0x0,0x0,R/W,IDF v5.5.3 soc/esp32c3/register/soc/uart_reg.h:324,
uart0,UART_INT_ENA,0x00C,UART_RS485_FRM_ERR_INT_ENA,16,1,RW,idf,0x0,0x0,0x0,R/W,IDF v5.5.3 soc/esp32c3/register/soc/uart_reg.h:318,
uart0,UART_INT_ENA,0x00C,UART_RS485_CLASH_INT_ENA,17,1,RW,idf,0x0,0x0,0x0,R/W,IDF v5.5.3 soc/esp32c3/register/soc/uart_reg.h:312,
uart0,UART_INT_ENA,0x00C,UART_AT_CMD_CHAR_DET_INT_ENA,18,1,RW,idf,0x0,0x0,0x0,R/W,IDF v5.5.3 soc/esp32c3/register/soc/uart_reg.h:306,
uart0,UART_INT_ENA,0x00C,UART_WAKEUP_INT_ENA,19,1,RW,idf,0x0,0x0,0x0,R/W,IDF v5.5.3 soc/esp32c3/register/soc/uart_reg.h:300,
uart0,UART_INT_CLR,0x010,UART_RXFIFO_FULL_INT_CLR,0,1,WT,idf,0x0,0x0,0x0,WT,IDF v5.5.3 soc/esp32c3/register/soc/uart_reg.h:536,
uart0,UART_INT_CLR,0x010,UART_TXFIFO_EMPTY_INT_CLR,1,1,WT,idf,0x0,0x0,0x0,WT,IDF v5.5.3 soc/esp32c3/register/soc/uart_reg.h:530,
uart0,UART_INT_CLR,0x010,UART_PARITY_ERR_INT_CLR,2,1,WT,idf,0x0,0x0,0x0,WT,IDF v5.5.3 soc/esp32c3/register/soc/uart_reg.h:524,
uart0,UART_INT_CLR,0x010,UART_FRM_ERR_INT_CLR,3,1,WT,idf,0x0,0x0,0x0,WT,IDF v5.5.3 soc/esp32c3/register/soc/uart_reg.h:518,
uart0,UART_INT_CLR,0x010,UART_RXFIFO_OVF_INT_CLR,4,1,WT,idf,0x0,0x0,0x0,WT,IDF v5.5.3 soc/esp32c3/register/soc/uart_reg.h:512,
uart0,UART_INT_CLR,0x010,UART_DSR_CHG_INT_CLR,5,1,WT,idf,0x0,0x0,0x0,WT,IDF v5.5.3 soc/esp32c3/register/soc/uart_reg.h:506,
uart0,UART_INT_CLR,0x010,UART_CTS_CHG_INT_CLR,6,1,WT,idf,0x0,0x0,0x0,WT,IDF v5.5.3 soc/esp32c3/register/soc/uart_reg.h:500,
uart0,UART_INT_CLR,0x010,UART_BRK_DET_INT_CLR,7,1,WT,idf,0x0,0x0,0x0,WT,IDF v5.5.3 soc/esp32c3/register/soc/uart_reg.h:494,
uart0,UART_INT_CLR,0x010,UART_RXFIFO_TOUT_INT_CLR,8,1,WT,idf,0x0,0x0,0x0,WT,IDF v5.5.3 soc/esp32c3/register/soc/uart_reg.h:488,
uart0,UART_INT_CLR,0x010,UART_SW_XON_INT_CLR,9,1,WT,idf,0x0,0x0,0x0,WT,IDF v5.5.3 soc/esp32c3/register/soc/uart_reg.h:482,
uart0,UART_INT_CLR,0x010,UART_SW_XOFF_INT_CLR,10,1,WT,idf,0x0,0x0,0x0,WT,IDF v5.5.3 soc/esp32c3/register/soc/uart_reg.h:476,
uart0,UART_INT_CLR,0x010,UART_GLITCH_DET_INT_CLR,11,1,WT,idf,0x0,0x0,0x0,WT,IDF v5.5.3 soc/esp32c3/register/soc/uart_reg.h:470,
uart0,UART_INT_CLR,0x010,UART_TX_BRK_DONE_INT_CLR,12,1,WT,idf,0x0,0x0,0x0,WT,IDF v5.5.3 soc/esp32c3/register/soc/uart_reg.h:464,
uart0,UART_INT_CLR,0x010,UART_TX_BRK_IDLE_DONE_INT_CLR,13,1,WT,idf,0x0,0x0,0x0,WT,IDF v5.5.3 soc/esp32c3/register/soc/uart_reg.h:458,
uart0,UART_INT_CLR,0x010,UART_TX_DONE_INT_CLR,14,1,WT,idf,0x0,0x0,0x0,WT,IDF v5.5.3 soc/esp32c3/register/soc/uart_reg.h:452,
uart0,UART_INT_CLR,0x010,UART_RS485_PARITY_ERR_INT_CLR,15,1,WT,idf,0x0,0x0,0x0,WT,IDF v5.5.3 soc/esp32c3/register/soc/uart_reg.h:446,
uart0,UART_INT_CLR,0x010,UART_RS485_FRM_ERR_INT_CLR,16,1,WT,idf,0x0,0x0,0x0,WT,IDF v5.5.3 soc/esp32c3/register/soc/uart_reg.h:440,
uart0,UART_INT_CLR,0x010,UART_RS485_CLASH_INT_CLR,17,1,WT,idf,0x0,0x0,0x0,WT,IDF v5.5.3 soc/esp32c3/register/soc/uart_reg.h:434,
uart0,UART_INT_CLR,0x010,UART_AT_CMD_CHAR_DET_INT_CLR,18,1,WT,idf,0x0,0x0,0x0,WT,IDF v5.5.3 soc/esp32c3/register/soc/uart_reg.h:428,
uart0,UART_INT_CLR,0x010,UART_WAKEUP_INT_CLR,19,1,WT,idf,0x0,0x0,0x0,WT,IDF v5.5.3 soc/esp32c3/register/soc/uart_reg.h:422,
uart0,UART_CLKDIV,0x014,UART_CLKDIV,0,12,RW,idf,0x2B6,0x2B6,0x2B6,R/W,IDF v5.5.3 soc/esp32c3/register/soc/uart_reg.h:550,
uart0,UART_CLKDIV,0x014,UART_CLKDIV_FRAG,20,4,RW,idf,0x0,0x0,0x0,R/W,IDF v5.5.3 soc/esp32c3/register/soc/uart_reg.h:544,
uart0,UART_RX_FILT,0x018,UART_GLITCH_FILT,0,8,RW,idf,0x8,0x8,0x8,R/W,IDF v5.5.3 soc/esp32c3/register/soc/uart_reg.h:564,
uart0,UART_RX_FILT,0x018,UART_GLITCH_FILT_EN,8,1,RW,idf,0x0,0x0,0x0,R/W,IDF v5.5.3 soc/esp32c3/register/soc/uart_reg.h:558,
uart0,UART_STATUS,0x01C,UART_RXFIFO_CNT,0,10,RO,idf,0x0,0x0,0x0,RO,IDF v5.5.3 soc/esp32c3/register/soc/uart_reg.h:614,
uart0,UART_STATUS,0x01C,UART_DSRN,13,1,RO,idf,0x0,0x0,0x0,RO,IDF v5.5.3 soc/esp32c3/register/soc/uart_reg.h:608,
uart0,UART_STATUS,0x01C,UART_CTSN,14,1,RO,idf,0x1,0x1,0x1,RO,IDF v5.5.3 soc/esp32c3/register/soc/uart_reg.h:602,
uart0,UART_STATUS,0x01C,UART_RXD,15,1,RO,idf,0x1,0x1,0x1,RO,IDF v5.5.3 soc/esp32c3/register/soc/uart_reg.h:596,
uart0,UART_STATUS,0x01C,UART_TXFIFO_CNT,16,10,RO,idf,0x0,0x0,0x0,RO,IDF v5.5.3 soc/esp32c3/register/soc/uart_reg.h:590,
uart0,UART_STATUS,0x01C,UART_DTRN,29,1,RO,idf,0x1,0x1,0x1,RO,IDF v5.5.3 soc/esp32c3/register/soc/uart_reg.h:584,
uart0,UART_STATUS,0x01C,UART_RTSN,30,1,RO,idf,0x1,0x1,0x1,RO,IDF v5.5.3 soc/esp32c3/register/soc/uart_reg.h:578,
uart0,UART_STATUS,0x01C,UART_TXD,31,1,RO,idf,0x1,0x1,0x1,RO,IDF v5.5.3 soc/esp32c3/register/soc/uart_reg.h:572,
uart0,UART_CONF0,0x020,UART_PARITY,0,1,RW,idf,0x0,0x0,0x0,R/W,IDF v5.5.3 soc/esp32c3/register/soc/uart_reg.h:784,
uart0,UART_CONF0,0x020,UART_PARITY_EN,1,1,RW,idf,0x0,0x0,0x0,R/W,IDF v5.5.3 soc/esp32c3/register/soc/uart_reg.h:778,
uart0,UART_CONF0,0x020,UART_BIT_NUM,2,2,RW,idf,0x3,0x3,0x3,R/W,IDF v5.5.3 soc/esp32c3/register/soc/uart_reg.h:772,
uart0,UART_CONF0,0x020,UART_STOP_BIT_NUM,4,2,RW,idf,0x1,0x1,0x1,R/W,IDF v5.5.3 soc/esp32c3/register/soc/uart_reg.h:766,
uart0,UART_CONF0,0x020,UART_SW_RTS,6,1,RW,idf,0x0,0x0,0x0,R/W,IDF v5.5.3 soc/esp32c3/register/soc/uart_reg.h:759,
uart0,UART_CONF0,0x020,UART_SW_DTR,7,1,RW,idf,0x0,0x0,0x0,R/W,IDF v5.5.3 soc/esp32c3/register/soc/uart_reg.h:752,
uart0,UART_CONF0,0x020,UART_TXD_BRK,8,1,RW,idf,0x0,0x0,0x0,R/W,IDF v5.5.3 soc/esp32c3/register/soc/uart_reg.h:745,
uart0,UART_CONF0,0x020,UART_IRDA_DPLX,9,1,RW,idf,0x0,0x0,0x0,R/W,IDF v5.5.3 soc/esp32c3/register/soc/uart_reg.h:739,
uart0,UART_CONF0,0x020,UART_IRDA_TX_EN,10,1,RW,idf,0x0,0x0,0x0,R/W,IDF v5.5.3 soc/esp32c3/register/soc/uart_reg.h:733,
uart0,UART_CONF0,0x020,UART_IRDA_WCTL,11,1,RW,idf,0x0,0x0,0x0,R/W,IDF v5.5.3 soc/esp32c3/register/soc/uart_reg.h:726,
uart0,UART_CONF0,0x020,UART_IRDA_TX_INV,12,1,RW,idf,0x0,0x0,0x0,R/W,IDF v5.5.3 soc/esp32c3/register/soc/uart_reg.h:720,
uart0,UART_CONF0,0x020,UART_IRDA_RX_INV,13,1,RW,idf,0x0,0x0,0x0,R/W,IDF v5.5.3 soc/esp32c3/register/soc/uart_reg.h:714,
uart0,UART_CONF0,0x020,UART_LOOPBACK,14,1,RW,idf,0x0,0x0,0x0,R/W,IDF v5.5.3 soc/esp32c3/register/soc/uart_reg.h:708,
uart0,UART_CONF0,0x020,UART_TX_FLOW_EN,15,1,RW,idf,0x0,0x0,0x0,R/W,IDF v5.5.3 soc/esp32c3/register/soc/uart_reg.h:702,
uart0,UART_CONF0,0x020,UART_IRDA_EN,16,1,RW,idf,0x0,0x0,0x0,R/W,IDF v5.5.3 soc/esp32c3/register/soc/uart_reg.h:696,
uart0,UART_CONF0,0x020,UART_RXFIFO_RST,17,1,RW,idf,0x0,0x0,0x0,R/W,IDF v5.5.3 soc/esp32c3/register/soc/uart_reg.h:690,
uart0,UART_CONF0,0x020,UART_TXFIFO_RST,18,1,RW,idf,0x0,0x0,0x0,R/W,IDF v5.5.3 soc/esp32c3/register/soc/uart_reg.h:684,
uart0,UART_CONF0,0x020,UART_RXD_INV,19,1,RW,idf,0x0,0x0,0x0,R/W,IDF v5.5.3 soc/esp32c3/register/soc/uart_reg.h:678,
uart0,UART_CONF0,0x020,UART_CTS_INV,20,1,RW,idf,0x0,0x0,0x0,R/W,IDF v5.5.3 soc/esp32c3/register/soc/uart_reg.h:672,
uart0,UART_CONF0,0x020,UART_DSR_INV,21,1,RW,idf,0x0,0x0,0x0,R/W,IDF v5.5.3 soc/esp32c3/register/soc/uart_reg.h:666,
uart0,UART_CONF0,0x020,UART_TXD_INV,22,1,RW,idf,0x0,0x0,0x0,R/W,IDF v5.5.3 soc/esp32c3/register/soc/uart_reg.h:660,
uart0,UART_CONF0,0x020,UART_RTS_INV,23,1,RW,idf,0x0,0x0,0x0,R/W,IDF v5.5.3 soc/esp32c3/register/soc/uart_reg.h:654,
uart0,UART_CONF0,0x020,UART_DTR_INV,24,1,RW,idf,0x0,0x0,0x0,R/W,IDF v5.5.3 soc/esp32c3/register/soc/uart_reg.h:648,
uart0,UART_CONF0,0x020,UART_CLK_EN,25,1,RW,idf,0x0,0x0,0x0,R/W,IDF v5.5.3 soc/esp32c3/register/soc/uart_reg.h:641,
uart0,UART_CONF0,0x020,UART_ERR_WR_MASK,26,1,RW,idf,0x0,0x0,0x0,R/W,IDF v5.5.3 soc/esp32c3/register/soc/uart_reg.h:634,
uart0,UART_CONF0,0x020,UART_AUTOBAUD_EN,27,1,RW,idf,0x0,0x0,0x0,R/W,IDF v5.5.3 soc/esp32c3/register/soc/uart_reg.h:628,
uart0,UART_CONF0,0x020,UART_MEM_CLK_EN,28,1,RW,idf,0x1,0x1,0x1,R/W,IDF v5.5.3 soc/esp32c3/register/soc/uart_reg.h:622,
uart0,UART_CONF1,0x024,UART_RXFIFO_FULL_THRHD,0,9,RW,idf,0x60,0x60,0x60,R/W,IDF v5.5.3 soc/esp32c3/register/soc/uart_reg.h:823,
uart0,UART_CONF1,0x024,UART_TXFIFO_EMPTY_THRHD,9,9,RW,idf,0x60,0x60,0x60,R/W,IDF v5.5.3 soc/esp32c3/register/soc/uart_reg.h:816,
uart0,UART_CONF1,0x024,UART_DIS_RX_DAT_OVF,18,1,RW,idf,0x0,0x0,0x0,R/W,IDF v5.5.3 soc/esp32c3/register/soc/uart_reg.h:810,
uart0,UART_CONF1,0x024,UART_RX_TOUT_FLOW_DIS,19,1,RW,idf,0x0,0x0,0x0,R/W,IDF v5.5.3 soc/esp32c3/register/soc/uart_reg.h:804,
uart0,UART_CONF1,0x024,UART_RX_FLOW_EN,20,1,RW,idf,0x0,0x0,0x0,R/W,IDF v5.5.3 soc/esp32c3/register/soc/uart_reg.h:798,
uart0,UART_CONF1,0x024,UART_RX_TOUT_EN,21,1,RW,idf,0x0,0x0,0x0,R/W,IDF v5.5.3 soc/esp32c3/register/soc/uart_reg.h:792,
uart0,UART_LOWPULSE,0x028,UART_LOWPULSE_MIN_CNT,0,12,RO,idf,0xFFF,0xFFF,0xFFF,RO,IDF v5.5.3 soc/esp32c3/register/soc/uart_reg.h:832,
uart0,UART_HIGHPULSE,0x02C,UART_HIGHPULSE_MIN_CNT,0,12,RO,idf,0xFFF,0xFFF,0xFFF,RO,IDF v5.5.3 soc/esp32c3/register/soc/uart_reg.h:841,
uart0,UART_RXD_CNT,0x030,UART_RXD_EDGE_CNT,0,10,RO,idf,0x0,0x0,0x0,RO,IDF v5.5.3 soc/esp32c3/register/soc/uart_reg.h:850,
uart0,UART_FLOW_CONF,0x034,UART_SW_FLOW_CON_EN,0,1,RW,idf,0x0,0x0,0x0,R/W,IDF v5.5.3 soc/esp32c3/register/soc/uart_reg.h:889,
uart0,UART_FLOW_CONF,0x034,UART_XONOFF_DEL,1,1,RW,idf,0x0,0x0,0x0,R/W,IDF v5.5.3 soc/esp32c3/register/soc/uart_reg.h:883,
uart0,UART_FLOW_CONF,0x034,UART_FORCE_XON,2,1,RW,idf,0x0,0x0,0x0,R/W,IDF v5.5.3 soc/esp32c3/register/soc/uart_reg.h:877,
uart0,UART_FLOW_CONF,0x034,UART_FORCE_XOFF,3,1,RW,idf,0x0,0x0,0x0,R/W,IDF v5.5.3 soc/esp32c3/register/soc/uart_reg.h:871,
uart0,UART_FLOW_CONF,0x034,UART_SEND_XON,4,1,SC,UNVERIFIED,0x0,0x0,0x0,R/W/SS/SC,IDF v5.5.3 soc/esp32c3/register/soc/uart_reg.h:865,SS (hardware sets the field) is not modeled by the access type
uart0,UART_FLOW_CONF,0x034,UART_SEND_XOFF,5,1,SC,UNVERIFIED,0x0,0x0,0x0,R/W/SS/SC,IDF v5.5.3 soc/esp32c3/register/soc/uart_reg.h:859,SS (hardware sets the field) is not modeled by the access type
uart0,UART_SLEEP_CONF,0x038,UART_ACTIVE_THRESHOLD,0,10,RW,idf,0xF0,0xF0,0xF0,R/W,IDF v5.5.3 soc/esp32c3/register/soc/uart_reg.h:898,
uart0,UART_SWFC_CONF0,0x03C,UART_XOFF_THRESHOLD,0,9,RW,idf,0xE0,0xE0,0xE0,R/W,IDF v5.5.3 soc/esp32c3/register/soc/uart_reg.h:913,
uart0,UART_SWFC_CONF0,0x03C,UART_XOFF_CHAR,9,8,RW,idf,0x13,0x13,0x13,R/W,IDF v5.5.3 soc/esp32c3/register/soc/uart_reg.h:907,
uart0,UART_SWFC_CONF1,0x040,UART_XON_THRESHOLD,0,9,RW,idf,0x0,0x0,0x0,R/W,IDF v5.5.3 soc/esp32c3/register/soc/uart_reg.h:928,
uart0,UART_SWFC_CONF1,0x040,UART_XON_CHAR,9,8,RW,idf,0x11,0x11,0x11,R/W,IDF v5.5.3 soc/esp32c3/register/soc/uart_reg.h:922,
uart0,UART_TXBRK_CONF,0x044,UART_TX_BRK_NUM,0,8,RW,idf,0xA,0xA,0xA,R/W,IDF v5.5.3 soc/esp32c3/register/soc/uart_reg.h:937,
uart0,UART_IDLE_CONF,0x048,UART_RX_IDLE_THRHD,0,10,RW,idf,0x100,0x100,0x100,R/W,IDF v5.5.3 soc/esp32c3/register/soc/uart_reg.h:952,
uart0,UART_IDLE_CONF,0x048,UART_TX_IDLE_NUM,10,10,RW,idf,0x100,0x100,0x100,R/W,IDF v5.5.3 soc/esp32c3/register/soc/uart_reg.h:946,
uart0,UART_RS485_CONF,0x04C,UART_RS485_EN,0,1,RW,idf,0x0,0x0,0x0,R/W,IDF v5.5.3 soc/esp32c3/register/soc/uart_reg.h:998,
uart0,UART_RS485_CONF,0x04C,UART_DL0_EN,1,1,RW,idf,0x0,0x0,0x0,R/W,IDF v5.5.3 soc/esp32c3/register/soc/uart_reg.h:992,
uart0,UART_RS485_CONF,0x04C,UART_DL1_EN,2,1,RW,idf,0x0,0x0,0x0,R/W,IDF v5.5.3 soc/esp32c3/register/soc/uart_reg.h:986,
uart0,UART_RS485_CONF,0x04C,UART_RS485TX_RX_EN,3,1,RW,idf,0x0,0x0,0x0,R/W,IDF v5.5.3 soc/esp32c3/register/soc/uart_reg.h:979,
uart0,UART_RS485_CONF,0x04C,UART_RS485RXBY_TX_EN,4,1,RW,idf,0x0,0x0,0x0,R/W,IDF v5.5.3 soc/esp32c3/register/soc/uart_reg.h:973,
uart0,UART_RS485_CONF,0x04C,UART_RS485_RX_DLY_NUM,5,1,RW,idf,0x0,0x0,0x0,R/W,IDF v5.5.3 soc/esp32c3/register/soc/uart_reg.h:967,
uart0,UART_RS485_CONF,0x04C,UART_RS485_TX_DLY_NUM,6,4,RW,idf,0x0,0x0,0x0,R/W,IDF v5.5.3 soc/esp32c3/register/soc/uart_reg.h:961,
uart0,UART_AT_CMD_PRECNT,0x050,UART_PRE_IDLE_NUM,0,16,RW,idf,0x901,0x901,0x901,R/W,IDF v5.5.3 soc/esp32c3/register/soc/uart_reg.h:1006,
uart0,UART_AT_CMD_POSTCNT,0x054,UART_POST_IDLE_NUM,0,16,RW,idf,0x901,0x901,0x901,R/W,IDF v5.5.3 soc/esp32c3/register/soc/uart_reg.h:1015,
uart0,UART_AT_CMD_GAPTOUT,0x058,UART_RX_GAP_TOUT,0,16,RW,idf,0xB,0xB,0xB,R/W,IDF v5.5.3 soc/esp32c3/register/soc/uart_reg.h:1024,
uart0,UART_AT_CMD_CHAR,0x05C,UART_AT_CMD_CHAR,0,8,RW,idf,0x2B,0x2B,0x2B,R/W,IDF v5.5.3 soc/esp32c3/register/soc/uart_reg.h:1039,
uart0,UART_AT_CMD_CHAR,0x05C,UART_CHAR_NUM,8,8,RW,idf,0x3,0x3,0x3,R/W,IDF v5.5.3 soc/esp32c3/register/soc/uart_reg.h:1032,
uart0,UART_MEM_CONF,0x060,UART_RX_SIZE,1,3,RW,idf,0x1,0x1,0x1,R/W,IDF v5.5.3 soc/esp32c3/register/soc/uart_reg.h:1080,
uart0,UART_MEM_CONF,0x060,UART_TX_SIZE,4,3,RW,idf,0x1,0x1,0x1,R/W,IDF v5.5.3 soc/esp32c3/register/soc/uart_reg.h:1073,
uart0,UART_MEM_CONF,0x060,UART_RX_FLOW_THRHD,7,9,RW,idf,0x0,0x0,0x0,R/W,IDF v5.5.3 soc/esp32c3/register/soc/uart_reg.h:1066,
uart0,UART_MEM_CONF,0x060,UART_RX_TOUT_THRHD,16,10,RW,idf,0xA,0xA,0xA,R/W,IDF v5.5.3 soc/esp32c3/register/soc/uart_reg.h:1059,
uart0,UART_MEM_CONF,0x060,UART_MEM_FORCE_PD,26,1,RW,idf,0x0,0x0,0x0,R/W,IDF v5.5.3 soc/esp32c3/register/soc/uart_reg.h:1053,
uart0,UART_MEM_CONF,0x060,UART_MEM_FORCE_PU,27,1,RW,idf,0x0,0x0,0x0,R/W,IDF v5.5.3 soc/esp32c3/register/soc/uart_reg.h:1047,
uart0,UART_MEM_TX_STATUS,0x064,UART_APB_TX_WADDR,0,10,RO,idf,0x0,0x0,0x0,RO,IDF v5.5.3 soc/esp32c3/register/soc/uart_reg.h:1096,
uart0,UART_MEM_TX_STATUS,0x064,UART_TX_RADDR,11,10,RO,idf,0x0,0x0,0x0,RO,IDF v5.5.3 soc/esp32c3/register/soc/uart_reg.h:1089,
uart0,UART_MEM_RX_STATUS,0x068,UART_APB_RX_RADDR,0,10,RO,idf,0x100,0x100,0x100,RO,IDF v5.5.3 soc/esp32c3/register/soc/uart_reg.h:1112,
uart0,UART_MEM_RX_STATUS,0x068,UART_RX_WADDR,11,10,RO,idf,0x100,0x100,0x100,RO,IDF v5.5.3 soc/esp32c3/register/soc/uart_reg.h:1105,
uart0,UART_FSM_STATUS,0x06C,UART_ST_URX_OUT,0,4,RO,idf,0x0,0x0,0x0,RO,IDF v5.5.3 soc/esp32c3/register/soc/uart_reg.h:1127,
uart0,UART_FSM_STATUS,0x06C,UART_ST_UTX_OUT,4,4,RO,idf,0x0,0x0,0x0,RO,IDF v5.5.3 soc/esp32c3/register/soc/uart_reg.h:1121,
uart0,UART_POSPULSE,0x070,UART_POSEDGE_MIN_CNT,0,12,RO,idf,0xFFF,0xFFF,0xFFF,RO,IDF v5.5.3 soc/esp32c3/register/soc/uart_reg.h:1135,
uart0,UART_NEGPULSE,0x074,UART_NEGEDGE_MIN_CNT,0,12,RO,idf,0xFFF,0xFFF,0xFFF,RO,IDF v5.5.3 soc/esp32c3/register/soc/uart_reg.h:1144,
uart0,UART_CLK_CONF,0x078,UART_SCLK_DIV_B,0,6,RW,idf,0x0,0x0,0x0,R/W,IDF v5.5.3 soc/esp32c3/register/soc/uart_reg.h:1207,
uart0,UART_CLK_CONF,0x078,UART_SCLK_DIV_A,6,6,RW,idf,0x0,0x0,0x0,R/W,IDF v5.5.3 soc/esp32c3/register/soc/uart_reg.h:1201,
uart0,UART_CLK_CONF,0x078,UART_SCLK_DIV_NUM,12,8,RW,idf,0x1,0x1,0x1,R/W,IDF v5.5.3 soc/esp32c3/register/soc/uart_reg.h:1195,
uart0,UART_CLK_CONF,0x078,UART_SCLK_SEL,20,2,RW,idf,0x3,0x3,0x3,R/W,IDF v5.5.3 soc/esp32c3/register/soc/uart_reg.h:1189,
uart0,UART_CLK_CONF,0x078,UART_SCLK_EN,22,1,RW,idf,0x1,0x1,0x1,R/W,IDF v5.5.3 soc/esp32c3/register/soc/uart_reg.h:1183,
uart0,UART_CLK_CONF,0x078,UART_RST_CORE,23,1,RW,idf,0x0,0x0,0x0,R/W,IDF v5.5.3 soc/esp32c3/register/soc/uart_reg.h:1177,
uart0,UART_CLK_CONF,0x078,UART_TX_SCLK_EN,24,1,RW,idf,0x1,0x1,0x1,R/W,IDF v5.5.3 soc/esp32c3/register/soc/uart_reg.h:1171,
uart0,UART_CLK_CONF,0x078,UART_RX_SCLK_EN,25,1,RW,idf,0x1,0x1,0x1,R/W,IDF v5.5.3 soc/esp32c3/register/soc/uart_reg.h:1165,
uart0,UART_CLK_CONF,0x078,UART_TX_RST_CORE,26,1,RW,idf,0x0,0x0,0x0,R/W,IDF v5.5.3 soc/esp32c3/register/soc/uart_reg.h:1159,
uart0,UART_CLK_CONF,0x078,UART_RX_RST_CORE,27,1,RW,idf,0x0,0x0,0x0,R/W,IDF v5.5.3 soc/esp32c3/register/soc/uart_reg.h:1153,
uart0,UART_DATE,0x07C,UART_DATE,0,32,RW,idf,0x2008270,0x2008270,0x2008270,R/W,IDF v5.5.3 soc/esp32c3/register/soc/uart_reg.h:1215,
uart0,UART_ID,0x080,UART_ID,0,30,RW,idf,0x500,0x500,0x500,R/W,IDF v5.5.3 soc/esp32c3/register/soc/uart_reg.h:1237,
uart0,UART_ID,0x080,UART_HIGH_SPEED,30,1,RW,idf,0x1,0x1,0x1,R/W,IDF v5.5.3 soc/esp32c3/register/soc/uart_reg.h:1230,
uart0,UART_ID,0x080,UART_UPDATE,31,1,SC,idf,0x0,0x0,0x0,R/W/SC,IDF v5.5.3 soc/esp32c3/register/soc/uart_reg.h:1223,
spi1,SPI_MEM_CMD,0x000,SPI_MEM_MST_ST,0,4,RO,idf,0x0,0x0,0x0,RO,IDF v5.5.3 soc/esp32c3/register/soc/spi_mem_reg.h:127,
spi1,SPI_MEM_CMD,0x000,SPI_MEM_SLV_ST,4,4,RO,idf,0x0,0x0,0x0,RO,IDF v5.5.3 soc/esp32c3/register/soc/spi_mem_reg.h:120,
spi1,SPI_MEM_CMD,0x000,SPI_MEM_FLASH_PE,17,1,SC,idf,0x0,0x0,0x0,R/W/SC,IDF v5.5.3 soc/esp32c3/register/soc/spi_mem_reg.h:113,
spi1,SPI_MEM_CMD,0x000,SPI_MEM_USR,18,1,SC,idf,0x0,0x0,0x0,R/W/SC,IDF v5.5.3 soc/esp32c3/register/soc/spi_mem_reg.h:106,
spi1,SPI_MEM_CMD,0x000,SPI_MEM_FLASH_HPM,19,1,SC,idf,0x0,0x0,0x0,R/W/SC,IDF v5.5.3 soc/esp32c3/register/soc/spi_mem_reg.h:99,
spi1,SPI_MEM_CMD,0x000,SPI_MEM_FLASH_RES,20,1,SC,idf,0x0,0x0,0x0,R/W/SC,IDF v5.5.3 soc/esp32c3/register/soc/spi_mem_reg.h:92,
spi1,SPI_MEM_CMD,0x000,SPI_MEM_FLASH_DP,21,1,SC,idf,0x0,0x0,0x0,R/W/SC,IDF v5.5.3 soc/esp32c3/register/soc/spi_mem_reg.h:85,
spi1,SPI_MEM_CMD,0x000,SPI_MEM_FLASH_CE,22,1,SC,idf,0x0,0x0,0x0,R/W/SC,IDF v5.5.3 soc/esp32c3/register/soc/spi_mem_reg.h:78,
spi1,SPI_MEM_CMD,0x000,SPI_MEM_FLASH_BE,23,1,SC,idf,0x0,0x0,0x0,R/W/SC,IDF v5.5.3 soc/esp32c3/register/soc/spi_mem_reg.h:71,
spi1,SPI_MEM_CMD,0x000,SPI_MEM_FLASH_SE,24,1,SC,idf,0x0,0x0,0x0,R/W/SC,IDF v5.5.3 soc/esp32c3/register/soc/spi_mem_reg.h:64,
spi1,SPI_MEM_CMD,0x000,SPI_MEM_FLASH_PP,25,1,SC,idf,0x0,0x0,0x0,R/W/SC,IDF v5.5.3 soc/esp32c3/register/soc/spi_mem_reg.h:57,
spi1,SPI_MEM_CMD,0x000,SPI_MEM_FLASH_WRSR,26,1,SC,idf,0x0,0x0,0x0,R/W/SC,IDF v5.5.3 soc/esp32c3/register/soc/spi_mem_reg.h:50,
spi1,SPI_MEM_CMD,0x000,SPI_MEM_FLASH_RDSR,27,1,SC,idf,0x0,0x0,0x0,R/W/SC,IDF v5.5.3 soc/esp32c3/register/soc/spi_mem_reg.h:43,
spi1,SPI_MEM_CMD,0x000,SPI_MEM_FLASH_RDID,28,1,SC,idf,0x0,0x0,0x0,R/W/SC,IDF v5.5.3 soc/esp32c3/register/soc/spi_mem_reg.h:36,
spi1,SPI_MEM_CMD,0x000,SPI_MEM_FLASH_WRDI,29,1,SC,idf,0x0,0x0,0x0,R/W/SC,IDF v5.5.3 soc/esp32c3/register/soc/spi_mem_reg.h:29,
spi1,SPI_MEM_CMD,0x000,SPI_MEM_FLASH_WREN,30,1,SC,idf,0x0,0x0,0x0,R/W/SC,IDF v5.5.3 soc/esp32c3/register/soc/spi_mem_reg.h:22,
spi1,SPI_MEM_CMD,0x000,SPI_MEM_FLASH_READ,31,1,SC,idf,0x0,0x0,0x0,R/W/SC,IDF v5.5.3 soc/esp32c3/register/soc/spi_mem_reg.h:15,
spi1,SPI_MEM_ADDR,0x004,SPI_MEM_USR_ADDR_VALUE,0,32,RW,idf,0x0,0x0,0x0,R/W,IDF v5.5.3 soc/esp32c3/register/soc/spi_mem_reg.h:135,
spi1,SPI_MEM_CTRL,0x008,SPI_MEM_FDUMMY_OUT,3,1,RW,idf,0x0,0x0,0x0,R/W,IDF v5.5.3 soc/esp32c3/register/soc/spi_mem_reg.h:235,
spi1,SPI_MEM_CTRL,0x008,SPI_MEM_FCMD_DUAL,7,1,RW,idf,0x0,0x0,0x0,R/W,IDF v5.5.3 soc/esp32c3/register/soc/spi_mem_reg.h:229,
spi1,SPI_MEM_CTRL,0x008,SPI_MEM_FCMD_QUAD,8,1,RW,idf,0x0,0x0,0x0,R/W,IDF v5.5.3 soc/esp32c3/register/soc/spi_mem_reg.h:223,
spi1,SPI_MEM_CTRL,0x008,SPI_MEM_FCS_CRC_EN,10,1,RW,idf,0x0,0x0,0x0,R/W,IDF v5.5.3 soc/esp32c3/register/soc/spi_mem_reg.h:216,
spi1,SPI_MEM_CTRL,0x008,SPI_MEM_TX_CRC_EN,11,1,RW,idf,0x0,0x0,0x0,R/W,IDF v5.5.3 soc/esp32c3/register/soc/spi_mem_reg.h:209,
spi1,SPI_MEM_CTRL,0x008,SPI_MEM_FASTRD_MODE,13,1,RW,idf,0x1,0x1,0x1,R/W,IDF v5.5.3 soc/esp32c3/register/soc/spi_mem_reg.h:202,
spi1,SPI_MEM_CTRL,0x008,SPI_MEM_FREAD_DUAL,14,1,RW,idf,0x0,0x0,0x0,R/W,IDF v5.5.3 soc/esp32c3/register/soc/spi_mem_reg.h:196,
spi1,SPI_MEM_CTRL,0x008,SPI_MEM_RESANDRES,15,1,RW,idf,0x1,0x1,0x1,R/W,IDF v5.5.3 soc/esp32c3/register/soc/spi_mem_reg.h:189,
spi1,SPI_MEM_CTRL,0x008,SPI_MEM_Q_POL,18,1,RW,idf,0x1,0x1,0x1,R/W,IDF v5.5.3 soc/esp32c3/register/soc/spi_mem_reg.h:183,
spi1,SPI_MEM_CTRL,0x008,SPI_MEM_D_POL,19,1,RW,idf,0x1,0x1,0x1,R/W,IDF v5.5.3 soc/esp32c3/register/soc/spi_mem_reg.h:177,
spi1,SPI_MEM_CTRL,0x008,SPI_MEM_FREAD_QUAD,20,1,RW,idf,0x0,0x0,0x0,R/W,IDF v5.5.3 soc/esp32c3/register/soc/spi_mem_reg.h:171,
spi1,SPI_MEM_CTRL,0x008,SPI_MEM_WP_REG,21,1,RW,idf,0x1,0x1,0x1,R/W,IDF v5.5.3 soc/esp32c3/register/soc/spi_mem_reg.h:165,
spi1,SPI_MEM_CTRL,0x008,SPI_MEM_WRSR_2B,22,1,RW,idf,0x0,0x0,0x0,R/W,IDF v5.5.3 soc/esp32c3/register/soc/spi_mem_reg.h:158,
spi1,SPI_MEM_CTRL,0x008,SPI_MEM_FREAD_DIO,23,1,RW,idf,0x0,0x0,0x0,R/W,IDF v5.5.3 soc/esp32c3/register/soc/spi_mem_reg.h:151,
spi1,SPI_MEM_CTRL,0x008,SPI_MEM_FREAD_QIO,24,1,RW,idf,0x0,0x0,0x0,R/W,IDF v5.5.3 soc/esp32c3/register/soc/spi_mem_reg.h:144,
spi1,SPI_MEM_CTRL1,0x00C,SPI_MEM_CLK_MODE,0,2,RW,idf,0x0,0x0,0x0,R/W,IDF v5.5.3 soc/esp32c3/register/soc/spi_mem_reg.h:263,
spi1,SPI_MEM_CTRL1,0x00C,SPI_MEM_CS_HOLD_DLY_RES,2,10,RW,idf,0x3FF,0x3FF,0x3FF,R/W,IDF v5.5.3 soc/esp32c3/register/soc/spi_mem_reg.h:256,
spi1,SPI_MEM_CTRL1,0x00C,SPI_MEM_RXFIFO_RST,30,1,WT,idf,0x0,0x0,0x0,WT,IDF v5.5.3 soc/esp32c3/register/soc/spi_mem_reg.h:250,
spi1,SPI_MEM_CTRL1,0x00C,SPI_MEM_RXFIFO_WFULL_ERR,31,1,RO,idf,0x0,0x0,0x0,RO,IDF v5.5.3 soc/esp32c3/register/soc/spi_mem_reg.h:243,
spi1,SPI_MEM_CTRL2,0x010,SPI_MEM_CS_SETUP_TIME,0,5,RW,idf,0x1,0x1,0x1,R/W,IDF v5.5.3 soc/esp32c3/register/soc/spi_mem_reg.h:292,
spi1,SPI_MEM_CTRL2,0x010,SPI_MEM_CS_HOLD_TIME,5,5,RW,idf,0x1,0x1,0x1,R/W,IDF v5.5.3 soc/esp32c3/register/soc/spi_mem_reg.h:285,
spi1,SPI_MEM_CTRL2,0x010,SPI_MEM_CS_HOLD_DELAY,25,6,RW,idf,0x0,0x0,0x0,R/W,IDF v5.5.3 soc/esp32c3/register/soc/spi_mem_reg.h:278,
spi1,SPI_MEM_CTRL2,0x010,SPI_MEM_SYNC_RESET,31,1,WT,idf,0x0,0x0,0x0,WT,IDF v5.5.3 soc/esp32c3/register/soc/spi_mem_reg.h:272,
spi1,SPI_MEM_CLOCK,0x014,SPI_MEM_CLKCNT_L,0,8,RW,idf,0x3,0x3,0x3,R/W,IDF v5.5.3 soc/esp32c3/register/soc/spi_mem_reg.h:320,
spi1,SPI_MEM_CLOCK,0x014,SPI_MEM_CLKCNT_H,8,8,RW,idf,0x1,0x1,0x1,R/W,IDF v5.5.3 soc/esp32c3/register/soc/spi_mem_reg.h:314,
spi1,SPI_MEM_CLOCK,0x014,SPI_MEM_CLKCNT_N,16,8,RW,idf,0x3,0x3,0x3,R/W,IDF v5.5.3 soc/esp32c3/register/soc/spi_mem_reg.h:307,
spi1,SPI_MEM_CLOCK,0x014,SPI_MEM_CLK_EQU_SYSCLK,31,1,RW,idf,0x0,0x0,0x0,R/W,IDF v5.5.3 soc/esp32c3/register/soc/spi_mem_reg.h:301,
spi1,SPI_MEM_USER,0x018,SPI_MEM_CS_HOLD,6,1,RW,idf,0x0,0x0,0x0,R/W,IDF v5.5.3 soc/esp32c3/register/soc/spi_mem_reg.h:415,
spi1,SPI_MEM_USER,0x018,SPI_MEM_CS_SETUP,7,1,RW,idf,0x0,0x0,0x0,R/W,IDF v5.5.3 soc/esp32c3/register/soc/spi_mem_reg.h:409,
spi1,SPI_MEM_USER,0x018,SPI_MEM_CK_OUT_EDGE,9,1,RW,idf,0x0,0x0,0x0,R/W,IDF v5.5.3 soc/esp32c3/register/soc/spi_mem_reg.h:402,
spi1,SPI_MEM_USER,0x018,SPI_MEM_FWRITE_DUAL,12,1,RW,idf,0x0,0x0,0x0,R/W,IDF v5.5.3 soc/esp32c3/register/soc/spi_mem_reg.h:396,
spi1,SPI_MEM_USER,0x018,SPI_MEM_FWRITE_QUAD,13,1,RW,idf,0x0,0x0,0x0,R/W,IDF v5.5.3 soc/esp32c3/register/soc/spi_mem_reg.h:390,
spi1,SPI_MEM_USER,0x018,SPI_MEM_FWRITE_DIO,14,1,RW,idf,0x0,0x0,0x0,R/W,IDF v5.5.3 soc/esp32c3/register/soc/spi_mem_reg.h:384,
spi1,SPI_MEM_USER,0x018,SPI_MEM_FWRITE_QIO,15,1,RW,idf,0x0,0x0,0x0,R/W,IDF v5.5.3 soc/esp32c3/register/soc/spi_mem_reg.h:378,
spi1,SPI_MEM_USER,0x018,SPI_MEM_USR_MISO_HIGHPART,24,1,RW,idf,0x0,0x0,0x0,R/W,IDF v5.5.3 soc/esp32c3/register/soc/spi_mem_reg.h:371,
spi1,SPI_MEM_USER,0x018,SPI_MEM_USR_MOSI_HIGHPART,25,1,RW,idf,0x0,0x0,0x0,R/W,IDF v5.5.3 soc/esp32c3/register/soc/spi_mem_reg.h:364,
spi1,SPI_MEM_USER,0x018,SPI_MEM_USR_DUMMY_IDLE,26,1,RW,idf,0x0,0x0,0x0,R/W,IDF v5.5.3 soc/esp32c3/register/soc/spi_mem_reg.h:358,
spi1,SPI_MEM_USER,0x018,SPI_MEM_USR_MOSI,27,1,RW,idf,0x0,0x0,0x0,R/W,IDF v5.5.3 soc/esp32c3/register/soc/spi_mem_reg.h:352,
spi1,SPI_MEM_USER,0x018,SPI_MEM_USR_MISO,28,1,RW,idf,0x0,0x0,0x0,R/W,IDF v5.5.3 soc/esp32c3/register/soc/spi_mem_reg.h:346,
spi1,SPI_MEM_USER,0x018,SPI_MEM_USR_DUMMY,29,1,RW,idf,0x0,0x0,0x0,R/W,IDF v5.5.3 soc/esp32c3/register/soc/spi_mem_reg.h:340,
spi1,SPI_MEM_USER,0x018,SPI_MEM_USR_ADDR,30,1,RW,idf,0x0,0x0,0x0,R/W,IDF v5.5.3 soc/esp32c3/register/soc/spi_mem_reg.h:334,
spi1,SPI_MEM_USER,0x018,SPI_MEM_USR_COMMAND,31,1,RW,idf,0x1,0x1,0x1,R/W,IDF v5.5.3 soc/esp32c3/register/soc/spi_mem_reg.h:328,
spi1,SPI_MEM_USER1,0x01C,SPI_MEM_USR_DUMMY_CYCLELEN,0,6,RW,idf,0x7,0x7,0x7,R/W,IDF v5.5.3 soc/esp32c3/register/soc/spi_mem_reg.h:429,
spi1,SPI_MEM_USER1,0x01C,SPI_MEM_USR_ADDR_BITLEN,26,6,RW,idf,0x17,0x17,0x17,R/W,IDF v5.5.3 soc/esp32c3/register/soc/spi_mem_reg.h:423,
spi1,SPI_MEM_USER2,0x020,SPI_MEM_USR_COMMAND_VALUE,0,16,RW,idf,0x0,0x0,0x0,R/W,IDF v5.5.3 soc/esp32c3/register/soc/spi_mem_reg.h:444,
spi1,SPI_MEM_USER2,0x020,SPI_MEM_USR_COMMAND_BITLEN,28,4,RW,idf,0x7,0x7,0x7,R/W,IDF v5.5.3 soc/esp32c3/register/soc/spi_mem_reg.h:438,
spi1,SPI_MEM_MOSI_DLEN,0x024,SPI_MEM_USR_MOSI_DBITLEN,0,10,RW,idf,0x0,0x0,0x0,R/W,IDF v5.5.3 soc/esp32c3/register/soc/spi_mem_reg.h:452,
spi1,SPI_MEM_MISO_DLEN,0x028,SPI_MEM_USR_MISO_DBITLEN,0,10,RW,idf,0x0,0x0,0x0,R/W,IDF v5.5.3 soc/esp32c3/register/soc/spi_mem_reg.h:460,
spi1,SPI_MEM_RD_STATUS,0x02C,SPI_MEM_STATUS,0,16,RW,UNVERIFIED,0x0,0x0,0x0,R/W/SS,IDF v5.5.3 soc/esp32c3/register/soc/spi_mem_reg.h:475,SS (hardware sets the field) is not modeled by the access type
spi1,SPI_MEM_RD_STATUS,0x02C,SPI_MEM_WB_MODE,16,8,RW,idf,0x0,0x0,0x0,R/W,IDF v5.5.3 soc/esp32c3/register/soc/spi_mem_reg.h:468,
spi1,SPI_MEM_MISC,0x034,SPI_MEM_CS0_DIS,0,1,RW,idf,0x0,0x0,0x0,R/W,IDF v5.5.3 soc/esp32c3/register/soc/spi_mem_reg.h:535,
spi1,SPI_MEM_MISC,0x034,SPI_MEM_CS1_DIS,1,1,RW,idf,0x1,0x1,0x1,R/W,IDF v5.5.3 soc/esp32c3/register/soc/spi_mem_reg.h:528,
spi1,SPI_MEM_MISC,0x034,SPI_MEM_TRANS_END_INT_ENA,2,1,RW,idf,0x0,0x0,0x0,R/W,IDF v5.5.3 soc/esp32c3/register/soc/spi_mem_reg.h:521,
spi1,SPI_MEM_MISC,0x034,SPI_MEM_CSPI_ST_TRANS_END,3,1,RW,UNVERIFIED,0x0,0x0,0x0,R/W/SS,IDF v5.5.3 soc/esp32c3/register/soc/spi_mem_reg.h:515,SS (hardware sets the field) is not modeled by the access type
spi1,SPI_MEM_MISC,0x034,SPI_MEM_CSPI_ST_TRANS_END_INT_ENA,4,1,RW,idf,0x0,0x0,0x0,R/W,IDF v5.5.3 soc/esp32c3/register/soc/spi_mem_reg.h:508,
spi1,SPI_MEM_MISC,0x034,SPI_MEM_SLV_ST_TRANS_END,5,1,RW,UNVERIFIED,0x0,0x0,0x0,R/W/SS,IDF v5.5.3 soc/esp32c3/register/soc/spi_mem_reg.h:502,SS (hardware sets the field) is not modeled by the access type
spi1,SPI_MEM_MISC,0x034,SPI_MEM_SLV_ST_TRANS_END_INT_ENA,6,1,RW,idf,0x0,0x0,0x0,R/W,IDF v5.5.3 soc/esp32c3/register/soc/spi_mem_reg.h:495,
spi1,SPI_MEM_MISC,0x034,SPI_MEM_CK_IDLE_EDGE,9,1,RW,idf,0x0,0x0,0x0,R/W,IDF v5.5.3 soc/esp32c3/register/soc/spi_mem_reg.h:489,
spi1,SPI_MEM_MISC,0x034,SPI_MEM_CS_KEEP_ACTIVE,10,1,RW,idf,0x0,0x0,0x0,R/W,IDF v5.5.3 soc/esp32c3/register/soc/spi_mem_reg.h:483,
spi1,SPI_MEM_TX_CRC,0x038,SPI_MEM_TX_CRC_DATA,0,32,RO,idf,0xFFFFFFFF,0xFFFFFFFF,0xFFFFFFFF,RO,IDF v5.5.3 soc/esp32c3/register/soc/spi_mem_reg.h:544,
spi1,SPI_MEM_CACHE_FCTRL,0x03C,SPI_MEM_CACHE_REQ_EN,0,1,RW,idf,0x0,0x0,0x0,R/W,IDF v5.5.3 soc/esp32c3/register/soc/spi_mem_reg.h:606,
spi1,SPI_MEM_CACHE_FCTRL,0x03C,SPI_MEM_CACHE_USR_ADDR_4BYTE,1,1,RW,idf,0x0,0x0,0x0,R/W,IDF v5.5.3 soc/esp32c3/register/soc/spi_mem_reg.h:600,
spi1,SPI_MEM_CACHE_FCTRL,0x03C,SPI_MEM_CACHE_FLASH_USR_CMD,2,1,RW,idf,0x0,0x0,0x0,R/W,IDF v5.5.3 soc/esp32c3/register/soc/spi_mem_reg.h:594,
spi1,SPI_MEM_CACHE_FCTRL,0x03C,SPI_MEM_FDIN_DUAL,3,1,RW,idf,0x0,0x0,0x0,R/W,IDF v5.5.3 soc/esp32c3/register/soc/spi_mem_reg.h:587,
spi1,SPI_MEM_CACHE_FCTRL,0x03C,SPI_MEM_FDOUT_DUAL,4,1,RW,idf,0x0,0x0,0x0,R/W,IDF v5.5.3 soc/esp32c3/register/soc/spi_mem_reg.h:580,
spi1,SPI_MEM_CACHE_FCTRL,0x03C,SPI_MEM_FADDR_DUAL,5,1,RW,idf,0x0,0x0,0x0,R/W,IDF v5.5.3 soc/esp32c3/register/soc/spi_mem_reg.h:573,
spi1,SPI_MEM_CACHE_FCTRL,0x03C,SPI_MEM_FDIN_QUAD,6,1,RW,idf,0x0,0x0,0x0,R/W,IDF v5.5.3 soc/esp32c3/register/soc/spi_mem_reg.h:566,
spi1,SPI_MEM_CACHE_FCTRL,0x03C,SPI_MEM_FDOUT_QUAD,7,1,RW,idf,0x0,0x0,0x0,R/W,IDF v5.5.3 soc/esp32c3/register/soc/spi_mem_reg.h:559,
spi1,SPI_MEM_CACHE_FCTRL,0x03C,SPI_MEM_FADDR_QUAD,8,1,RW,idf,0x0,0x0,0x0,R/W,IDF v5.5.3 soc/esp32c3/register/soc/spi_mem_reg.h:552,
spi1,SPI_MEM_FSM,0x054,SPI_MEM_CSPI_ST,0,4,RO,idf,0x0,0x0,0x0,RO,IDF v5.5.3 soc/esp32c3/register/soc/spi_mem_reg.h:627,
spi1,SPI_MEM_FSM,0x054,SPI_MEM_EM_ST,4,3,RO,idf,0x0,0x0,0x0,RO,IDF v5.5.3 soc/esp32c3/register/soc/spi_mem_reg.h:620,
spi1,SPI_MEM_FSM,0x054,SPI_MEM_CSPI_LOCK_DELAY_TIME,7,5,RW,idf,0x4,0x4,0x4,R/W,IDF v5.5.3 soc/esp32c3/register/soc/spi_mem_reg.h:614,
spi1,SPI_MEM_W0,0x058,SPI_MEM_BUF0,0,32,RW,UNVERIFIED,0x0,0x0,0x0,R/W/SS,IDF v5.5.3 soc/esp32c3/register/soc/spi_mem_reg.h:636,SS (hardware sets the field) is not modeled by the access type
spi1,SPI_MEM_W1,0x05C,SPI_MEM_BUF1,0,32,RW,UNVERIFIED,0x0,0x0,0x0,R/W/SS,IDF v5.5.3 soc/esp32c3/register/soc/spi_mem_reg.h:644,SS (hardware sets the field) is not modeled by the access type
spi1,SPI_MEM_W2,0x060,SPI_MEM_BUF2,0,32,RW,UNVERIFIED,0x0,0x0,0x0,R/W/SS,IDF v5.5.3 soc/esp32c3/register/soc/spi_mem_reg.h:652,SS (hardware sets the field) is not modeled by the access type
spi1,SPI_MEM_W3,0x064,SPI_MEM_BUF3,0,32,RW,UNVERIFIED,0x0,0x0,0x0,R/W/SS,IDF v5.5.3 soc/esp32c3/register/soc/spi_mem_reg.h:660,SS (hardware sets the field) is not modeled by the access type
spi1,SPI_MEM_W4,0x068,SPI_MEM_BUF4,0,32,RW,UNVERIFIED,0x0,0x0,0x0,R/W/SS,IDF v5.5.3 soc/esp32c3/register/soc/spi_mem_reg.h:668,SS (hardware sets the field) is not modeled by the access type
spi1,SPI_MEM_W5,0x06C,SPI_MEM_BUF5,0,32,RW,UNVERIFIED,0x0,0x0,0x0,R/W/SS,IDF v5.5.3 soc/esp32c3/register/soc/spi_mem_reg.h:676,SS (hardware sets the field) is not modeled by the access type
spi1,SPI_MEM_W6,0x070,SPI_MEM_BUF6,0,32,RW,UNVERIFIED,0x0,0x0,0x0,R/W/SS,IDF v5.5.3 soc/esp32c3/register/soc/spi_mem_reg.h:684,SS (hardware sets the field) is not modeled by the access type
spi1,SPI_MEM_W7,0x074,SPI_MEM_BUF7,0,32,RW,UNVERIFIED,0x0,0x0,0x0,R/W/SS,IDF v5.5.3 soc/esp32c3/register/soc/spi_mem_reg.h:692,SS (hardware sets the field) is not modeled by the access type
spi1,SPI_MEM_W8,0x078,SPI_MEM_BUF8,0,32,RW,UNVERIFIED,0x0,0x0,0x0,R/W/SS,IDF v5.5.3 soc/esp32c3/register/soc/spi_mem_reg.h:700,SS (hardware sets the field) is not modeled by the access type
spi1,SPI_MEM_W9,0x07C,SPI_MEM_BUF9,0,32,RW,UNVERIFIED,0x0,0x0,0x0,R/W/SS,IDF v5.5.3 soc/esp32c3/register/soc/spi_mem_reg.h:708,SS (hardware sets the field) is not modeled by the access type
spi1,SPI_MEM_W10,0x080,SPI_MEM_BUF10,0,32,RW,UNVERIFIED,0x0,0x0,0x0,R/W/SS,IDF v5.5.3 soc/esp32c3/register/soc/spi_mem_reg.h:716,SS (hardware sets the field) is not modeled by the access type
spi1,SPI_MEM_W11,0x084,SPI_MEM_BUF11,0,32,RW,UNVERIFIED,0x0,0x0,0x0,R/W/SS,IDF v5.5.3 soc/esp32c3/register/soc/spi_mem_reg.h:724,SS (hardware sets the field) is not modeled by the access type
spi1,SPI_MEM_W12,0x088,SPI_MEM_BUF12,0,32,RW,UNVERIFIED,0x0,0x0,0x0,R/W/SS,IDF v5.5.3 soc/esp32c3/register/soc/spi_mem_reg.h:732,SS (hardware sets the field) is not modeled by the access type
spi1,SPI_MEM_W13,0x08C,SPI_MEM_BUF13,0,32,RW,UNVERIFIED,0x0,0x0,0x0,R/W/SS,IDF v5.5.3 soc/esp32c3/register/soc/spi_mem_reg.h:740,SS (hardware sets the field) is not modeled by the access type
spi1,SPI_MEM_W14,0x090,SPI_MEM_BUF14,0,32,RW,UNVERIFIED,0x0,0x0,0x0,R/W/SS,IDF v5.5.3 soc/esp32c3/register/soc/spi_mem_reg.h:748,SS (hardware sets the field) is not modeled by the access type
spi1,SPI_MEM_W15,0x094,SPI_MEM_BUF15,0,32,RW,UNVERIFIED,0x0,0x0,0x0,R/W/SS,IDF v5.5.3 soc/esp32c3/register/soc/spi_mem_reg.h:756,SS (hardware sets the field) is not modeled by the access type
spi1,SPI_MEM_FLASH_WAITI_CTRL,0x098,SPI_MEM_WAITI_DUMMY,1,1,RW,idf,0x0,0x0,0x0,R/W,IDF v5.5.3 soc/esp32c3/register/soc/spi_mem_reg.h:776,
spi1,SPI_MEM_FLASH_WAITI_CTRL,0x098,SPI_MEM_WAITI_CMD,2,8,RW,idf,0x5,0x5,0x5,R/W,IDF v5.5.3 soc/esp32c3/register/soc/spi_mem_reg.h:770,
spi1,SPI_MEM_FLASH_WAITI_CTRL,0x098,SPI_MEM_WAITI_DUMMY_CYCLELEN,10,6,RW,idf,0x0,0x0,0x0,R/W,IDF v5.5.3 soc/esp32c3/register/soc/spi_mem_reg.h:764,
spi1,SPI_MEM_FLASH_SUS_CTRL,0x09C,SPI_MEM_FLASH_PER,0,1,SC,idf,0x0,0x0,0x0,R/W/SC,IDF v5.5.3 soc/esp32c3/register/soc/spi_mem_reg.h:853,
spi1,SPI_MEM_FLASH_SUS_CTRL,0x09C,SPI_MEM_FLASH_PES,1,1,SC,idf,0x0,0x0,0x0,R/W/SC,IDF v5.5.3 soc/esp32c3/register/soc/spi_mem_reg.h:846,
spi1,SPI_MEM_FLASH_SUS_CTRL,0x09C,SPI_MEM_FLASH_PER_WAIT_EN,2,1,RW,idf,0x0,0x0,0x0,R/W,IDF v5.5.3 soc/esp32c3/register/soc/spi_mem_reg.h:839,
spi1,SPI_MEM_FLASH_SUS_CTRL,0x09C,SPI_MEM_FLASH_PES_WAIT_EN,3,1,RW,idf,0x0,0x0,0x0,R/W,IDF v5.5.3 soc/esp32c3/register/soc/spi_mem_reg.h:832,
spi1,SPI_MEM_FLASH_SUS_CTRL,0x09C,SPI_MEM_PES_PER_EN,4,1,RW,idf,0x0,0x0,0x0,R/W,IDF v5.5.3 soc/esp32c3/register/soc/spi_mem_reg.h:825,
spi1,SPI_MEM_FLASH_SUS_CTRL,0x09C,SPI_MEM_FLASH_PES_EN,5,1,RW,idf,0x0,0x0,0x0,R/W,IDF v5.5.3 soc/esp32c3/register/soc/spi_mem_reg.h:819,
spi1,SPI_MEM_FLASH_SUS_CTRL,0x09C,SPI_MEM_PESR_END_MSK,6,16,RW,idf,0x80,0x80,0x80,R/W,IDF v5.5.3 soc/esp32c3/register/soc/spi_mem_reg.h:812,
spi1,SPI_MEM_FLASH_SUS_CTRL,0x09C,SPI_MEM_FMEM_RD_SUS_2B,22,1,RW,idf,0x0,0x0,0x0,R/W,IDF v5.5.3 soc/esp32c3/register/soc/spi_mem_reg.h:805,
spi1,SPI_MEM_FLASH_SUS_CTRL,0x09C,SPI_MEM_PER_END_EN,23,1,RW,idf,0x0,0x0,0x0,R/W,IDF v5.5.3 soc/esp32c3/register/soc/spi_mem_reg.h:798,
spi1,SPI_MEM_FLASH_SUS_CTRL,0x09C,SPI_MEM_PES_END_EN,24,1,RW,idf,0x0,0x0,0x0,R/W,IDF v5.5.3 soc/esp32c3/register/soc/spi_mem_reg.h:791,
spi1,SPI_MEM_FLASH_SUS_CTRL,0x09C,SPI_MEM_SUS_TIMEOUT_CNT,25,7,RW,idf,0x4,0x4,0x4,R/W,IDF v5.5.3 soc/esp32c3/register/soc/spi_mem_reg.h:784,
spi1,SPI_MEM_FLASH_SUS_CMD,0x0A0,SPI_MEM_FLASH_PER_COMMAND,0,8,RW,idf,0x7A,0x7A,0x7A,R/W,IDF v5.5.3 soc/esp32c3/register/soc/spi_mem_reg.h:875,
spi1,SPI_MEM_FLASH_SUS_CMD,0x0A0,SPI_MEM_FLASH_PES_COMMAND,8,8,RW,idf,0x75,0x75,0x75,R/W,IDF v5.5.3 soc/esp32c3/register/soc/spi_mem_reg.h:869,
spi1,SPI_MEM_FLASH_SUS_CMD,0x0A0,SPI_MEM_WAIT_PESR_COMMAND,16,16,RW,idf,0x5,0x5,0x5,R/W,IDF v5.5.3 soc/esp32c3/register/soc/spi_mem_reg.h:862,
spi1,SPI_MEM_SUS_STATUS,0x0A4,SPI_MEM_FLASH_SUS,0,1,SC,UNVERIFIED,0x0,0x0,0x0,R/W/SS/SC,IDF v5.5.3 soc/esp32c3/register/soc/spi_mem_reg.h:931,SS (hardware sets the field) is not modeled by the access type
spi1,SPI_MEM_SUS_STATUS,0x0A4,SPI_MEM_WAIT_PESR_CMD_2B,1,1,RW,idf,0x0,0x0,0x0,R/W,IDF v5.5.3 soc/esp32c3/register/soc/spi_mem_reg.h:924,
spi1,SPI_MEM_SUS_STATUS,0x0A4,SPI_MEM_FLASH_HPM_DLY_128,2,1,RW,idf,0x0,0x0,0x0,R/W,IDF v5.5.3 soc/esp32c3/register/soc/spi_mem_reg.h:917,
spi1,SPI_MEM_SUS_STATUS,0x0A4,SPI_MEM_FLASH_RES_DLY_128,3,1,RW,idf,0x0,0x0,0x0,R/W,IDF v5.5.3 soc/esp32c3/register/soc/spi_mem_reg.h:910,
spi1,SPI_MEM_SUS_STATUS,0x0A4,SPI_MEM_FLASH_DP_DLY_128,4,1,RW,idf,0x0,0x0,0x0,R/W,IDF v5.5.3 soc/esp32c3/register/soc/spi_mem_reg.h:903,
spi1,SPI_MEM_SUS_STATUS,0x0A4,SPI_MEM_FLASH_PER_DLY_128,5,1,RW,idf,0x0,0x0,0x0,R/W,IDF v5.5.3 soc/esp32c3/register/soc/spi_mem_reg.h:896,
spi1,SPI_MEM_SUS_STATUS,0x0A4,SPI_MEM_FLASH_PES_DLY_128,6,1,RW,idf,0x0,0x0,0x0,R/W,IDF v5.5.3 soc/esp32c3/register/soc/spi_mem_reg.h:889,
spi1,SPI_MEM_SUS_STATUS,0x0A4,SPI_MEM_SPI0_LOCK_EN,7,1,RW,idf,0x0,0x0,0x0,R/W,IDF v5.5.3 soc/esp32c3/register/soc/spi_mem_reg.h:883,
spi1,SPI_MEM_TIMING_CALI,0x0A8,SPI_MEM_TIMING_CLK_ENA,0,1,RW,idf,0x1,0x1,0x1,R/W,IDF v5.5.3 soc/esp32c3/register/soc/spi_mem_reg.h:951,
spi1,SPI_MEM_TIMING_CALI,0x0A8,SPI_MEM_TIMING_CALI,1,1,RW,idf,0x0,0x0,0x0,R/W,IDF v5.5.3 soc/esp32c3/register/soc/spi_mem_reg.h:945,
spi1,SPI_MEM_TIMING_CALI,0x0A8,SPI_MEM_EXTRA_DUMMY_CYCLELEN,2,3,RW,idf,0x0,0x0,0x0,R/W,IDF v5.5.3 soc/esp32c3/register/soc/spi_mem_reg.h:939,
spi1,SPI_MEM_DIN_MODE,0x0AC,SPI_MEM_DIN0_MODE,0,2,RW,idf,0x0,0x0,0x0,R/W,IDF v5.5.3 soc/esp32c3/register/soc/spi_mem_reg.h:980,
spi1,SPI_MEM_DIN_MODE,0x0AC,SPI_MEM_DIN1_MODE,2,2,RW,idf,0x0,0x0,0x0,R/W,IDF v5.5.3 soc/esp32c3/register/soc/spi_mem_reg.h:973,
spi1,SPI_MEM_DIN_MODE,0x0AC,SPI_MEM_DIN2_MODE,4,2,RW,idf,0x0,0x0,0x0,R/W,IDF v5.5.3 soc/esp32c3/register/soc/spi_mem_reg.h:966,
spi1,SPI_MEM_DIN_MODE,0x0AC,SPI_MEM_DIN3_MODE,6,2,RW,idf,0x0,0x0,0x0,R/W,IDF v5.5.3 soc/esp32c3/register/soc/spi_mem_reg.h:959,
spi1,SPI_MEM_DIN_NUM,0x0B0,SPI_MEM_DIN0_NUM,0,2,RW,idf,0x0,0x0,0x0,R/W,IDF v5.5.3 soc/esp32c3/register/soc/spi_mem_reg.h:1010,
spi1,SPI_MEM_DIN_NUM,0x0B0,SPI_MEM_DIN1_NUM,2,2,RW,idf,0x0,0x0,0x0,R/W,IDF v5.5.3 soc/esp32c3/register/soc/spi_mem_reg.h:1003,
spi1,SPI_MEM_DIN_NUM,0x0B0,SPI_MEM_DIN2_NUM,4,2,RW,idf,0x0,0x0,0x0,R/W,IDF v5.5.3 soc/esp32c3/register/soc/spi_mem_reg.h:996,
spi1,SPI_MEM_DIN_NUM,0x0B0,SPI_MEM_DIN3_NUM,6,2,RW,idf,0x0,0x0,0x0,R/W,IDF v5.5.3 soc/esp32c3/register/soc/spi_mem_reg.h:989,
spi1,SPI_MEM_DOUT_MODE,0x0B4,SPI_MEM_DOUT0_MODE,0,1,RW,idf,0x0,0x0,0x0,R/W,IDF v5.5.3 soc/esp32c3/register/soc/spi_mem_reg.h:1040,
spi1,SPI_MEM_DOUT_MODE,0x0B4,SPI_MEM_DOUT1_MODE,1,1,RW,idf,0x0,0x0,0x0,R/W,IDF v5.5.3 soc/esp32c3/register/soc/spi_mem_reg.h:1033,
spi1,SPI_MEM_DOUT_MODE,0x0B4,SPI_MEM_DOUT2_MODE,2,1,RW,idf,0x0,0x0,0x0,R/W,IDF v5.5.3 soc/esp32c3/register/soc/spi_mem_reg.h:1026,
spi1,SPI_MEM_DOUT_MODE,0x0B4,SPI_MEM_DOUT3_MODE,3,1,RW,idf,0x0,0x0,0x0,R/W,IDF v5.5.3 soc/esp32c3/register/soc/spi_mem_reg.h:1019,
spi1,SPI_MEM_INT_ENA,0x0C0,SPI_MEM_PER_END_INT_ENA,0,1,RW,idf,0x0,0x0,0x0,R/W,IDF v5.5.3 soc/esp32c3/register/soc/spi_mem_reg.h:1073,
spi1,SPI_MEM_INT_ENA,0x0C0,SPI_MEM_PES_END_INT_ENA,1,1,RW,idf,0x0,0x0,0x0,R/W,IDF v5.5.3 soc/esp32c3/register/soc/spi_mem_reg.h:1067,
spi1,SPI_MEM_INT_ENA,0x0C0,SPI_MEM_WPE_END_INT_ENA,2,1,RW,idf,0x0,0x0,0x0,R/W,IDF v5.5.3 soc/esp32c3/register/soc/spi_mem_reg.h:1061,
spi1,SPI_MEM_INT_ENA,0x0C0,SPI_MEM_SLV_ST_END_INT_ENA,3,1,RW,idf,0x0,0x0,0x0,R/W,IDF v5.5.3 soc/esp32c3/register/soc/spi_mem_reg.h:1055,
spi1,SPI_MEM_INT_ENA,0x0C0,SPI_MEM_MST_ST_END_INT_ENA,4,1,RW,idf,0x0,0x0,0x0,R/W,IDF v5.5.3 soc/esp32c3/register/soc/spi_mem_reg.h:1049,
spi1,SPI_MEM_INT_CLR,0x0C4,SPI_MEM_PER_END_INT_CLR,0,1,WT,idf,0x0,0x0,0x0,WT,IDF v5.5.3 soc/esp32c3/register/soc/spi_mem_reg.h:1105,
spi1,SPI_MEM_INT_CLR,0x0C4,SPI_MEM_PES_END_INT_CLR,1,1,WT,idf,0x0,0x0,0x0,WT,IDF v5.5.3 soc/esp32c3/register/soc/spi_mem_reg.h:1099,
spi1,SPI_MEM_INT_CLR,0x0C4,SPI_MEM_WPE_END_INT_CLR,2,1,WT,idf,0x0,0x0,0x0,WT,IDF v5.5.3 soc/esp32c3/register/soc/spi_mem_reg.h:1093,
spi1,SPI_MEM_INT_CLR,0x0C4,SPI_MEM_SLV_ST_END_INT_CLR,3,1,WT,idf,0x0,0x0,0x0,WT,IDF v5.5.3 soc/esp32c3/register/soc/spi_mem_reg.h:1087,
spi1,SPI_MEM_INT_CLR,0x0C4,SPI_MEM_MST_ST_END_INT_CLR,4,1,WT,idf,0x0,0x0,0x0,WT,IDF v5.5.3 soc/esp32c3/register/soc/spi_mem_reg.h:1081,
spi1,SPI_MEM_INT_RAW,0x0C8,SPI_MEM_PER_END_INT_RAW,0,1,RO,UNVERIFIED,0x0,0x0,0x0,R/WTC/SS,IDF v5.5.3 soc/esp32c3/register/soc/spi_mem_reg.h:1141,WTC: cleared by writing the corresponding WT field; SS: hardware sets it
spi1,SPI_MEM_INT_RAW,0x0C8,SPI_MEM_PES_END_INT_RAW,1,1,RO,UNVERIFIED,0x0,0x0,0x0,R/WTC/SS,IDF v5.5.3 soc/esp32c3/register/soc/spi_mem_reg.h:1134,WTC: cleared by writing the corresponding WT field; SS: hardware sets it
spi1,SPI_MEM_INT_RAW,0x0C8,SPI_MEM_WPE_END_INT_RAW,2,1,RO,UNVERIFIED,0x0,0x0,0x0,R/WTC/SS,IDF v5.5.3 soc/esp32c3/register/soc/spi_mem_reg.h:1127,WTC: cleared by writing the corresponding WT field; SS: hardware sets it
spi1,SPI_MEM_INT_RAW,0x0C8,SPI_MEM_SLV_ST_END_INT_RAW,3,1,RO,UNVERIFIED,0x0,0x0,0x0,R/WTC/SS,IDF v5.5.3 soc/esp32c3/register/soc/spi_mem_reg.h:1120,WTC: cleared by writing the corresponding WT field; SS: hardware sets it
spi1,SPI_MEM_INT_RAW,0x0C8,SPI_MEM_MST_ST_END_INT_RAW,4,1,RO,UNVERIFIED,0x0,0x0,0x0,R/WTC/SS,IDF v5.5.3 soc/esp32c3/register/soc/spi_mem_reg.h:1113,WTC: cleared by writing the corresponding WT field; SS: hardware sets it
spi1,SPI_MEM_INT_ST,0x0CC,SPI_MEM_PER_END_INT_ST,0,1,RO,idf,0x0,0x0,0x0,RO,IDF v5.5.3 soc/esp32c3/register/soc/spi_mem_reg.h:1174,
spi1,SPI_MEM_INT_ST,0x0CC,SPI_MEM_PES_END_INT_ST,1,1,RO,idf,0x0,0x0,0x0,RO,IDF v5.5.3 soc/esp32c3/register/soc/spi_mem_reg.h:1168,
spi1,SPI_MEM_INT_ST,0x0CC,SPI_MEM_WPE_END_INT_ST,2,1,RO,idf,0x0,0x0,0x0,RO,IDF v5.5.3 soc/esp32c3/register/soc/spi_mem_reg.h:1162,
spi1,SPI_MEM_INT_ST,0x0CC,SPI_MEM_SLV_ST_END_INT_ST,3,1,RO,idf,0x0,0x0,0x0,RO,IDF v5.5.3 soc/esp32c3/register/soc/spi_mem_reg.h:1156,
spi1,SPI_MEM_INT_ST,0x0CC,SPI_MEM_MST_ST_END_INT_ST,4,1,RO,idf,0x0,0x0,0x0,RO,IDF v5.5.3 soc/esp32c3/register/soc/spi_mem_reg.h:1150,
spi1,SPI_MEM_CLOCK_GATE,0x0DC,SPI_MEM_CLK_EN,0,1,RW,idf,0x1,0x1,0x1,R/W,IDF v5.5.3 soc/esp32c3/register/soc/spi_mem_reg.h:1182,
spi1,SPI_MEM_CORE_CLK_SEL,0x0E0,SPI_MEM_SPI01_CLK_SEL,0,2,RW,idf,0x0,0x0,0x0,R/W,IDF v5.5.3 soc/esp32c3/register/soc/spi_mem_reg.h:1190,
spi1,SPI_MEM_DATE,0x3FC,SPI_MEM_DATE,0,28,RW,idf,0x2007170,0x2007170,0x2007170,R/W,IDF v5.5.3 soc/esp32c3/register/soc/spi_mem_reg.h:1199,
spi0,SPI_MEM_CMD,0x000,SPI_MEM_MST_ST,0,4,RO,idf,0x0,0x0,0x0,RO,IDF v5.5.3 soc/esp32c3/register/soc/spi_mem_reg.h:127,
spi0,SPI_MEM_CMD,0x000,SPI_MEM_SLV_ST,4,4,RO,idf,0x0,0x0,0x0,RO,IDF v5.5.3 soc/esp32c3/register/soc/spi_mem_reg.h:120,
spi0,SPI_MEM_CMD,0x000,SPI_MEM_FLASH_PE,17,1,SC,idf,0x0,0x0,0x0,R/W/SC,IDF v5.5.3 soc/esp32c3/register/soc/spi_mem_reg.h:113,
spi0,SPI_MEM_CMD,0x000,SPI_MEM_USR,18,1,SC,idf,0x0,0x0,0x0,R/W/SC,IDF v5.5.3 soc/esp32c3/register/soc/spi_mem_reg.h:106,
spi0,SPI_MEM_CMD,0x000,SPI_MEM_FLASH_HPM,19,1,SC,idf,0x0,0x0,0x0,R/W/SC,IDF v5.5.3 soc/esp32c3/register/soc/spi_mem_reg.h:99,
spi0,SPI_MEM_CMD,0x000,SPI_MEM_FLASH_RES,20,1,SC,idf,0x0,0x0,0x0,R/W/SC,IDF v5.5.3 soc/esp32c3/register/soc/spi_mem_reg.h:92,
spi0,SPI_MEM_CMD,0x000,SPI_MEM_FLASH_DP,21,1,SC,idf,0x0,0x0,0x0,R/W/SC,IDF v5.5.3 soc/esp32c3/register/soc/spi_mem_reg.h:85,
spi0,SPI_MEM_CMD,0x000,SPI_MEM_FLASH_CE,22,1,SC,idf,0x0,0x0,0x0,R/W/SC,IDF v5.5.3 soc/esp32c3/register/soc/spi_mem_reg.h:78,
spi0,SPI_MEM_CMD,0x000,SPI_MEM_FLASH_BE,23,1,SC,idf,0x0,0x0,0x0,R/W/SC,IDF v5.5.3 soc/esp32c3/register/soc/spi_mem_reg.h:71,
spi0,SPI_MEM_CMD,0x000,SPI_MEM_FLASH_SE,24,1,SC,idf,0x0,0x0,0x0,R/W/SC,IDF v5.5.3 soc/esp32c3/register/soc/spi_mem_reg.h:64,
spi0,SPI_MEM_CMD,0x000,SPI_MEM_FLASH_PP,25,1,SC,idf,0x0,0x0,0x0,R/W/SC,IDF v5.5.3 soc/esp32c3/register/soc/spi_mem_reg.h:57,
spi0,SPI_MEM_CMD,0x000,SPI_MEM_FLASH_WRSR,26,1,SC,idf,0x0,0x0,0x0,R/W/SC,IDF v5.5.3 soc/esp32c3/register/soc/spi_mem_reg.h:50,
spi0,SPI_MEM_CMD,0x000,SPI_MEM_FLASH_RDSR,27,1,SC,idf,0x0,0x0,0x0,R/W/SC,IDF v5.5.3 soc/esp32c3/register/soc/spi_mem_reg.h:43,
spi0,SPI_MEM_CMD,0x000,SPI_MEM_FLASH_RDID,28,1,SC,idf,0x0,0x0,0x0,R/W/SC,IDF v5.5.3 soc/esp32c3/register/soc/spi_mem_reg.h:36,
spi0,SPI_MEM_CMD,0x000,SPI_MEM_FLASH_WRDI,29,1,SC,idf,0x0,0x0,0x0,R/W/SC,IDF v5.5.3 soc/esp32c3/register/soc/spi_mem_reg.h:29,
spi0,SPI_MEM_CMD,0x000,SPI_MEM_FLASH_WREN,30,1,SC,idf,0x0,0x0,0x0,R/W/SC,IDF v5.5.3 soc/esp32c3/register/soc/spi_mem_reg.h:22,
spi0,SPI_MEM_CMD,0x000,SPI_MEM_FLASH_READ,31,1,SC,idf,0x0,0x0,0x0,R/W/SC,IDF v5.5.3 soc/esp32c3/register/soc/spi_mem_reg.h:15,
spi0,SPI_MEM_ADDR,0x004,SPI_MEM_USR_ADDR_VALUE,0,32,RW,idf,0x0,0x0,0x0,R/W,IDF v5.5.3 soc/esp32c3/register/soc/spi_mem_reg.h:135,
spi0,SPI_MEM_CTRL,0x008,SPI_MEM_FDUMMY_OUT,3,1,RW,idf,0x0,0x0,0x0,R/W,IDF v5.5.3 soc/esp32c3/register/soc/spi_mem_reg.h:235,
spi0,SPI_MEM_CTRL,0x008,SPI_MEM_FCMD_DUAL,7,1,RW,idf,0x0,0x0,0x0,R/W,IDF v5.5.3 soc/esp32c3/register/soc/spi_mem_reg.h:229,
spi0,SPI_MEM_CTRL,0x008,SPI_MEM_FCMD_QUAD,8,1,RW,idf,0x0,0x0,0x0,R/W,IDF v5.5.3 soc/esp32c3/register/soc/spi_mem_reg.h:223,
spi0,SPI_MEM_CTRL,0x008,SPI_MEM_FCS_CRC_EN,10,1,RW,idf,0x0,0x0,0x0,R/W,IDF v5.5.3 soc/esp32c3/register/soc/spi_mem_reg.h:216,
spi0,SPI_MEM_CTRL,0x008,SPI_MEM_TX_CRC_EN,11,1,RW,idf,0x0,0x0,0x0,R/W,IDF v5.5.3 soc/esp32c3/register/soc/spi_mem_reg.h:209,
spi0,SPI_MEM_CTRL,0x008,SPI_MEM_FASTRD_MODE,13,1,RW,idf,0x1,0x1,0x1,R/W,IDF v5.5.3 soc/esp32c3/register/soc/spi_mem_reg.h:202,
spi0,SPI_MEM_CTRL,0x008,SPI_MEM_FREAD_DUAL,14,1,RW,idf,0x0,0x0,0x0,R/W,IDF v5.5.3 soc/esp32c3/register/soc/spi_mem_reg.h:196,
spi0,SPI_MEM_CTRL,0x008,SPI_MEM_RESANDRES,15,1,RW,idf,0x1,0x1,0x1,R/W,IDF v5.5.3 soc/esp32c3/register/soc/spi_mem_reg.h:189,
spi0,SPI_MEM_CTRL,0x008,SPI_MEM_Q_POL,18,1,RW,idf,0x1,0x1,0x1,R/W,IDF v5.5.3 soc/esp32c3/register/soc/spi_mem_reg.h:183,
spi0,SPI_MEM_CTRL,0x008,SPI_MEM_D_POL,19,1,RW,idf,0x1,0x1,0x1,R/W,IDF v5.5.3 soc/esp32c3/register/soc/spi_mem_reg.h:177,
spi0,SPI_MEM_CTRL,0x008,SPI_MEM_FREAD_QUAD,20,1,RW,idf,0x0,0x0,0x0,R/W,IDF v5.5.3 soc/esp32c3/register/soc/spi_mem_reg.h:171,
spi0,SPI_MEM_CTRL,0x008,SPI_MEM_WP_REG,21,1,RW,idf,0x1,0x1,0x1,R/W,IDF v5.5.3 soc/esp32c3/register/soc/spi_mem_reg.h:165,
spi0,SPI_MEM_CTRL,0x008,SPI_MEM_WRSR_2B,22,1,RW,idf,0x0,0x0,0x0,R/W,IDF v5.5.3 soc/esp32c3/register/soc/spi_mem_reg.h:158,
spi0,SPI_MEM_CTRL,0x008,SPI_MEM_FREAD_DIO,23,1,RW,idf,0x0,0x0,0x0,R/W,IDF v5.5.3 soc/esp32c3/register/soc/spi_mem_reg.h:151,
spi0,SPI_MEM_CTRL,0x008,SPI_MEM_FREAD_QIO,24,1,RW,idf,0x0,0x0,0x0,R/W,IDF v5.5.3 soc/esp32c3/register/soc/spi_mem_reg.h:144,
spi0,SPI_MEM_CTRL1,0x00C,SPI_MEM_CLK_MODE,0,2,RW,idf,0x0,0x0,0x0,R/W,IDF v5.5.3 soc/esp32c3/register/soc/spi_mem_reg.h:263,
spi0,SPI_MEM_CTRL1,0x00C,SPI_MEM_CS_HOLD_DLY_RES,2,10,RW,idf,0x3FF,0x3FF,0x3FF,R/W,IDF v5.5.3 soc/esp32c3/register/soc/spi_mem_reg.h:256,
spi0,SPI_MEM_CTRL1,0x00C,SPI_MEM_RXFIFO_RST,30,1,WT,idf,0x0,0x0,0x0,WT,IDF v5.5.3 soc/esp32c3/register/soc/spi_mem_reg.h:250,
spi0,SPI_MEM_CTRL1,0x00C,SPI_MEM_RXFIFO_WFULL_ERR,31,1,RO,idf,0x0,0x0,0x0,RO,IDF v5.5.3 soc/esp32c3/register/soc/spi_mem_reg.h:243,
spi0,SPI_MEM_CTRL2,0x010,SPI_MEM_CS_SETUP_TIME,0,5,RW,idf,0x1,0x1,0x1,R/W,IDF v5.5.3 soc/esp32c3/register/soc/spi_mem_reg.h:292,
spi0,SPI_MEM_CTRL2,0x010,SPI_MEM_CS_HOLD_TIME,5,5,RW,idf,0x1,0x1,0x1,R/W,IDF v5.5.3 soc/esp32c3/register/soc/spi_mem_reg.h:285,
spi0,SPI_MEM_CTRL2,0x010,SPI_MEM_CS_HOLD_DELAY,25,6,RW,idf,0x0,0x0,0x0,R/W,IDF v5.5.3 soc/esp32c3/register/soc/spi_mem_reg.h:278,
spi0,SPI_MEM_CTRL2,0x010,SPI_MEM_SYNC_RESET,31,1,WT,idf,0x0,0x0,0x0,WT,IDF v5.5.3 soc/esp32c3/register/soc/spi_mem_reg.h:272,
spi0,SPI_MEM_CLOCK,0x014,SPI_MEM_CLKCNT_L,0,8,RW,idf,0x3,0x3,0x3,R/W,IDF v5.5.3 soc/esp32c3/register/soc/spi_mem_reg.h:320,
spi0,SPI_MEM_CLOCK,0x014,SPI_MEM_CLKCNT_H,8,8,RW,idf,0x1,0x1,0x1,R/W,IDF v5.5.3 soc/esp32c3/register/soc/spi_mem_reg.h:314,
spi0,SPI_MEM_CLOCK,0x014,SPI_MEM_CLKCNT_N,16,8,RW,idf,0x3,0x3,0x3,R/W,IDF v5.5.3 soc/esp32c3/register/soc/spi_mem_reg.h:307,
spi0,SPI_MEM_CLOCK,0x014,SPI_MEM_CLK_EQU_SYSCLK,31,1,RW,idf,0x0,0x0,0x0,R/W,IDF v5.5.3 soc/esp32c3/register/soc/spi_mem_reg.h:301,
spi0,SPI_MEM_USER,0x018,SPI_MEM_CS_HOLD,6,1,RW,idf,0x0,0x0,0x0,R/W,IDF v5.5.3 soc/esp32c3/register/soc/spi_mem_reg.h:415,
spi0,SPI_MEM_USER,0x018,SPI_MEM_CS_SETUP,7,1,RW,idf,0x0,0x0,0x0,R/W,IDF v5.5.3 soc/esp32c3/register/soc/spi_mem_reg.h:409,
spi0,SPI_MEM_USER,0x018,SPI_MEM_CK_OUT_EDGE,9,1,RW,idf,0x0,0x0,0x0,R/W,IDF v5.5.3 soc/esp32c3/register/soc/spi_mem_reg.h:402,
spi0,SPI_MEM_USER,0x018,SPI_MEM_FWRITE_DUAL,12,1,RW,idf,0x0,0x0,0x0,R/W,IDF v5.5.3 soc/esp32c3/register/soc/spi_mem_reg.h:396,
spi0,SPI_MEM_USER,0x018,SPI_MEM_FWRITE_QUAD,13,1,RW,idf,0x0,0x0,0x0,R/W,IDF v5.5.3 soc/esp32c3/register/soc/spi_mem_reg.h:390,
spi0,SPI_MEM_USER,0x018,SPI_MEM_FWRITE_DIO,14,1,RW,idf,0x0,0x0,0x0,R/W,IDF v5.5.3 soc/esp32c3/register/soc/spi_mem_reg.h:384,
spi0,SPI_MEM_USER,0x018,SPI_MEM_FWRITE_QIO,15,1,RW,idf,0x0,0x0,0x0,R/W,IDF v5.5.3 soc/esp32c3/register/soc/spi_mem_reg.h:378,
spi0,SPI_MEM_USER,0x018,SPI_MEM_USR_MISO_HIGHPART,24,1,RW,idf,0x0,0x0,0x0,R/W,IDF v5.5.3 soc/esp32c3/register/soc/spi_mem_reg.h:371,
spi0,SPI_MEM_USER,0x018,SPI_MEM_USR_MOSI_HIGHPART,25,1,RW,idf,0x0,0x0,0x0,R/W,IDF v5.5.3 soc/esp32c3/register/soc/spi_mem_reg.h:364,
spi0,SPI_MEM_USER,0x018,SPI_MEM_USR_DUMMY_IDLE,26,1,RW,idf,0x0,0x0,0x0,R/W,IDF v5.5.3 soc/esp32c3/register/soc/spi_mem_reg.h:358,
spi0,SPI_MEM_USER,0x018,SPI_MEM_USR_MOSI,27,1,RW,idf,0x0,0x0,0x0,R/W,IDF v5.5.3 soc/esp32c3/register/soc/spi_mem_reg.h:352,
spi0,SPI_MEM_USER,0x018,SPI_MEM_USR_MISO,28,1,RW,idf,0x0,0x0,0x0,R/W,IDF v5.5.3 soc/esp32c3/register/soc/spi_mem_reg.h:346,
spi0,SPI_MEM_USER,0x018,SPI_MEM_USR_DUMMY,29,1,RW,idf,0x0,0x0,0x0,R/W,IDF v5.5.3 soc/esp32c3/register/soc/spi_mem_reg.h:340,
spi0,SPI_MEM_USER,0x018,SPI_MEM_USR_ADDR,30,1,RW,idf,0x0,0x0,0x0,R/W,IDF v5.5.3 soc/esp32c3/register/soc/spi_mem_reg.h:334,
spi0,SPI_MEM_USER,0x018,SPI_MEM_USR_COMMAND,31,1,RW,idf,0x1,0x1,0x1,R/W,IDF v5.5.3 soc/esp32c3/register/soc/spi_mem_reg.h:328,
spi0,SPI_MEM_USER1,0x01C,SPI_MEM_USR_DUMMY_CYCLELEN,0,6,RW,idf,0x7,0x7,0x7,R/W,IDF v5.5.3 soc/esp32c3/register/soc/spi_mem_reg.h:429,
spi0,SPI_MEM_USER1,0x01C,SPI_MEM_USR_ADDR_BITLEN,26,6,RW,idf,0x17,0x17,0x17,R/W,IDF v5.5.3 soc/esp32c3/register/soc/spi_mem_reg.h:423,
spi0,SPI_MEM_USER2,0x020,SPI_MEM_USR_COMMAND_VALUE,0,16,RW,idf,0x0,0x0,0x0,R/W,IDF v5.5.3 soc/esp32c3/register/soc/spi_mem_reg.h:444,
spi0,SPI_MEM_USER2,0x020,SPI_MEM_USR_COMMAND_BITLEN,28,4,RW,idf,0x7,0x7,0x7,R/W,IDF v5.5.3 soc/esp32c3/register/soc/spi_mem_reg.h:438,
spi0,SPI_MEM_MOSI_DLEN,0x024,SPI_MEM_USR_MOSI_DBITLEN,0,10,RW,idf,0x0,0x0,0x0,R/W,IDF v5.5.3 soc/esp32c3/register/soc/spi_mem_reg.h:452,
spi0,SPI_MEM_MISO_DLEN,0x028,SPI_MEM_USR_MISO_DBITLEN,0,10,RW,idf,0x0,0x0,0x0,R/W,IDF v5.5.3 soc/esp32c3/register/soc/spi_mem_reg.h:460,
spi0,SPI_MEM_RD_STATUS,0x02C,SPI_MEM_STATUS,0,16,RW,UNVERIFIED,0x0,0x0,0x0,R/W/SS,IDF v5.5.3 soc/esp32c3/register/soc/spi_mem_reg.h:475,SS (hardware sets the field) is not modeled by the access type
spi0,SPI_MEM_RD_STATUS,0x02C,SPI_MEM_WB_MODE,16,8,RW,idf,0x0,0x0,0x0,R/W,IDF v5.5.3 soc/esp32c3/register/soc/spi_mem_reg.h:468,
spi0,SPI_MEM_MISC,0x034,SPI_MEM_CS0_DIS,0,1,RW,idf,0x0,0x0,0x0,R/W,IDF v5.5.3 soc/esp32c3/register/soc/spi_mem_reg.h:535,
spi0,SPI_MEM_MISC,0x034,SPI_MEM_CS1_DIS,1,1,RW,idf,0x1,0x1,0x1,R/W,IDF v5.5.3 soc/esp32c3/register/soc/spi_mem_reg.h:528,
spi0,SPI_MEM_MISC,0x034,SPI_MEM_TRANS_END_INT_ENA,2,1,RW,idf,0x0,0x0,0x0,R/W,IDF v5.5.3 soc/esp32c3/register/soc/spi_mem_reg.h:521,
spi0,SPI_MEM_MISC,0x034,SPI_MEM_CSPI_ST_TRANS_END,3,1,RW,UNVERIFIED,0x0,0x0,0x0,R/W/SS,IDF v5.5.3 soc/esp32c3/register/soc/spi_mem_reg.h:515,SS (hardware sets the field) is not modeled by the access type
spi0,SPI_MEM_MISC,0x034,SPI_MEM_CSPI_ST_TRANS_END_INT_ENA,4,1,RW,idf,0x0,0x0,0x0,R/W,IDF v5.5.3 soc/esp32c3/register/soc/spi_mem_reg.h:508,
spi0,SPI_MEM_MISC,0x034,SPI_MEM_SLV_ST_TRANS_END,5,1,RW,UNVERIFIED,0x0,0x0,0x0,R/W/SS,IDF v5.5.3 soc/esp32c3/register/soc/spi_mem_reg.h:502,SS (hardware sets the field) is not modeled by the access type
spi0,SPI_MEM_MISC,0x034,SPI_MEM_SLV_ST_TRANS_END_INT_ENA,6,1,RW,idf,0x0,0x0,0x0,R/W,IDF v5.5.3 soc/esp32c3/register/soc/spi_mem_reg.h:495,
spi0,SPI_MEM_MISC,0x034,SPI_MEM_CK_IDLE_EDGE,9,1,RW,idf,0x0,0x0,0x0,R/W,IDF v5.5.3 soc/esp32c3/register/soc/spi_mem_reg.h:489,
spi0,SPI_MEM_MISC,0x034,SPI_MEM_CS_KEEP_ACTIVE,10,1,RW,idf,0x0,0x0,0x0,R/W,IDF v5.5.3 soc/esp32c3/register/soc/spi_mem_reg.h:483,
spi0,SPI_MEM_TX_CRC,0x038,SPI_MEM_TX_CRC_DATA,0,32,RO,idf,0xFFFFFFFF,0xFFFFFFFF,0xFFFFFFFF,RO,IDF v5.5.3 soc/esp32c3/register/soc/spi_mem_reg.h:544,
spi0,SPI_MEM_CACHE_FCTRL,0x03C,SPI_MEM_CACHE_REQ_EN,0,1,RW,idf,0x0,0x0,0x0,R/W,IDF v5.5.3 soc/esp32c3/register/soc/spi_mem_reg.h:606,
spi0,SPI_MEM_CACHE_FCTRL,0x03C,SPI_MEM_CACHE_USR_ADDR_4BYTE,1,1,RW,idf,0x0,0x0,0x0,R/W,IDF v5.5.3 soc/esp32c3/register/soc/spi_mem_reg.h:600,
spi0,SPI_MEM_CACHE_FCTRL,0x03C,SPI_MEM_CACHE_FLASH_USR_CMD,2,1,RW,idf,0x0,0x0,0x0,R/W,IDF v5.5.3 soc/esp32c3/register/soc/spi_mem_reg.h:594,
spi0,SPI_MEM_CACHE_FCTRL,0x03C,SPI_MEM_FDIN_DUAL,3,1,RW,idf,0x0,0x0,0x0,R/W,IDF v5.5.3 soc/esp32c3/register/soc/spi_mem_reg.h:587,
spi0,SPI_MEM_CACHE_FCTRL,0x03C,SPI_MEM_FDOUT_DUAL,4,1,RW,idf,0x0,0x0,0x0,R/W,IDF v5.5.3 soc/esp32c3/register/soc/spi_mem_reg.h:580,
spi0,SPI_MEM_CACHE_FCTRL,0x03C,SPI_MEM_FADDR_DUAL,5,1,RW,idf,0x0,0x0,0x0,R/W,IDF v5.5.3 soc/esp32c3/register/soc/spi_mem_reg.h:573,
spi0,SPI_MEM_CACHE_FCTRL,0x03C,SPI_MEM_FDIN_QUAD,6,1,RW,idf,0x0,0x0,0x0,R/W,IDF v5.5.3 soc/esp32c3/register/soc/spi_mem_reg.h:566,
spi0,SPI_MEM_CACHE_FCTRL,0x03C,SPI_MEM_FDOUT_QUAD,7,1,RW,idf,0x0,0x0,0x0,R/W,IDF v5.5.3 soc/esp32c3/register/soc/spi_mem_reg.h:559,
spi0,SPI_MEM_CACHE_FCTRL,0x03C,SPI_MEM_FADDR_QUAD,8,1,RW,idf,0x0,0x0,0x0,R/W,IDF v5.5.3 soc/esp32c3/register/soc/spi_mem_reg.h:552,
spi0,SPI_MEM_FSM,0x054,SPI_MEM_CSPI_ST,0,4,RO,idf,0x0,0x0,0x0,RO,IDF v5.5.3 soc/esp32c3/register/soc/spi_mem_reg.h:627,
spi0,SPI_MEM_FSM,0x054,SPI_MEM_EM_ST,4,3,RO,idf,0x0,0x0,0x0,RO,IDF v5.5.3 soc/esp32c3/register/soc/spi_mem_reg.h:620,
spi0,SPI_MEM_FSM,0x054,SPI_MEM_CSPI_LOCK_DELAY_TIME,7,5,RW,idf,0x4,0x4,0x4,R/W,IDF v5.5.3 soc/esp32c3/register/soc/spi_mem_reg.h:614,
spi0,SPI_MEM_W0,0x058,SPI_MEM_BUF0,0,32,RW,UNVERIFIED,0x0,0x0,0x0,R/W/SS,IDF v5.5.3 soc/esp32c3/register/soc/spi_mem_reg.h:636,SS (hardware sets the field) is not modeled by the access type
spi0,SPI_MEM_W1,0x05C,SPI_MEM_BUF1,0,32,RW,UNVERIFIED,0x0,0x0,0x0,R/W/SS,IDF v5.5.3 soc/esp32c3/register/soc/spi_mem_reg.h:644,SS (hardware sets the field) is not modeled by the access type
spi0,SPI_MEM_W2,0x060,SPI_MEM_BUF2,0,32,RW,UNVERIFIED,0x0,0x0,0x0,R/W/SS,IDF v5.5.3 soc/esp32c3/register/soc/spi_mem_reg.h:652,SS (hardware sets the field) is not modeled by the access type
spi0,SPI_MEM_W3,0x064,SPI_MEM_BUF3,0,32,RW,UNVERIFIED,0x0,0x0,0x0,R/W/SS,IDF v5.5.3 soc/esp32c3/register/soc/spi_mem_reg.h:660,SS (hardware sets the field) is not modeled by the access type
spi0,SPI_MEM_W4,0x068,SPI_MEM_BUF4,0,32,RW,UNVERIFIED,0x0,0x0,0x0,R/W/SS,IDF v5.5.3 soc/esp32c3/register/soc/spi_mem_reg.h:668,SS (hardware sets the field) is not modeled by the access type
spi0,SPI_MEM_W5,0x06C,SPI_MEM_BUF5,0,32,RW,UNVERIFIED,0x0,0x0,0x0,R/W/SS,IDF v5.5.3 soc/esp32c3/register/soc/spi_mem_reg.h:676,SS (hardware sets the field) is not modeled by the access type
spi0,SPI_MEM_W6,0x070,SPI_MEM_BUF6,0,32,RW,UNVERIFIED,0x0,0x0,0x0,R/W/SS,IDF v5.5.3 soc/esp32c3/register/soc/spi_mem_reg.h:684,SS (hardware sets the field) is not modeled by the access type
spi0,SPI_MEM_W7,0x074,SPI_MEM_BUF7,0,32,RW,UNVERIFIED,0x0,0x0,0x0,R/W/SS,IDF v5.5.3 soc/esp32c3/register/soc/spi_mem_reg.h:692,SS (hardware sets the field) is not modeled by the access type
spi0,SPI_MEM_W8,0x078,SPI_MEM_BUF8,0,32,RW,UNVERIFIED,0x0,0x0,0x0,R/W/SS,IDF v5.5.3 soc/esp32c3/register/soc/spi_mem_reg.h:700,SS (hardware sets the field) is not modeled by the access type
spi0,SPI_MEM_W9,0x07C,SPI_MEM_BUF9,0,32,RW,UNVERIFIED,0x0,0x0,0x0,R/W/SS,IDF v5.5.3 soc/esp32c3/register/soc/spi_mem_reg.h:708,SS (hardware sets the field) is not modeled by the access type
spi0,SPI_MEM_W10,0x080,SPI_MEM_BUF10,0,32,RW,UNVERIFIED,0x0,0x0,0x0,R/W/SS,IDF v5.5.3 soc/esp32c3/register/soc/spi_mem_reg.h:716,SS (hardware sets the field) is not modeled by the access type
spi0,SPI_MEM_W11,0x084,SPI_MEM_BUF11,0,32,RW,UNVERIFIED,0x0,0x0,0x0,R/W/SS,IDF v5.5.3 soc/esp32c3/register/soc/spi_mem_reg.h:724,SS (hardware sets the field) is not modeled by the access type
spi0,SPI_MEM_W12,0x088,SPI_MEM_BUF12,0,32,RW,UNVERIFIED,0x0,0x0,0x0,R/W/SS,IDF v5.5.3 soc/esp32c3/register/soc/spi_mem_reg.h:732,SS (hardware sets the field) is not modeled by the access type
spi0,SPI_MEM_W13,0x08C,SPI_MEM_BUF13,0,32,RW,UNVERIFIED,0x0,0x0,0x0,R/W/SS,IDF v5.5.3 soc/esp32c3/register/soc/spi_mem_reg.h:740,SS (hardware sets the field) is not modeled by the access type
spi0,SPI_MEM_W14,0x090,SPI_MEM_BUF14,0,32,RW,UNVERIFIED,0x0,0x0,0x0,R/W/SS,IDF v5.5.3 soc/esp32c3/register/soc/spi_mem_reg.h:748,SS (hardware sets the field) is not modeled by the access type
spi0,SPI_MEM_W15,0x094,SPI_MEM_BUF15,0,32,RW,UNVERIFIED,0x0,0x0,0x0,R/W/SS,IDF v5.5.3 soc/esp32c3/register/soc/spi_mem_reg.h:756,SS (hardware sets the field) is not modeled by the access type
spi0,SPI_MEM_FLASH_WAITI_CTRL,0x098,SPI_MEM_WAITI_DUMMY,1,1,RW,idf,0x0,0x0,0x0,R/W,IDF v5.5.3 soc/esp32c3/register/soc/spi_mem_reg.h:776,
spi0,SPI_MEM_FLASH_WAITI_CTRL,0x098,SPI_MEM_WAITI_CMD,2,8,RW,idf,0x5,0x5,0x5,R/W,IDF v5.5.3 soc/esp32c3/register/soc/spi_mem_reg.h:770,
spi0,SPI_MEM_FLASH_WAITI_CTRL,0x098,SPI_MEM_WAITI_DUMMY_CYCLELEN,10,6,RW,idf,0x0,0x0,0x0,R/W,IDF v5.5.3 soc/esp32c3/register/soc/spi_mem_reg.h:764,
spi0,SPI_MEM_FLASH_SUS_CTRL,0x09C,SPI_MEM_FLASH_PER,0,1,SC,idf,0x0,0x0,0x0,R/W/SC,IDF v5.5.3 soc/esp32c3/register/soc/spi_mem_reg.h:853,
spi0,SPI_MEM_FLASH_SUS_CTRL,0x09C,SPI_MEM_FLASH_PES,1,1,SC,idf,0x0,0x0,0x0,R/W/SC,IDF v5.5.3 soc/esp32c3/register/soc/spi_mem_reg.h:846,
spi0,SPI_MEM_FLASH_SUS_CTRL,0x09C,SPI_MEM_FLASH_PER_WAIT_EN,2,1,RW,idf,0x0,0x0,0x0,R/W,IDF v5.5.3 soc/esp32c3/register/soc/spi_mem_reg.h:839,
spi0,SPI_MEM_FLASH_SUS_CTRL,0x09C,SPI_MEM_FLASH_PES_WAIT_EN,3,1,RW,idf,0x0,0x0,0x0,R/W,IDF v5.5.3 soc/esp32c3/register/soc/spi_mem_reg.h:832,
spi0,SPI_MEM_FLASH_SUS_CTRL,0x09C,SPI_MEM_PES_PER_EN,4,1,RW,idf,0x0,0x0,0x0,R/W,IDF v5.5.3 soc/esp32c3/register/soc/spi_mem_reg.h:825,
spi0,SPI_MEM_FLASH_SUS_CTRL,0x09C,SPI_MEM_FLASH_PES_EN,5,1,RW,idf,0x0,0x0,0x0,R/W,IDF v5.5.3 soc/esp32c3/register/soc/spi_mem_reg.h:819,
spi0,SPI_MEM_FLASH_SUS_CTRL,0x09C,SPI_MEM_PESR_END_MSK,6,16,RW,idf,0x80,0x80,0x80,R/W,IDF v5.5.3 soc/esp32c3/register/soc/spi_mem_reg.h:812,
spi0,SPI_MEM_FLASH_SUS_CTRL,0x09C,SPI_MEM_FMEM_RD_SUS_2B,22,1,RW,idf,0x0,0x0,0x0,R/W,IDF v5.5.3 soc/esp32c3/register/soc/spi_mem_reg.h:805,
spi0,SPI_MEM_FLASH_SUS_CTRL,0x09C,SPI_MEM_PER_END_EN,23,1,RW,idf,0x0,0x0,0x0,R/W,IDF v5.5.3 soc/esp32c3/register/soc/spi_mem_reg.h:798,
spi0,SPI_MEM_FLASH_SUS_CTRL,0x09C,SPI_MEM_PES_END_EN,24,1,RW,idf,0x0,0x0,0x0,R/W,IDF v5.5.3 soc/esp32c3/register/soc/spi_mem_reg.h:791,
spi0,SPI_MEM_FLASH_SUS_CTRL,0x09C,SPI_MEM_SUS_TIMEOUT_CNT,25,7,RW,idf,0x4,0x4,0x4,R/W,IDF v5.5.3 soc/esp32c3/register/soc/spi_mem_reg.h:784,
spi0,SPI_MEM_FLASH_SUS_CMD,0x0A0,SPI_MEM_FLASH_PER_COMMAND,0,8,RW,idf,0x7A,0x7A,0x7A,R/W,IDF v5.5.3 soc/esp32c3/register/soc/spi_mem_reg.h:875,
spi0,SPI_MEM_FLASH_SUS_CMD,0x0A0,SPI_MEM_FLASH_PES_COMMAND,8,8,RW,idf,0x75,0x75,0x75,R/W,IDF v5.5.3 soc/esp32c3/register/soc/spi_mem_reg.h:869,
spi0,SPI_MEM_FLASH_SUS_CMD,0x0A0,SPI_MEM_WAIT_PESR_COMMAND,16,16,RW,idf,0x5,0x5,0x5,R/W,IDF v5.5.3 soc/esp32c3/register/soc/spi_mem_reg.h:862,
spi0,SPI_MEM_SUS_STATUS,0x0A4,SPI_MEM_FLASH_SUS,0,1,SC,UNVERIFIED,0x0,0x0,0x0,R/W/SS/SC,IDF v5.5.3 soc/esp32c3/register/soc/spi_mem_reg.h:931,SS (hardware sets the field) is not modeled by the access type
spi0,SPI_MEM_SUS_STATUS,0x0A4,SPI_MEM_WAIT_PESR_CMD_2B,1,1,RW,idf,0x0,0x0,0x0,R/W,IDF v5.5.3 soc/esp32c3/register/soc/spi_mem_reg.h:924,
spi0,SPI_MEM_SUS_STATUS,0x0A4,SPI_MEM_FLASH_HPM_DLY_128,2,1,RW,idf,0x0,0x0,0x0,R/W,IDF v5.5.3 soc/esp32c3/register/soc/spi_mem_reg.h:917,
spi0,SPI_MEM_SUS_STATUS,0x0A4,SPI_MEM_FLASH_RES_DLY_128,3,1,RW,idf,0x0,0x0,0x0,R/W,IDF v5.5.3 soc/esp32c3/register/soc/spi_mem_reg.h:910,
spi0,SPI_MEM_SUS_STATUS,0x0A4,SPI_MEM_FLASH_DP_DLY_128,4,1,RW,idf,0x0,0x0,0x0,R/W,IDF v5.5.3 soc/esp32c3/register/soc/spi_mem_reg.h:903,
spi0,SPI_MEM_SUS_STATUS,0x0A4,SPI_MEM_FLASH_PER_DLY_128,5,1,RW,idf,0x0,0x0,0x0,R/W,IDF v5.5.3 soc/esp32c3/register/soc/spi_mem_reg.h:896,
spi0,SPI_MEM_SUS_STATUS,0x0A4,SPI_MEM_FLASH_PES_DLY_128,6,1,RW,idf,0x0,0x0,0x0,R/W,IDF v5.5.3 soc/esp32c3/register/soc/spi_mem_reg.h:889,
spi0,SPI_MEM_SUS_STATUS,0x0A4,SPI_MEM_SPI0_LOCK_EN,7,1,RW,idf,0x0,0x0,0x0,R/W,IDF v5.5.3 soc/esp32c3/register/soc/spi_mem_reg.h:883,
spi0,SPI_MEM_TIMING_CALI,0x0A8,SPI_MEM_TIMING_CLK_ENA,0,1,RW,idf,0x1,0x1,0x1,R/W,IDF v5.5.3 soc/esp32c3/register/soc/spi_mem_reg.h:951,
spi0,SPI_MEM_TIMING_CALI,0x0A8,SPI_MEM_TIMING_CALI,1,1,RW,idf,0x0,0x0,0x0,R/W,IDF v5.5.3 soc/esp32c3/register/soc/spi_mem_reg.h:945,
spi0,SPI_MEM_TIMING_CALI,0x0A8,SPI_MEM_EXTRA_DUMMY_CYCLELEN,2,3,RW,idf,0x0,0x0,0x0,R/W,IDF v5.5.3 soc/esp32c3/register/soc/spi_mem_reg.h:939,
spi0,SPI_MEM_DIN_MODE,0x0AC,SPI_MEM_DIN0_MODE,0,2,RW,idf,0x0,0x0,0x0,R/W,IDF v5.5.3 soc/esp32c3/register/soc/spi_mem_reg.h:980,
spi0,SPI_MEM_DIN_MODE,0x0AC,SPI_MEM_DIN1_MODE,2,2,RW,idf,0x0,0x0,0x0,R/W,IDF v5.5.3 soc/esp32c3/register/soc/spi_mem_reg.h:973,
spi0,SPI_MEM_DIN_MODE,0x0AC,SPI_MEM_DIN2_MODE,4,2,RW,idf,0x0,0x0,0x0,R/W,IDF v5.5.3 soc/esp32c3/register/soc/spi_mem_reg.h:966,
spi0,SPI_MEM_DIN_MODE,0x0AC,SPI_MEM_DIN3_MODE,6,2,RW,idf,0x0,0x0,0x0,R/W,IDF v5.5.3 soc/esp32c3/register/soc/spi_mem_reg.h:959,
spi0,SPI_MEM_DIN_NUM,0x0B0,SPI_MEM_DIN0_NUM,0,2,RW,idf,0x0,0x0,0x0,R/W,IDF v5.5.3 soc/esp32c3/register/soc/spi_mem_reg.h:1010,
spi0,SPI_MEM_DIN_NUM,0x0B0,SPI_MEM_DIN1_NUM,2,2,RW,idf,0x0,0x0,0x0,R/W,IDF v5.5.3 soc/esp32c3/register/soc/spi_mem_reg.h:1003,
spi0,SPI_MEM_DIN_NUM,0x0B0,SPI_MEM_DIN2_NUM,4,2,RW,idf,0x0,0x0,0x0,R/W,IDF v5.5.3 soc/esp32c3/register/soc/spi_mem_reg.h:996,
spi0,SPI_MEM_DIN_NUM,0x0B0,SPI_MEM_DIN3_NUM,6,2,RW,idf,0x0,0x0,0x0,R/W,IDF v5.5.3 soc/esp32c3/register/soc/spi_mem_reg.h:989,
spi0,SPI_MEM_DOUT_MODE,0x0B4,SPI_MEM_DOUT0_MODE,0,1,RW,idf,0x0,0x0,0x0,R/W,IDF v5.5.3 soc/esp32c3/register/soc/spi_mem_reg.h:1040,
spi0,SPI_MEM_DOUT_MODE,0x0B4,SPI_MEM_DOUT1_MODE,1,1,RW,idf,0x0,0x0,0x0,R/W,IDF v5.5.3 soc/esp32c3/register/soc/spi_mem_reg.h:1033,
spi0,SPI_MEM_DOUT_MODE,0x0B4,SPI_MEM_DOUT2_MODE,2,1,RW,idf,0x0,0x0,0x0,R/W,IDF v5.5.3 soc/esp32c3/register/soc/spi_mem_reg.h:1026,
spi0,SPI_MEM_DOUT_MODE,0x0B4,SPI_MEM_DOUT3_MODE,3,1,RW,idf,0x0,0x0,0x0,R/W,IDF v5.5.3 soc/esp32c3/register/soc/spi_mem_reg.h:1019,
spi0,SPI_MEM_INT_ENA,0x0C0,SPI_MEM_PER_END_INT_ENA,0,1,RW,idf,0x0,0x0,0x0,R/W,IDF v5.5.3 soc/esp32c3/register/soc/spi_mem_reg.h:1073,
spi0,SPI_MEM_INT_ENA,0x0C0,SPI_MEM_PES_END_INT_ENA,1,1,RW,idf,0x0,0x0,0x0,R/W,IDF v5.5.3 soc/esp32c3/register/soc/spi_mem_reg.h:1067,
spi0,SPI_MEM_INT_ENA,0x0C0,SPI_MEM_WPE_END_INT_ENA,2,1,RW,idf,0x0,0x0,0x0,R/W,IDF v5.5.3 soc/esp32c3/register/soc/spi_mem_reg.h:1061,
spi0,SPI_MEM_INT_ENA,0x0C0,SPI_MEM_SLV_ST_END_INT_ENA,3,1,RW,idf,0x0,0x0,0x0,R/W,IDF v5.5.3 soc/esp32c3/register/soc/spi_mem_reg.h:1055,
spi0,SPI_MEM_INT_ENA,0x0C0,SPI_MEM_MST_ST_END_INT_ENA,4,1,RW,idf,0x0,0x0,0x0,R/W,IDF v5.5.3 soc/esp32c3/register/soc/spi_mem_reg.h:1049,
spi0,SPI_MEM_INT_CLR,0x0C4,SPI_MEM_PER_END_INT_CLR,0,1,WT,idf,0x0,0x0,0x0,WT,IDF v5.5.3 soc/esp32c3/register/soc/spi_mem_reg.h:1105,
spi0,SPI_MEM_INT_CLR,0x0C4,SPI_MEM_PES_END_INT_CLR,1,1,WT,idf,0x0,0x0,0x0,WT,IDF v5.5.3 soc/esp32c3/register/soc/spi_mem_reg.h:1099,
spi0,SPI_MEM_INT_CLR,0x0C4,SPI_MEM_WPE_END_INT_CLR,2,1,WT,idf,0x0,0x0,0x0,WT,IDF v5.5.3 soc/esp32c3/register/soc/spi_mem_reg.h:1093,
spi0,SPI_MEM_INT_CLR,0x0C4,SPI_MEM_SLV_ST_END_INT_CLR,3,1,WT,idf,0x0,0x0,0x0,WT,IDF v5.5.3 soc/esp32c3/register/soc/spi_mem_reg.h:1087,
spi0,SPI_MEM_INT_CLR,0x0C4,SPI_MEM_MST_ST_END_INT_CLR,4,1,WT,idf,0x0,0x0,0x0,WT,IDF v5.5.3 soc/esp32c3/register/soc/spi_mem_reg.h:1081,
spi0,SPI_MEM_INT_RAW,0x0C8,SPI_MEM_PER_END_INT_RAW,0,1,RO,UNVERIFIED,0x0,0x0,0x0,R/WTC/SS,IDF v5.5.3 soc/esp32c3/register/soc/spi_mem_reg.h:1141,WTC: cleared by writing the corresponding WT field; SS: hardware sets it
spi0,SPI_MEM_INT_RAW,0x0C8,SPI_MEM_PES_END_INT_RAW,1,1,RO,UNVERIFIED,0x0,0x0,0x0,R/WTC/SS,IDF v5.5.3 soc/esp32c3/register/soc/spi_mem_reg.h:1134,WTC: cleared by writing the corresponding WT field; SS: hardware sets it
spi0,SPI_MEM_INT_RAW,0x0C8,SPI_MEM_WPE_END_INT_RAW,2,1,RO,UNVERIFIED,0x0,0x0,0x0,R/WTC/SS,IDF v5.5.3 soc/esp32c3/register/soc/spi_mem_reg.h:1127,WTC: cleared by writing the corresponding WT field; SS: hardware sets it
spi0,SPI_MEM_INT_RAW,0x0C8,SPI_MEM_SLV_ST_END_INT_RAW,3,1,RO,UNVERIFIED,0x0,0x0,0x0,R/WTC/SS,IDF v5.5.3 soc/esp32c3/register/soc/spi_mem_reg.h:1120,WTC: cleared by writing the corresponding WT field; SS: hardware sets it
spi0,SPI_MEM_INT_RAW,0x0C8,SPI_MEM_MST_ST_END_INT_RAW,4,1,RO,UNVERIFIED,0x0,0x0,0x0,R/WTC/SS,IDF v5.5.3 soc/esp32c3/register/soc/spi_mem_reg.h:1113,WTC: cleared by writing the corresponding WT field; SS: hardware sets it
spi0,SPI_MEM_INT_ST,0x0CC,SPI_MEM_PER_END_INT_ST,0,1,RO,idf,0x0,0x0,0x0,RO,IDF v5.5.3 soc/esp32c3/register/soc/spi_mem_reg.h:1174,
spi0,SPI_MEM_INT_ST,0x0CC,SPI_MEM_PES_END_INT_ST,1,1,RO,idf,0x0,0x0,0x0,RO,IDF v5.5.3 soc/esp32c3/register/soc/spi_mem_reg.h:1168,
spi0,SPI_MEM_INT_ST,0x0CC,SPI_MEM_WPE_END_INT_ST,2,1,RO,idf,0x0,0x0,0x0,RO,IDF v5.5.3 soc/esp32c3/register/soc/spi_mem_reg.h:1162,
spi0,SPI_MEM_INT_ST,0x0CC,SPI_MEM_SLV_ST_END_INT_ST,3,1,RO,idf,0x0,0x0,0x0,RO,IDF v5.5.3 soc/esp32c3/register/soc/spi_mem_reg.h:1156,
spi0,SPI_MEM_INT_ST,0x0CC,SPI_MEM_MST_ST_END_INT_ST,4,1,RO,idf,0x0,0x0,0x0,RO,IDF v5.5.3 soc/esp32c3/register/soc/spi_mem_reg.h:1150,
spi0,SPI_MEM_CLOCK_GATE,0x0DC,SPI_MEM_CLK_EN,0,1,RW,idf,0x1,0x1,0x1,R/W,IDF v5.5.3 soc/esp32c3/register/soc/spi_mem_reg.h:1182,
spi0,SPI_MEM_CORE_CLK_SEL,0x0E0,SPI_MEM_SPI01_CLK_SEL,0,2,RW,idf,0x0,0x0,0x0,R/W,IDF v5.5.3 soc/esp32c3/register/soc/spi_mem_reg.h:1190,
spi0,SPI_MEM_DATE,0x3FC,SPI_MEM_DATE,0,28,RW,idf,0x2007170,0x2007170,0x2007170,R/W,IDF v5.5.3 soc/esp32c3/register/soc/spi_mem_reg.h:1199,
gpio,GPIO_BT_SELECT,0x000,GPIO_BT_SEL,0,32,RW,idf,0x0,0x0,0x0,R/W,IDF v5.5.3 soc/esp32c3/register/soc/gpio_reg.h:43,
gpio,GPIO_OUT,0x004,GPIO_OUT_DATA,0,26,RW,idf,0x0,0x0,0x0,R/W,IDF v5.5.3 soc/esp32c3/register/soc/gpio_reg.h:51,
gpio,GPIO_OUT_W1TS,0x008,GPIO_OUT_W1TS,0,26,WO,idf,0x0,0x0,0x0,WO,IDF v5.5.3 soc/esp32c3/register/soc/gpio_reg.h:59,
gpio,GPIO_OUT_W1TC,0x00C,GPIO_OUT_W1TC,0,26,WO,idf,0x0,0x0,0x0,WO,IDF v5.5.3 soc/esp32c3/register/soc/gpio_reg.h:67,
gpio,GPIO_SDIO_SELECT,0x01C,GPIO_SDIO_SEL,0,8,RW,idf,0x0,0x0,0x0,R/W,IDF v5.5.3 soc/esp32c3/register/soc/gpio_reg.h:75,
gpio,GPIO_ENABLE,0x020,GPIO_ENABLE_DATA,0,26,RW,idf,0x0,0x0,0x0,R/W,IDF v5.5.3 soc/esp32c3/register/soc/gpio_reg.h:83,
gpio,GPIO_ENABLE_W1TS,0x024,GPIO_ENABLE_W1TS,0,26,WO,idf,0x0,0x0,0x0,WO,IDF v5.5.3 soc/esp32c3/register/soc/gpio_reg.h:91,
gpio,GPIO_ENABLE_W1TC,0x028,GPIO_ENABLE_W1TC,0,26,WO,idf,0x0,0x0,0x0,WO,IDF v5.5.3 soc/esp32c3/register/soc/gpio_reg.h:99,
gpio,GPIO_STRAP,0x038,GPIO_STRAPPING,0,16,RO,idf,0x0,0x0,0x0,RO,IDF v5.5.3 soc/esp32c3/register/soc/gpio_reg.h:107,IDF default empty (input latch); read as 0 UNVERIFIED
gpio,GPIO_IN,0x03C,GPIO_IN_DATA,0,26,RO,idf,0x0,0x0,0x0,RO,IDF v5.5.3 soc/esp32c3/register/soc/gpio_reg.h:115,IDF default empty (input latch); read as 0 UNVERIFIED
gpio,GPIO_STATUS,0x044,GPIO_STATUS_INT,0,26,RW,idf,0x0,0x0,0x0,R/W,IDF v5.5.3 soc/esp32c3/register/soc/gpio_reg.h:123,
gpio,GPIO_STATUS_W1TS,0x048,GPIO_STATUS_W1TS,0,26,WO,idf,0x0,0x0,0x0,WO,IDF v5.5.3 soc/esp32c3/register/soc/gpio_reg.h:131,
gpio,GPIO_STATUS_W1TC,0x04C,GPIO_STATUS_W1TC,0,26,WO,idf,0x0,0x0,0x0,WO,IDF v5.5.3 soc/esp32c3/register/soc/gpio_reg.h:139,
gpio,GPIO_PCPU_INT,0x05C,GPIO_PROCPU_INT,0,26,RO,idf,0x0,0x0,0x0,RO,IDF v5.5.3 soc/esp32c3/register/soc/gpio_reg.h:147,
gpio,GPIO_PCPU_NMI_INT,0x060,GPIO_PROCPU_NMI_INT,0,26,RO,idf,0x0,0x0,0x0,RO,IDF v5.5.3 soc/esp32c3/register/soc/gpio_reg.h:155,
gpio,GPIO_CPUSDIO_INT,0x064,GPIO_SDIO_INT,0,26,RO,idf,0x0,0x0,0x0,RO,IDF v5.5.3 soc/esp32c3/register/soc/gpio_reg.h:163,
gpio,GPIO_PIN0,0x074,GPIO_PIN0_SYNC2_BYPASS,0,2,RW,idf,0x0,0x0,0x0,R/W,IDF v5.5.3 soc/esp32c3/register/soc/gpio_reg.h:207,
gpio,GPIO_PIN0,0x074,GPIO_PIN0_PAD_DRIVER,2,1,RW,idf,0x0,0x0,0x0,R/W,IDF v5.5.3 soc/esp32c3/register/soc/gpio_reg.h:201,
gpio,GPIO_PIN0,0x074,GPIO_PIN0_SYNC1_BYPASS,3,2,RW,idf,0x0,0x0,0x0,R/W,IDF v5.5.3 soc/esp32c3/register/soc/gpio_reg.h:195,
gpio,GPIO_PIN0,0x074,GPIO_PIN0_INT_TYPE,7,3,RW,idf,0x0,0x0,0x0,R/W,IDF v5.5.3 soc/esp32c3/register/soc/gpio_reg.h:189,
gpio,GPIO_PIN0,0x074,GPIO_PIN0_WAKEUP_ENABLE,10,1,RW,idf,0x0,0x0,0x0,R/W,IDF v5.5.3 soc/esp32c3/register/soc/gpio_reg.h:183,
gpio,GPIO_PIN0,0x074,GPIO_PIN0_CONFIG,11,2,RW,idf,0x0,0x0,0x0,R/W,IDF v5.5.3 soc/esp32c3/register/soc/gpio_reg.h:177,
gpio,GPIO_PIN0,0x074,GPIO_PIN0_INT_ENA,13,5,RW,idf,0x0,0x0,0x0,R/W,IDF v5.5.3 soc/esp32c3/register/soc/gpio_reg.h:171,
gpio,GPIO_PIN1,0x078,GPIO_PIN1_SYNC2_BYPASS,0,2,RW,idf,0x0,0x0,0x0,R/W,IDF v5.5.3 soc/esp32c3/register/soc/gpio_reg.h:251,
gpio,GPIO_PIN1,0x078,GPIO_PIN1_PAD_DRIVER,2,1,RW,idf,0x0,0x0,0x0,R/W,IDF v5.5.3 soc/esp32c3/register/soc/gpio_reg.h:245,
gpio,GPIO_PIN1,0x078,GPIO_PIN1_SYNC1_BYPASS,3,2,RW,idf,0x0,0x0,0x0,R/W,IDF v5.5.3 soc/esp32c3/register/soc/gpio_reg.h:239,
gpio,GPIO_PIN1,0x078,GPIO_PIN1_INT_TYPE,7,3,RW,idf,0x0,0x0,0x0,R/W,IDF v5.5.3 soc/esp32c3/register/soc/gpio_reg.h:233,
gpio,GPIO_PIN1,0x078,GPIO_PIN1_WAKEUP_ENABLE,10,1,RW,idf,0x0,0x0,0x0,R/W,IDF v5.5.3 soc/esp32c3/register/soc/gpio_reg.h:227,
gpio,GPIO_PIN1,0x078,GPIO_PIN1_CONFIG,11,2,RW,idf,0x0,0x0,0x0,R/W,IDF v5.5.3 soc/esp32c3/register/soc/gpio_reg.h:221,
gpio,GPIO_PIN1,0x078,GPIO_PIN1_INT_ENA,13,5,RW,idf,0x0,0x0,0x0,R/W,IDF v5.5.3 soc/esp32c3/register/soc/gpio_reg.h:215,
gpio,GPIO_PIN2,0x07C,GPIO_PIN2_SYNC2_BYPASS,0,2,RW,idf,0x0,0x0,0x0,R/W,IDF v5.5.3 soc/esp32c3/register/soc/gpio_reg.h:295,
gpio,GPIO_PIN2,0x07C,GPIO_PIN2_PAD_DRIVER,2,1,RW,idf,0x0,0x0,0x0,R/W,IDF v5.5.3 soc/esp32c3/register/soc/gpio_reg.h:289,
gpio,GPIO_PIN2,0x07C,GPIO_PIN2_SYNC1_BYPASS,3,2,RW,idf,0x0,0x0,0x0,R/W,IDF v5.5.3 soc/esp32c3/register/soc/gpio_reg.h:283,
gpio,GPIO_PIN2,0x07C,GPIO_PIN2_INT_TYPE,7,3,RW,idf,0x0,0x0,0x0,R/W,IDF v5.5.3 soc/esp32c3/register/soc/gpio_reg.h:277,
gpio,GPIO_PIN2,0x07C,GPIO_PIN2_WAKEUP_ENABLE,10,1,RW,idf,0x0,0x0,0x0,R/W,IDF v5.5.3 soc/esp32c3/register/soc/gpio_reg.h:271,
gpio,GPIO_PIN2,0x07C,GPIO_PIN2_CONFIG,11,2,RW,idf,0x0,0x0,0x0,R/W,IDF v5.5.3 soc/esp32c3/register/soc/gpio_reg.h:265,
gpio,GPIO_PIN2,0x07C,GPIO_PIN2_INT_ENA,13,5,RW,idf,0x0,0x0,0x0,R/W,IDF v5.5.3 soc/esp32c3/register/soc/gpio_reg.h:259,
gpio,GPIO_PIN3,0x080,GPIO_PIN3_SYNC2_BYPASS,0,2,RW,idf,0x0,0x0,0x0,R/W,IDF v5.5.3 soc/esp32c3/register/soc/gpio_reg.h:339,
gpio,GPIO_PIN3,0x080,GPIO_PIN3_PAD_DRIVER,2,1,RW,idf,0x0,0x0,0x0,R/W,IDF v5.5.3 soc/esp32c3/register/soc/gpio_reg.h:333,
gpio,GPIO_PIN3,0x080,GPIO_PIN3_SYNC1_BYPASS,3,2,RW,idf,0x0,0x0,0x0,R/W,IDF v5.5.3 soc/esp32c3/register/soc/gpio_reg.h:327,
gpio,GPIO_PIN3,0x080,GPIO_PIN3_INT_TYPE,7,3,RW,idf,0x0,0x0,0x0,R/W,IDF v5.5.3 soc/esp32c3/register/soc/gpio_reg.h:321,
gpio,GPIO_PIN3,0x080,GPIO_PIN3_WAKEUP_ENABLE,10,1,RW,idf,0x0,0x0,0x0,R/W,IDF v5.5.3 soc/esp32c3/register/soc/gpio_reg.h:315,
gpio,GPIO_PIN3,0x080,GPIO_PIN3_CONFIG,11,2,RW,idf,0x0,0x0,0x0,R/W,IDF v5.5.3 soc/esp32c3/register/soc/gpio_reg.h:309,
gpio,GPIO_PIN3,0x080,GPIO_PIN3_INT_ENA,13,5,RW,idf,0x0,0x0,0x0,R/W,IDF v5.5.3 soc/esp32c3/register/soc/gpio_reg.h:303,
gpio,GPIO_PIN4,0x084,GPIO_PIN4_SYNC2_BYPASS,0,2,RW,idf,0x0,0x0,0x0,R/W,IDF v5.5.3 soc/esp32c3/register/soc/gpio_reg.h:383,
gpio,GPIO_PIN4,0x084,GPIO_PIN4_PAD_DRIVER,2,1,RW,idf,0x0,0x0,0x0,R/W,IDF v5.5.3 soc/esp32c3/register/soc/gpio_reg.h:377,
gpio,GPIO_PIN4,0x084,GPIO_PIN4_SYNC1_BYPASS,3,2,RW,idf,0x0,0x0,0x0,R/W,IDF v5.5.3 soc/esp32c3/register/soc/gpio_reg.h:371,
gpio,GPIO_PIN4,0x084,GPIO_PIN4_INT_TYPE,7,3,RW,idf,0x0,0x0,0x0,R/W,IDF v5.5.3 soc/esp32c3/register/soc/gpio_reg.h:365,
gpio,GPIO_PIN4,0x084,GPIO_PIN4_WAKEUP_ENABLE,10,1,RW,idf,0x0,0x0,0x0,R/W,IDF v5.5.3 soc/esp32c3/register/soc/gpio_reg.h:359,
gpio,GPIO_PIN4,0x084,GPIO_PIN4_CONFIG,11,2,RW,idf,0x0,0x0,0x0,R/W,IDF v5.5.3 soc/esp32c3/register/soc/gpio_reg.h:353,
gpio,GPIO_PIN4,0x084,GPIO_PIN4_INT_ENA,13,5,RW,idf,0x0,0x0,0x0,R/W,IDF v5.5.3 soc/esp32c3/register/soc/gpio_reg.h:347,
gpio,GPIO_PIN5,0x088,GPIO_PIN5_SYNC2_BYPASS,0,2,RW,idf,0x0,0x0,0x0,R/W,IDF v5.5.3 soc/esp32c3/register/soc/gpio_reg.h:427,
gpio,GPIO_PIN5,0x088,GPIO_PIN5_PAD_DRIVER,2,1,RW,idf,0x0,0x0,0x0,R/W,IDF v5.5.3 soc/esp32c3/register/soc/gpio_reg.h:421,
gpio,GPIO_PIN5,0x088,GPIO_PIN5_SYNC1_BYPASS,3,2,RW,idf,0x0,0x0,0x0,R/W,IDF v5.5.3 soc/esp32c3/register/soc/gpio_reg.h:415,
gpio,GPIO_PIN5,0x088,GPIO_PIN5_INT_TYPE,7,3,RW,idf,0x0,0x0,0x0,R/W,IDF v5.5.3 soc/esp32c3/register/soc/gpio_reg.h:409,
gpio,GPIO_PIN5,0x088,GPIO_PIN5_WAKEUP_ENABLE,10,1,RW,idf,0x0,0x0,0x0,R/W,IDF v5.5.3 soc/esp32c3/register/soc/gpio_reg.h:403,
gpio,GPIO_PIN5,0x088,GPIO_PIN5_CONFIG,11,2,RW,idf,0x0,0x0,0x0,R/W,IDF v5.5.3 soc/esp32c3/register/soc/gpio_reg.h:397,
gpio,GPIO_PIN5,0x088,GPIO_PIN5_INT_ENA,13,5,RW,idf,0x0,0x0,0x0,R/W,IDF v5.5.3 soc/esp32c3/register/soc/gpio_reg.h:391,
gpio,GPIO_PIN6,0x08C,GPIO_PIN6_SYNC2_BYPASS,0,2,RW,idf,0x0,0x0,0x0,R/W,IDF v5.5.3 soc/esp32c3/register/soc/gpio_reg.h:471,
gpio,GPIO_PIN6,0x08C,GPIO_PIN6_PAD_DRIVER,2,1,RW,idf,0x0,0x0,0x0,R/W,IDF v5.5.3 soc/esp32c3/register/soc/gpio_reg.h:465,
gpio,GPIO_PIN6,0x08C,GPIO_PIN6_SYNC1_BYPASS,3,2,RW,idf,0x0,0x0,0x0,R/W,IDF v5.5.3 soc/esp32c3/register/soc/gpio_reg.h:459,
gpio,GPIO_PIN6,0x08C,GPIO_PIN6_INT_TYPE,7,3,RW,idf,0x0,0x0,0x0,R/W,IDF v5.5.3 soc/esp32c3/register/soc/gpio_reg.h:453,
gpio,GPIO_PIN6,0x08C,GPIO_PIN6_WAKEUP_ENABLE,10,1,RW,idf,0x0,0x0,0x0,R/W,IDF v5.5.3 soc/esp32c3/register/soc/gpio_reg.h:447,
gpio,GPIO_PIN6,0x08C,GPIO_PIN6_CONFIG,11,2,RW,idf,0x0,0x0,0x0,R/W,IDF v5.5.3 soc/esp32c3/register/soc/gpio_reg.h:441,
gpio,GPIO_PIN6,0x08C,GPIO_PIN6_INT_ENA,13,5,RW,idf,0x0,0x0,0x0,R/W,IDF v5.5.3 soc/esp32c3/register/soc/gpio_reg.h:435,
gpio,GPIO_PIN7,0x090,GPIO_PIN7_SYNC2_BYPASS,0,2,RW,idf,0x0,0x0,0x0,R/W,IDF v5.5.3 soc/esp32c3/register/soc/gpio_reg.h:515,
gpio,GPIO_PIN7,0x090,GPIO_PIN7_PAD_DRIVER,2,1,RW,idf,0x0,0x0,0x0,R/W,IDF v5.5.3 soc/esp32c3/register/soc/gpio_reg.h:509,
gpio,GPIO_PIN7,0x090,GPIO_PIN7_SYNC1_BYPASS,3,2,RW,idf,0x0,0x0,0x0,R/W,IDF v5.5.3 soc/esp32c3/register/soc/gpio_reg.h:503,
gpio,GPIO_PIN7,0x090,GPIO_PIN7_INT_TYPE,7,3,RW,idf,0x0,0x0,0x0,R/W,IDF v5.5.3 soc/esp32c3/register/soc/gpio_reg.h:497,
gpio,GPIO_PIN7,0x090,GPIO_PIN7_WAKEUP_ENABLE,10,1,RW,idf,0x0,0x0,0x0,R/W,IDF v5.5.3 soc/esp32c3/register/soc/gpio_reg.h:491,
gpio,GPIO_PIN7,0x090,GPIO_PIN7_CONFIG,11,2,RW,idf,0x0,0x0,0x0,R/W,IDF v5.5.3 soc/esp32c3/register/soc/gpio_reg.h:485,
gpio,GPIO_PIN7,0x090,GPIO_PIN7_INT_ENA,13,5,RW,idf,0x0,0x0,0x0,R/W,IDF v5.5.3 soc/esp32c3/register/soc/gpio_reg.h:479,
gpio,GPIO_PIN8,0x094,GPIO_PIN8_SYNC2_BYPASS,0,2,RW,idf,0x0,0x0,0x0,R/W,IDF v5.5.3 soc/esp32c3/register/soc/gpio_reg.h:559,
gpio,GPIO_PIN8,0x094,GPIO_PIN8_PAD_DRIVER,2,1,RW,idf,0x0,0x0,0x0,R/W,IDF v5.5.3 soc/esp32c3/register/soc/gpio_reg.h:553,
gpio,GPIO_PIN8,0x094,GPIO_PIN8_SYNC1_BYPASS,3,2,RW,idf,0x0,0x0,0x0,R/W,IDF v5.5.3 soc/esp32c3/register/soc/gpio_reg.h:547,
gpio,GPIO_PIN8,0x094,GPIO_PIN8_INT_TYPE,7,3,RW,idf,0x0,0x0,0x0,R/W,IDF v5.5.3 soc/esp32c3/register/soc/gpio_reg.h:541,
gpio,GPIO_PIN8,0x094,GPIO_PIN8_WAKEUP_ENABLE,10,1,RW,idf,0x0,0x0,0x0,R/W,IDF v5.5.3 soc/esp32c3/register/soc/gpio_reg.h:535,
gpio,GPIO_PIN8,0x094,GPIO_PIN8_CONFIG,11,2,RW,idf,0x0,0x0,0x0,R/W,IDF v5.5.3 soc/esp32c3/register/soc/gpio_reg.h:529,
gpio,GPIO_PIN8,0x094,GPIO_PIN8_INT_ENA,13,5,RW,idf,0x0,0x0,0x0,R/W,IDF v5.5.3 soc/esp32c3/register/soc/gpio_reg.h:523,
gpio,GPIO_PIN9,0x098,GPIO_PIN9_SYNC2_BYPASS,0,2,RW,idf,0x0,0x0,0x0,R/W,IDF v5.5.3 soc/esp32c3/register/soc/gpio_reg.h:603,
gpio,GPIO_PIN9,0x098,GPIO_PIN9_PAD_DRIVER,2,1,RW,idf,0x0,0x0,0x0,R/W,IDF v5.5.3 soc/esp32c3/register/soc/gpio_reg.h:597,
gpio,GPIO_PIN9,0x098,GPIO_PIN9_SYNC1_BYPASS,3,2,RW,idf,0x0,0x0,0x0,R/W,IDF v5.5.3 soc/esp32c3/register/soc/gpio_reg.h:591,
gpio,GPIO_PIN9,0x098,GPIO_PIN9_INT_TYPE,7,3,RW,idf,0x0,0x0,0x0,R/W,IDF v5.5.3 soc/esp32c3/register/soc/gpio_reg.h:585,
gpio,GPIO_PIN9,0x098,GPIO_PIN9_WAKEUP_ENABLE,10,1,RW,idf,0x0,0x0,0x0,R/W,IDF v5.5.3 soc/esp32c3/register/soc/gpio_reg.h:579,
gpio,GPIO_PIN9,0x098,GPIO_PIN9_CONFIG,11,2,RW,idf,0x0,0x0,0x0,R/W,IDF v5.5.3 soc/esp32c3/register/soc/gpio_reg.h:573,
gpio,GPIO_PIN9,0x098,GPIO_PIN9_INT_ENA,13,5,RW,idf,0x0,0x0,0x0,R/W,IDF v5.5.3 soc/esp32c3/register/soc/gpio_reg.h:567,
gpio,GPIO_PIN10,0x09C,GPIO_PIN10_SYNC2_BYPASS,0,2,RW,idf,0x0,0x0,0x0,R/W,IDF v5.5.3 soc/esp32c3/register/soc/gpio_reg.h:647,
gpio,GPIO_PIN10,0x09C,GPIO_PIN10_PAD_DRIVER,2,1,RW,idf,0x0,0x0,0x0,R/W,IDF v5.5.3 soc/esp32c3/register/soc/gpio_reg.h:641,
gpio,GPIO_PIN10,0x09C,GPIO_PIN10_SYNC1_BYPASS,3,2,RW,idf,0x0,0x0,0x0,R/W,IDF v5.5.3 soc/esp32c3/register/soc/gpio_reg.h:635,
gpio,GPIO_PIN10,0x09C,GPIO_PIN10_INT_TYPE,7,3,RW,idf,0x0,0x0,0x0,R/W,IDF v5.5.3 soc/esp32c3/register/soc/gpio_reg.h:629,
gpio,GPIO_PIN10,0x09C,GPIO_PIN10_WAKEUP_ENABLE,10,1,RW,idf,0x0,0x0,0x0,R/W,IDF v5.5.3 soc/esp32c3/register/soc/gpio_reg.h:623,
gpio,GPIO_PIN10,0x09C,GPIO_PIN10_CONFIG,11,2,RW,idf,0x0,0x0,0x0,R/W,IDF v5.5.3 soc/esp32c3/register/soc/gpio_reg.h:617,
gpio,GPIO_PIN10,0x09C,GPIO_PIN10_INT_ENA,13,5,RW,idf,0x0,0x0,0x0,R/W,IDF v5.5.3 soc/esp32c3/register/soc/gpio_reg.h:611,
gpio,GPIO_PIN11,0x0A0,GPIO_PIN11_SYNC2_BYPASS,0,2,RW,idf,0x0,0x0,0x0,R/W,IDF v5.5.3 soc/esp32c3/register/soc/gpio_reg.h:691,
gpio,GPIO_PIN11,0x0A0,GPIO_PIN11_PAD_DRIVER,2,1,RW,idf,0x0,0x0,0x0,R/W,IDF v5.5.3 soc/esp32c3/register/soc/gpio_reg.h:685,
gpio,GPIO_PIN11,0x0A0,GPIO_PIN11_SYNC1_BYPASS,3,2,RW,idf,0x0,0x0,0x0,R/W,IDF v5.5.3 soc/esp32c3/register/soc/gpio_reg.h:679,
gpio,GPIO_PIN11,0x0A0,GPIO_PIN11_INT_TYPE,7,3,RW,idf,0x0,0x0,0x0,R/W,IDF v5.5.3 soc/esp32c3/register/soc/gpio_reg.h:673,
gpio,GPIO_PIN11,0x0A0,GPIO_PIN11_WAKEUP_ENABLE,10,1,RW,idf,0x0,0x0,0x0,R/W,IDF v5.5.3 soc/esp32c3/register/soc/gpio_reg.h:667,
gpio,GPIO_PIN11,0x0A0,GPIO_PIN11_CONFIG,11,2,RW,idf,0x0,0x0,0x0,R/W,IDF v5.5.3 soc/esp32c3/register/soc/gpio_reg.h:661,
gpio,GPIO_PIN11,0x0A0,GPIO_PIN11_INT_ENA,13,5,RW,idf,0x0,0x0,0x0,R/W,IDF v5.5.3 soc/esp32c3/register/soc/gpio_reg.h:655,
gpio,GPIO_PIN12,0x0A4,GPIO_PIN12_SYNC2_BYPASS,0,2,RW,idf,0x0,0x0,0x0,R/W,IDF v5.5.3 soc/esp32c3/register/soc/gpio_reg.h:735,
gpio,GPIO_PIN12,0x0A4,GPIO_PIN12_PAD_DRIVER,2,1,RW,idf,0x0,0x0,0x0,R/W,IDF v5.5.3 soc/esp32c3/register/soc/gpio_reg.h:729,
gpio,GPIO_PIN12,0x0A4,GPIO_PIN12_SYNC1_BYPASS,3,2,RW,idf,0x0,0x0,0x0,R/W,IDF v5.5.3 soc/esp32c3/register/soc/gpio_reg.h:723,
gpio,GPIO_PIN12,0x0A4,GPIO_PIN12_INT_TYPE,7,3,RW,idf,0x0,0x0,0x0,R/W,IDF v5.5.3 soc/esp32c3/register/soc/gpio_reg.h:717,
gpio,GPIO_PIN12,0x0A4,GPIO_PIN12_WAKEUP_ENABLE,10,1,RW,idf,0x0,0x0,0x0,R/W,IDF v5.5.3 soc/esp32c3/register/soc/gpio_reg.h:711,
gpio,GPIO_PIN12,0x0A4,GPIO_PIN12_CONFIG,11,2,RW,idf,0x0,0x0,0x0,R/W,IDF v5.5.3 soc/esp32c3/register/soc/gpio_reg.h:705,
gpio,GPIO_PIN12,0x0A4,GPIO_PIN12_INT_ENA,13,5,RW,idf,0x0,0x0,0x0,R/W,IDF v5.5.3 soc/esp32c3/register/soc/gpio_reg.h:699,
gpio,GPIO_PIN13,0x0A8,GPIO_PIN13_SYNC2_BYPASS,0,2,RW,idf,0x0,0x0,0x0,R/W,IDF v5.5.3 soc/esp32c3/register/soc/gpio_reg.h:779,
gpio,GPIO_PIN13,0x0A8,GPIO_PIN13_PAD_DRIVER,2,1,RW,idf,0x0,0x0,0x0,R/W,IDF v5.5.3 soc/esp32c3/register/soc/gpio_reg.h:773,
gpio,GPIO_PIN13,0x0A8,GPIO_PIN13_SYNC1_BYPASS,3,2,RW,idf,0x0,0x0,0x0,R/W,IDF v5.5.3 soc/esp32c3/register/soc/gpio_reg.h:767,
gpio,GPIO_PIN13,0x0A8,GPIO_PIN13_INT_TYPE,7,3,RW,idf,0x0,0x0,0x0,R/W,IDF v5.5.3 soc/esp32c3/register/soc/gpio_reg.h:761,
gpio,GPIO_PIN13,0x0A8,GPIO_PIN13_WAKEUP_ENABLE,10,1,RW,idf,0x0,0x0,0x0,R/W,IDF v5.5.3 soc/esp32c3/register/soc/gpio_reg.h:755,
gpio,GPIO_PIN13,0x0A8,GPIO_PIN13_CONFIG,11,2,RW,idf,0x0,0x0,0x0,R/W,IDF v5.5.3 soc/esp32c3/register/soc/gpio_reg.h:749,
gpio,GPIO_PIN13,0x0A8,GPIO_PIN13_INT_ENA,13,5,RW,idf,0x0,0x0,0x0,R/W,IDF v5.5.3 soc/esp32c3/register/soc/gpio_reg.h:743,
gpio,GPIO_PIN14,0x0AC,GPIO_PIN14_SYNC2_BYPASS,0,2,RW,idf,0x0,0x0,0x0,R/W,IDF v5.5.3 soc/esp32c3/register/soc/gpio_reg.h:823,
gpio,GPIO_PIN14,0x0AC,GPIO_PIN14_PAD_DRIVER,2,1,RW,idf,0x0,0x0,0x0,R/W,IDF v5.5.3 soc/esp32c3/register/soc/gpio_reg.h:817,
gpio,GPIO_PIN14,0x0AC,GPIO_PIN14_SYNC1_BYPASS,3,2,RW,idf,0x0,0x0,0x0,R/W,IDF v5.5.3 soc/esp32c3/register/soc/gpio_reg.h:811,
gpio,GPIO_PIN14,0x0AC,GPIO_PIN14_INT_TYPE,7,3,RW,idf,0x0,0x0,0x0,R/W,IDF v5.5.3 soc/esp32c3/register/soc/gpio_reg.h:805,
gpio,GPIO_PIN14,0x0AC,GPIO_PIN14_WAKEUP_ENABLE,10,1,RW,idf,0x0,0x0,0x0,R/W,IDF v5.5.3 soc/esp32c3/register/soc/gpio_reg.h:799,
gpio,GPIO_PIN14,0x0AC,GPIO_PIN14_CONFIG,11,2,RW,idf,0x0,0x0,0x0,R/W,IDF v5.5.3 soc/esp32c3/register/soc/gpio_reg.h:793,
gpio,GPIO_PIN14,0x0AC,GPIO_PIN14_INT_ENA,13,5,RW,idf,0x0,0x0,0x0,R/W,IDF v5.5.3 soc/esp32c3/register/soc/gpio_reg.h:787,
gpio,GPIO_PIN15,0x0B0,GPIO_PIN15_SYNC2_BYPASS,0,2,RW,idf,0x0,0x0,0x0,R/W,IDF v5.5.3 soc/esp32c3/register/soc/gpio_reg.h:867,
gpio,GPIO_PIN15,0x0B0,GPIO_PIN15_PAD_DRIVER,2,1,RW,idf,0x0,0x0,0x0,R/W,IDF v5.5.3 soc/esp32c3/register/soc/gpio_reg.h:861,
gpio,GPIO_PIN15,0x0B0,GPIO_PIN15_SYNC1_BYPASS,3,2,RW,idf,0x0,0x0,0x0,R/W,IDF v5.5.3 soc/esp32c3/register/soc/gpio_reg.h:855,
gpio,GPIO_PIN15,0x0B0,GPIO_PIN15_INT_TYPE,7,3,RW,idf,0x0,0x0,0x0,R/W,IDF v5.5.3 soc/esp32c3/register/soc/gpio_reg.h:849,
gpio,GPIO_PIN15,0x0B0,GPIO_PIN15_WAKEUP_ENABLE,10,1,RW,idf,0x0,0x0,0x0,R/W,IDF v5.5.3 soc/esp32c3/register/soc/gpio_reg.h:843,
gpio,GPIO_PIN15,0x0B0,GPIO_PIN15_CONFIG,11,2,RW,idf,0x0,0x0,0x0,R/W,IDF v5.5.3 soc/esp32c3/register/soc/gpio_reg.h:837,
gpio,GPIO_PIN15,0x0B0,GPIO_PIN15_INT_ENA,13,5,RW,idf,0x0,0x0,0x0,R/W,IDF v5.5.3 soc/esp32c3/register/soc/gpio_reg.h:831,
gpio,GPIO_PIN16,0x0B4,GPIO_PIN16_SYNC2_BYPASS,0,2,RW,idf,0x0,0x0,0x0,R/W,IDF v5.5.3 soc/esp32c3/register/soc/gpio_reg.h:911,
gpio,GPIO_PIN16,0x0B4,GPIO_PIN16_PAD_DRIVER,2,1,RW,idf,0x0,0x0,0x0,R/W,IDF v5.5.3 soc/esp32c3/register/soc/gpio_reg.h:905,
gpio,GPIO_PIN16,0x0B4,GPIO_PIN16_SYNC1_BYPASS,3,2,RW,idf,0x0,0x0,0x0,R/W,IDF v5.5.3 soc/esp32c3/register/soc/gpio_reg.h:899,
gpio,GPIO_PIN16,0x0B4,GPIO_PIN16_INT_TYPE,7,3,RW,idf,0x0,0x0,0x0,R/W,IDF v5.5.3 soc/esp32c3/register/soc/gpio_reg.h:893,
gpio,GPIO_PIN16,0x0B4,GPIO_PIN16_WAKEUP_ENABLE,10,1,RW,idf,0x0,0x0,0x0,R/W,IDF v5.5.3 soc/esp32c3/register/soc/gpio_reg.h:887,
gpio,GPIO_PIN16,0x0B4,GPIO_PIN16_CONFIG,11,2,RW,idf,0x0,0x0,0x0,R/W,IDF v5.5.3 soc/esp32c3/register/soc/gpio_reg.h:881,
gpio,GPIO_PIN16,0x0B4,GPIO_PIN16_INT_ENA,13,5,RW,idf,0x0,0x0,0x0,R/W,IDF v5.5.3 soc/esp32c3/register/soc/gpio_reg.h:875,
gpio,GPIO_PIN17,0x0B8,GPIO_PIN17_SYNC2_BYPASS,0,2,RW,idf,0x0,0x0,0x0,R/W,IDF v5.5.3 soc/esp32c3/register/soc/gpio_reg.h:955,
gpio,GPIO_PIN17,0x0B8,GPIO_PIN17_PAD_DRIVER,2,1,RW,idf,0x0,0x0,0x0,R/W,IDF v5.5.3 soc/esp32c3/register/soc/gpio_reg.h:949,
gpio,GPIO_PIN17,0x0B8,GPIO_PIN17_SYNC1_BYPASS,3,2,RW,idf,0x0,0x0,0x0,R/W,IDF v5.5.3 soc/esp32c3/register/soc/gpio_reg.h:943,
gpio,GPIO_PIN17,0x0B8,GPIO_PIN17_INT_TYPE,7,3,RW,idf,0x0,0x0,0x0,R/W,IDF v5.5.3 soc/esp32c3/register/soc/gpio_reg.h:937,
gpio,GPIO_PIN17,0x0B8,GPIO_PIN17_WAKEUP_ENABLE,10,1,RW,idf,0x0,0x0,0x0,R/W,IDF v5.5.3 soc/esp32c3/register/soc/gpio_reg.h:931,
gpio,GPIO_PIN17,0x0B8,GPIO_PIN17_CONFIG,11,2,RW,idf,0x0,0x0,0x0,R/W,IDF v5.5.3 soc/esp32c3/register/soc/gpio_reg.h:925,
gpio,GPIO_PIN17,0x0B8,GPIO_PIN17_INT_ENA,13,5,RW,idf,0x0,0x0,0x0,R/W,IDF v5.5.3 soc/esp32c3/register/soc/gpio_reg.h:919,
gpio,GPIO_PIN18,0x0BC,GPIO_PIN18_SYNC2_BYPASS,0,2,RW,idf,0x0,0x0,0x0,R/W,IDF v5.5.3 soc/esp32c3/register/soc/gpio_reg.h:999,
gpio,GPIO_PIN18,0x0BC,GPIO_PIN18_PAD_DRIVER,2,1,RW,idf,0x0,0x0,0x0,R/W,IDF v5.5.3 soc/esp32c3/register/soc/gpio_reg.h:993,
gpio,GPIO_PIN18,0x0BC,GPIO_PIN18_SYNC1_BYPASS,3,2,RW,idf,0x0,0x0,0x0,R/W,IDF v5.5.3 soc/esp32c3/register/soc/gpio_reg.h:987,
gpio,GPIO_PIN18,0x0BC,GPIO_PIN18_INT_TYPE,7,3,RW,idf,0x0,0x0,0x0,R/W,IDF v5.5.3 soc/esp32c3/register/soc/gpio_reg.h:981,
gpio,GPIO_PIN18,0x0BC,GPIO_PIN18_WAKEUP_ENABLE,10,1,RW,idf,0x0,0x0,0x0,R/W,IDF v5.5.3 soc/esp32c3/register/soc/gpio_reg.h:975,
gpio,GPIO_PIN18,0x0BC,GPIO_PIN18_CONFIG,11,2,RW,idf,0x0,0x0,0x0,R/W,IDF v5.5.3 soc/esp32c3/register/soc/gpio_reg.h:969,
gpio,GPIO_PIN18,0x0BC,GPIO_PIN18_INT_ENA,13,5,RW,idf,0x0,0x0,0x0,R/W,IDF v5.5.3 soc/esp32c3/register/soc/gpio_reg.h:963,
gpio,GPIO_PIN19,0x0C0,GPIO_PIN19_SYNC2_BYPASS,0,2,RW,idf,0x0,0x0,0x0,R/W,IDF v5.5.3 soc/esp32c3/register/soc/gpio_reg.h:1043,
gpio,GPIO_PIN19,0x0C0,GPIO_PIN19_PAD_DRIVER,2,1,RW,idf,0x0,0x0,0x0,R/W,IDF v5.5.3 soc/esp32c3/register/soc/gpio_reg.h:1037,
gpio,GPIO_PIN19,0x0C0,GPIO_PIN19_SYNC1_BYPASS,3,2,RW,idf,0x0,0x0,0x0,R/W,IDF v5.5.3 soc/esp32c3/register/soc/gpio_reg.h:1031,
gpio,GPIO_PIN19,0x0C0,GPIO_PIN19_INT_TYPE,7,3,RW,idf,0x0,0x0,0x0,R/W,IDF v5.5.3 soc/esp32c3/register/soc/gpio_reg.h:1025,
gpio,GPIO_PIN19,0x0C0,GPIO_PIN19_WAKEUP_ENABLE,10,1,RW,idf,0x0,0x0,0x0,R/W,IDF v5.5.3 soc/esp32c3/register/soc/gpio_reg.h:1019,
gpio,GPIO_PIN19,0x0C0,GPIO_PIN19_CONFIG,11,2,RW,idf,0x0,0x0,0x0,R/W,IDF v5.5.3 soc/esp32c3/register/soc/gpio_reg.h:1013,
gpio,GPIO_PIN19,0x0C0,GPIO_PIN19_INT_ENA,13,5,RW,idf,0x0,0x0,0x0,R/W,IDF v5.5.3 soc/esp32c3/register/soc/gpio_reg.h:1007,
gpio,GPIO_PIN20,0x0C4,GPIO_PIN20_SYNC2_BYPASS,0,2,RW,idf,0x0,0x0,0x0,R/W,IDF v5.5.3 soc/esp32c3/register/soc/gpio_reg.h:1087,
gpio,GPIO_PIN20,0x0C4,GPIO_PIN20_PAD_DRIVER,2,1,RW,idf,0x0,0x0,0x0,R/W,IDF v5.5.3 soc/esp32c3/register/soc/gpio_reg.h:1081,
gpio,GPIO_PIN20,0x0C4,GPIO_PIN20_SYNC1_BYPASS,3,2,RW,idf,0x0,0x0,0x0,R/W,IDF v5.5.3 soc/esp32c3/register/soc/gpio_reg.h:1075,
gpio,GPIO_PIN20,0x0C4,GPIO_PIN20_INT_TYPE,7,3,RW,idf,0x0,0x0,0x0,R/W,IDF v5.5.3 soc/esp32c3/register/soc/gpio_reg.h:1069,
gpio,GPIO_PIN20,0x0C4,GPIO_PIN20_WAKEUP_ENABLE,10,1,RW,idf,0x0,0x0,0x0,R/W,IDF v5.5.3 soc/esp32c3/register/soc/gpio_reg.h:1063,
gpio,GPIO_PIN20,0x0C4,GPIO_PIN20_CONFIG,11,2,RW,idf,0x0,0x0,0x0,R/W,IDF v5.5.3 soc/esp32c3/register/soc/gpio_reg.h:1057,
gpio,GPIO_PIN20,0x0C4,GPIO_PIN20_INT_ENA,13,5,RW,idf,0x0,0x0,0x0,R/W,IDF v5.5.3 soc/esp32c3/register/soc/gpio_reg.h:1051,
gpio,GPIO_PIN21,0x0C8,GPIO_PIN21_SYNC2_BYPASS,0,2,RW,idf,0x0,0x0,0x0,R/W,IDF v5.5.3 soc/esp32c3/register/soc/gpio_reg.h:1131,
gpio,GPIO_PIN21,0x0C8,GPIO_PIN21_PAD_DRIVER,2,1,RW,idf,0x0,0x0,0x0,R/W,IDF v5.5.3 soc/esp32c3/register/soc/gpio_reg.h:1125,
gpio,GPIO_PIN21,0x0C8,GPIO_PIN21_SYNC1_BYPASS,3,2,RW,idf,0x0,0x0,0x0,R/W,IDF v5.5.3 soc/esp32c3/register/soc/gpio_reg.h:1119,
gpio,GPIO_PIN21,0x0C8,GPIO_PIN21_INT_TYPE,7,3,RW,idf,0x0,0x0,0x0,R/W,IDF v5.5.3 soc/esp32c3/register/soc/gpio_reg.h:1113,
gpio,GPIO_PIN21,0x0C8,GPIO_PIN21_WAKEUP_ENABLE,10,1,RW,idf,0x0,0x0,0x0,R/W,IDF v5.5.3 soc/esp32c3/register/soc/gpio_reg.h:1107,
gpio,GPIO_PIN21,0x0C8,GPIO_PIN21_CONFIG,11,2,RW,idf,0x0,0x0,0x0,R/W,IDF v5.5.3 soc/esp32c3/register/soc/gpio_reg.h:1101,
gpio,GPIO_PIN21,0x0C8,GPIO_PIN21_INT_ENA,13,5,RW,idf,0x0,0x0,0x0,R/W,IDF v5.5.3 soc/esp32c3/register/soc/gpio_reg.h:1095,
gpio,GPIO_PIN22,0x0CC,GPIO_PIN22_SYNC2_BYPASS,0,2,RW,idf,0x0,0x0,0x0,R/W,IDF v5.5.3 soc/esp32c3/register/soc/gpio_reg.h:1175,
gpio,GPIO_PIN22,0x0CC,GPIO_PIN22_PAD_DRIVER,2,1,RW,idf,0x0,0x0,0x0,R/W,IDF v5.5.3 soc/esp32c3/register/soc/gpio_reg.h:1169,
gpio,GPIO_PIN22,0x0CC,GPIO_PIN22_SYNC1_BYPASS,3,2,RW,idf,0x0,0x0,0x0,R/W,IDF v5.5.3 soc/esp32c3/register/soc/gpio_reg.h:1163,
gpio,GPIO_PIN22,0x0CC,GPIO_PIN22_INT_TYPE,7,3,RW,idf,0x0,0x0,0x0,R/W,IDF v5.5.3 soc/esp32c3/register/soc/gpio_reg.h:1157,
gpio,GPIO_PIN22,0x0CC,GPIO_PIN22_WAKEUP_ENABLE,10,1,RW,idf,0x0,0x0,0x0,R/W,IDF v5.5.3 soc/esp32c3/register/soc/gpio_reg.h:1151,
gpio,GPIO_PIN22,0x0CC,GPIO_PIN22_CONFIG,11,2,RW,idf,0x0,0x0,0x0,R/W,IDF v5.5.3 soc/esp32c3/register/soc/gpio_reg.h:1145,
gpio,GPIO_PIN22,0x0CC,GPIO_PIN22_INT_ENA,13,5,RW,idf,0x0,0x0,0x0,R/W,IDF v5.5.3 soc/esp32c3/register/soc/gpio_reg.h:1139,
gpio,GPIO_PIN23,0x0D0,GPIO_PIN23_SYNC2_BYPASS,0,2,RW,idf,0x0,0x0,0x0,R/W,IDF v5.5.3 soc/esp32c3/register/soc/gpio_reg.h:1219,
gpio,GPIO_PIN23,0x0D0,GPIO_PIN23_PAD_DRIVER,2,1,RW,idf,0x0,0x0,0x0,R/W,IDF v5.5.3 soc/esp32c3/register/soc/gpio_reg.h:1213,
gpio,GPIO_PIN23,0x0D0,GPIO_PIN23_SYNC1_BYPASS,3,2,RW,idf,0x0,0x0,0x0,R/W,IDF v5.5.3 soc/esp32c3/register/soc/gpio_reg.h:1207,
gpio,GPIO_PIN23,0x0D0,GPIO_PIN23_INT_TYPE,7,3,RW,idf,0x0,0x0,0x0,R/W,IDF v5.5.3 soc/esp32c3/register/soc/gpio_reg.h:1201,
gpio,GPIO_PIN23,0x0D0,GPIO_PIN23_WAKEUP_ENABLE,10,1,RW,idf,0x0,0x0,0x0,R/W,IDF v5.5.3 soc/esp32c3/register/soc/gpio_reg.h:1195,
gpio,GPIO_PIN23,0x0D0,GPIO_PIN23_CONFIG,11,2,RW,idf,0x0,0x0,0x0,R/W,IDF v5.5.3 soc/esp32c3/register/soc/gpio_reg.h:1189,
gpio,GPIO_PIN23,0x0D0,GPIO_PIN23_INT_ENA,13,5,RW,idf,0x0,0x0,0x0,R/W,IDF v5.5.3 soc/esp32c3/register/soc/gpio_reg.h:1183,
gpio,GPIO_PIN24,0x0D4,GPIO_PIN24_SYNC2_BYPASS,0,2,RW,idf,0x0,0x0,0x0,R/W,IDF v5.5.3 soc/esp32c3/register/soc/gpio_reg.h:1263,
gpio,GPIO_PIN24,0x0D4,GPIO_PIN24_PAD_DRIVER,2,1,RW,idf,0x0,0x0,0x0,R/W,IDF v5.5.3 soc/esp32c3/register/soc/gpio_reg.h:1257,
gpio,GPIO_PIN24,0x0D4,GPIO_PIN24_SYNC1_BYPASS,3,2,RW,idf,0x0,0x0,0x0,R/W,IDF v5.5.3 soc/esp32c3/register/soc/gpio_reg.h:1251,
gpio,GPIO_PIN24,0x0D4,GPIO_PIN24_INT_TYPE,7,3,RW,idf,0x0,0x0,0x0,R/W,IDF v5.5.3 soc/esp32c3/register/soc/gpio_reg.h:1245,
gpio,GPIO_PIN24,0x0D4,GPIO_PIN24_WAKEUP_ENABLE,10,1,RW,idf,0x0,0x0,0x0,R/W,IDF v5.5.3 soc/esp32c3/register/soc/gpio_reg.h:1239,
gpio,GPIO_PIN24,0x0D4,GPIO_PIN24_CONFIG,11,2,RW,idf,0x0,0x0,0x0,R/W,IDF v5.5.3 soc/esp32c3/register/soc/gpio_reg.h:1233,
gpio,GPIO_PIN24,0x0D4,GPIO_PIN24_INT_ENA,13,5,RW,idf,0x0,0x0,0x0,R/W,IDF v5.5.3 soc/esp32c3/register/soc/gpio_reg.h:1227,
gpio,GPIO_PIN25,0x0D8,GPIO_PIN25_SYNC2_BYPASS,0,2,RW,idf,0x0,0x0,0x0,R/W,IDF v5.5.3 soc/esp32c3/register/soc/gpio_reg.h:1307,
gpio,GPIO_PIN25,0x0D8,GPIO_PIN25_PAD_DRIVER,2,1,RW,idf,0x0,0x0,0x0,R/W,IDF v5.5.3 soc/esp32c3/register/soc/gpio_reg.h:1301,
gpio,GPIO_PIN25,0x0D8,GPIO_PIN25_SYNC1_BYPASS,3,2,RW,idf,0x0,0x0,0x0,R/W,IDF v5.5.3 soc/esp32c3/register/soc/gpio_reg.h:1295,
gpio,GPIO_PIN25,0x0D8,GPIO_PIN25_INT_TYPE,7,3,RW,idf,0x0,0x0,0x0,R/W,IDF v5.5.3 soc/esp32c3/register/soc/gpio_reg.h:1289,
gpio,GPIO_PIN25,0x0D8,GPIO_PIN25_WAKEUP_ENABLE,10,1,RW,idf,0x0,0x0,0x0,R/W,IDF v5.5.3 soc/esp32c3/register/soc/gpio_reg.h:1283,
gpio,GPIO_PIN25,0x0D8,GPIO_PIN25_CONFIG,11,2,RW,idf,0x0,0x0,0x0,R/W,IDF v5.5.3 soc/esp32c3/register/soc/gpio_reg.h:1277,
gpio,GPIO_PIN25,0x0D8,GPIO_PIN25_INT_ENA,13,5,RW,idf,0x0,0x0,0x0,R/W,IDF v5.5.3 soc/esp32c3/register/soc/gpio_reg.h:1271,
gpio,GPIO_STATUS_NEXT,0x14C,GPIO_STATUS_INTERRUPT_NEXT,0,26,RO,idf,0x0,0x0,0x0,RO,IDF v5.5.3 soc/esp32c3/register/soc/gpio_reg.h:1315,
gpio,GPIO_FUNC0_IN_SEL_CFG,0x154,GPIO_FUNC0_IN_SEL,0,5,RW,idf,0x0,0x0,0x0,R/W,IDF v5.5.3 soc/esp32c3/register/soc/gpio_reg.h:1335,
gpio,GPIO_FUNC0_IN_SEL_CFG,0x154,GPIO_FUNC0_IN_INV_SEL,5,1,RW,idf,0x0,0x0,0x0,R/W,IDF v5.5.3 soc/esp32c3/register/soc/gpio_reg.h:1329,
gpio,GPIO_FUNC0_IN_SEL_CFG,0x154,GPIO_SIG0_IN_SEL,6,1,RW,idf,0x0,0x0,0x0,R/W,IDF v5.5.3 soc/esp32c3/register/soc/gpio_reg.h:1323,
gpio,GPIO_FUNC1_IN_SEL_CFG,0x158,GPIO_FUNC1_IN_SEL,0,5,RW,idf,0x0,0x0,0x0,R/W,IDF v5.5.3 soc/esp32c3/register/soc/gpio_reg.h:1355,
gpio,GPIO_FUNC1_IN_SEL_CFG,0x158,GPIO_FUNC1_IN_INV_SEL,5,1,RW,idf,0x0,0x0,0x0,R/W,IDF v5.5.3 soc/esp32c3/register/soc/gpio_reg.h:1349,
gpio,GPIO_FUNC1_IN_SEL_CFG,0x158,GPIO_SIG1_IN_SEL,6,1,RW,idf,0x0,0x0,0x0,R/W,IDF v5.5.3 soc/esp32c3/register/soc/gpio_reg.h:1343,
gpio,GPIO_FUNC2_IN_SEL_CFG,0x15C,GPIO_FUNC2_IN_SEL,0,5,RW,idf,0x0,0x0,0x0,R/W,IDF v5.5.3 soc/esp32c3/register/soc/gpio_reg.h:1375,
gpio,GPIO_FUNC2_IN_SEL_CFG,0x15C,GPIO_FUNC2_IN_INV_SEL,5,1,RW,idf,0x0,0x0,0x0,R/W,IDF v5.5.3 soc/esp32c3/register/soc/gpio_reg.h:1369,
gpio,GPIO_FUNC2_IN_SEL_CFG,0x15C,GPIO_SIG2_IN_SEL,6,1,RW,idf,0x0,0x0,0x0,R/W,IDF v5.5.3 soc/esp32c3/register/soc/gpio_reg.h:1363,
gpio,GPIO_FUNC3_IN_SEL_CFG,0x160,GPIO_FUNC3_IN_SEL,0,5,RW,idf,0x0,0x0,0x0,R/W,IDF v5.5.3 soc/esp32c3/register/soc/gpio_reg.h:1395,
gpio,GPIO_FUNC3_IN_SEL_CFG,0x160,GPIO_FUNC3_IN_INV_SEL,5,1,RW,idf,0x0,0x0,0x0,R/W,IDF v5.5.3 soc/esp32c3/register/soc/gpio_reg.h:1389,
gpio,GPIO_FUNC3_IN_SEL_CFG,0x160,GPIO_SIG3_IN_SEL,6,1,RW,idf,0x0,0x0,0x0,R/W,IDF v5.5.3 soc/esp32c3/register/soc/gpio_reg.h:1383,
gpio,GPIO_FUNC4_IN_SEL_CFG,0x164,GPIO_FUNC4_IN_SEL,0,5,RW,idf,0x0,0x0,0x0,R/W,IDF v5.5.3 soc/esp32c3/register/soc/gpio_reg.h:1415,
gpio,GPIO_FUNC4_IN_SEL_CFG,0x164,GPIO_FUNC4_IN_INV_SEL,5,1,RW,idf,0x0,0x0,0x0,R/W,IDF v5.5.3 soc/esp32c3/register/soc/gpio_reg.h:1409,
gpio,GPIO_FUNC4_IN_SEL_CFG,0x164,GPIO_SIG4_IN_SEL,6,1,RW,idf,0x0,0x0,0x0,R/W,IDF v5.5.3 soc/esp32c3/register/soc/gpio_reg.h:1403,
gpio,GPIO_FUNC5_IN_SEL_CFG,0x168,GPIO_FUNC5_IN_SEL,0,5,RW,idf,0x0,0x0,0x0,R/W,IDF v5.5.3 soc/esp32c3/register/soc/gpio_reg.h:1435,
gpio,GPIO_FUNC5_IN_SEL_CFG,0x168,GPIO_FUNC5_IN_INV_SEL,5,1,RW,idf,0x0,0x0,0x0,R/W,IDF v5.5.3 soc/esp32c3/register/soc/gpio_reg.h:1429,
gpio,GPIO_FUNC5_IN_SEL_CFG,0x168,GPIO_SIG5_IN_SEL,6,1,RW,idf,0x0,0x0,0x0,R/W,IDF v5.5.3 soc/esp32c3/register/soc/gpio_reg.h:1423,
gpio,GPIO_FUNC6_IN_SEL_CFG,0x16C,GPIO_FUNC6_IN_SEL,0,5,RW,idf,0x0,0x0,0x0,R/W,IDF v5.5.3 soc/esp32c3/register/soc/gpio_reg.h:1455,
gpio,GPIO_FUNC6_IN_SEL_CFG,0x16C,GPIO_FUNC6_IN_INV_SEL,5,1,RW,idf,0x0,0x0,0x0,R/W,IDF v5.5.3 soc/esp32c3/register/soc/gpio_reg.h:1449,
gpio,GPIO_FUNC6_IN_SEL_CFG,0x16C,GPIO_SIG6_IN_SEL,6,1,RW,idf,0x0,0x0,0x0,R/W,IDF v5.5.3 soc/esp32c3/register/soc/gpio_reg.h:1443,
gpio,GPIO_FUNC7_IN_SEL_CFG,0x170,GPIO_FUNC7_IN_SEL,0,5,RW,idf,0x0,0x0,0x0,R/W,IDF v5.5.3 soc/esp32c3/register/soc/gpio_reg.h:1475,
gpio,GPIO_FUNC7_IN_SEL_CFG,0x170,GPIO_FUNC7_IN_INV_SEL,5,1,RW,idf,0x0,0x0,0x0,R/W,IDF v5.5.3 soc/esp32c3/register/soc/gpio_reg.h:1469,
gpio,GPIO_FUNC7_IN_SEL_CFG,0x170,GPIO_SIG7_IN_SEL,6,1,RW,idf,0x0,0x0,0x0,R/W,IDF v5.5.3 soc/esp32c3/register/soc/gpio_reg.h:1463,
gpio,GPIO_FUNC8_IN_SEL_CFG,0x174,GPIO_FUNC8_IN_SEL,0,5,RW,idf,0x0,0x0,0x0,R/W,IDF v5.5.3 soc/esp32c3/register/soc/gpio_reg.h:1495,
gpio,GPIO_FUNC8_IN_SEL_CFG,0x174,GPIO_FUNC8_IN_INV_SEL,5,1,RW,idf,0x0,0x0,0x0,R/W,IDF v5.5.3 soc/esp32c3/register/soc/gpio_reg.h:1489,
gpio,GPIO_FUNC8_IN_SEL_CFG,0x174,GPIO_SIG8_IN_SEL,6,1,RW,idf,0x0,0x0,0x0,R/W,IDF v5.5.3 soc/esp32c3/register/soc/gpio_reg.h:1483,
gpio,GPIO_FUNC9_IN_SEL_CFG,0x178,GPIO_FUNC9_IN_SEL,0,5,RW,idf,0x0,0x0,0x0,R/W,IDF v5.5.3 soc/esp32c3/register/soc/gpio_reg.h:1515,
gpio,GPIO_FUNC9_IN_SEL_CFG,0x178,GPIO_FUNC9_IN_INV_SEL,5,1,RW,idf,0x0,0x0,0x0,R/W,IDF v5.5.3 soc/esp32c3/register/soc/gpio_reg.h:1509,
gpio,GPIO_FUNC9_IN_SEL_CFG,0x178,GPIO_SIG9_IN_SEL,6,1,RW,idf,0x0,0x0,0x0,R/W,IDF v5.5.3 soc/esp32c3/register/soc/gpio_reg.h:1503,
gpio,GPIO_FUNC10_IN_SEL_CFG,0x17C,GPIO_FUNC10_IN_SEL,0,5,RW,idf,0x0,0x0,0x0,R/W,IDF v5.5.3 soc/esp32c3/register/soc/gpio_reg.h:1535,
gpio,GPIO_FUNC10_IN_SEL_CFG,0x17C,GPIO_FUNC10_IN_INV_SEL,5,1,RW,idf,0x0,0x0,0x0,R/W,IDF v5.5.3 soc/esp32c3/register/soc/gpio_reg.h:1529,
gpio,GPIO_FUNC10_IN_SEL_CFG,0x17C,GPIO_SIG10_IN_SEL,6,1,RW,idf,0x0,0x0,0x0,R/W,IDF v5.5.3 soc/esp32c3/register/soc/gpio_reg.h:1523,
gpio,GPIO_FUNC11_IN_SEL_CFG,0x180,GPIO_FUNC11_IN_SEL,0,5,RW,idf,0x0,0x0,0x0,R/W,IDF v5.5.3 soc/esp32c3/register/soc/gpio_reg.h:1555,
gpio,GPIO_FUNC11_IN_SEL_CFG,0x180,GPIO_FUNC11_IN_INV_SEL,5,1,RW,idf,0x0,0x0,0x0,R/W,IDF v5.5.3 soc/esp32c3/register/soc/gpio_reg.h:1549,
gpio,GPIO_FUNC11_IN_SEL_CFG,0x180,GPIO_SIG11_IN_SEL,6,1,RW,idf,0x0,0x0,0x0,R/W,IDF v5.5.3 soc/esp32c3/register/soc/gpio_reg.h:1543,
gpio,GPIO_FUNC12_IN_SEL_CFG,0x184,GPIO_FUNC12_IN_SEL,0,5,RW,idf,0x0,0x0,0x0,R/W,IDF v5.5.3 soc/esp32c3/register/soc/gpio_reg.h:1575,
gpio,GPIO_FUNC12_IN_SEL_CFG,0x184,GPIO_FUNC12_IN_INV_SEL,5,1,RW,idf,0x0,0x0,0x0,R/W,IDF v5.5.3 soc/esp32c3/register/soc/gpio_reg.h:1569,
gpio,GPIO_FUNC12_IN_SEL_CFG,0x184,GPIO_SIG12_IN_SEL,6,1,RW,idf,0x0,0x0,0x0,R/W,IDF v5.5.3 soc/esp32c3/register/soc/gpio_reg.h:1563,
gpio,GPIO_FUNC13_IN_SEL_CFG,0x188,GPIO_FUNC13_IN_SEL,0,5,RW,idf,0x0,0x0,0x0,R/W,IDF v5.5.3 soc/esp32c3/register/soc/gpio_reg.h:1595,
gpio,GPIO_FUNC13_IN_SEL_CFG,0x188,GPIO_FUNC13_IN_INV_SEL,5,1,RW,idf,0x0,0x0,0x0,R/W,IDF v5.5.3 soc/esp32c3/register/soc/gpio_reg.h:1589,
gpio,GPIO_FUNC13_IN_SEL_CFG,0x188,GPIO_SIG13_IN_SEL,6,1,RW,idf,0x0,0x0,0x0,R/W,IDF v5.5.3 soc/esp32c3/register/soc/gpio_reg.h:1583,
gpio,GPIO_FUNC14_IN_SEL_CFG,0x18C,GPIO_FUNC14_IN_SEL,0,5,RW,idf,0x0,0x0,0x0,R/W,IDF v5.5.3 soc/esp32c3/register/soc/gpio_reg.h:1615,
gpio,GPIO_FUNC14_IN_SEL_CFG,0x18C,GPIO_FUNC14_IN_INV_SEL,5,1,RW,idf,0x0,0x0,0x0,R/W,IDF v5.5.3 soc/esp32c3/register/soc/gpio_reg.h:1609,
gpio,GPIO_FUNC14_IN_SEL_CFG,0x18C,GPIO_SIG14_IN_SEL,6,1,RW,idf,0x0,0x0,0x0,R/W,IDF v5.5.3 soc/esp32c3/register/soc/gpio_reg.h:1603,
gpio,GPIO_FUNC15_IN_SEL_CFG,0x190,GPIO_FUNC15_IN_SEL,0,5,RW,idf,0x0,0x0,0x0,R/W,IDF v5.5.3 soc/esp32c3/register/soc/gpio_reg.h:1635,
gpio,GPIO_FUNC15_IN_SEL_CFG,0x190,GPIO_FUNC15_IN_INV_SEL,5,1,RW,idf,0x0,0x0,0x0,R/W,IDF v5.5.3 soc/esp32c3/register/soc/gpio_reg.h:1629,
gpio,GPIO_FUNC15_IN_SEL_CFG,0x190,GPIO_SIG15_IN_SEL,6,1,RW,idf,0x0,0x0,0x0,R/W,IDF v5.5.3 soc/esp32c3/register/soc/gpio_reg.h:1623,
gpio,GPIO_FUNC16_IN_SEL_CFG,0x194,GPIO_FUNC16_IN_SEL,0,5,RW,idf,0x0,0x0,0x0,R/W,IDF v5.5.3 soc/esp32c3/register/soc/gpio_reg.h:1655,
gpio,GPIO_FUNC16_IN_SEL_CFG,0x194,GPIO_FUNC16_IN_INV_SEL,5,1,RW,idf,0x0,0x0,0x0,R/W,IDF v5.5.3 soc/esp32c3/register/soc/gpio_reg.h:1649,
gpio,GPIO_FUNC16_IN_SEL_CFG,0x194,GPIO_SIG16_IN_SEL,6,1,RW,idf,0x0,0x0,0x0,R/W,IDF v5.5.3 soc/esp32c3/register/soc/gpio_reg.h:1643,
gpio,GPIO_FUNC17_IN_SEL_CFG,0x198,GPIO_FUNC17_IN_SEL,0,5,RW,idf,0x0,0x0,0x0,R/W,IDF v5.5.3 soc/esp32c3/register/soc/gpio_reg.h:1675,
gpio,GPIO_FUNC17_IN_SEL_CFG,0x198,GPIO_FUNC17_IN_INV_SEL,5,1,RW,idf,0x0,0x0,0x0,R/W,IDF v5.5.3 soc/esp32c3/register/soc/gpio_reg.h:1669,
gpio,GPIO_FUNC17_IN_SEL_CFG,0x198,GPIO_SIG17_IN_SEL,6,1,RW,idf,0x0,0x0,0x0,R/W,IDF v5.5.3 soc/esp32c3/register/soc/gpio_reg.h:1663,
gpio,GPIO_FUNC18_IN_SEL_CFG,0x19C,GPIO_FUNC18_IN_SEL,0,5,RW,idf,0x0,0x0,0x0,R/W,IDF v5.5.3 soc/esp32c3/register/soc/gpio_reg.h:1695,
gpio,GPIO_FUNC18_IN_SEL_CFG,0x19C,GPIO_FUNC18_IN_INV_SEL,5,1,RW,idf,0x0,0x0,0x0,R/W,IDF v5.5.3 soc/esp32c3/register/soc/gpio_reg.h:1689,
gpio,GPIO_FUNC18_IN_SEL_CFG,0x19C,GPIO_SIG18_IN_SEL,6,1,RW,idf,0x0,0x0,0x0,R/W,IDF v5.5.3 soc/esp32c3/register/soc/gpio_reg.h:1683,
gpio,GPIO_FUNC19_IN_SEL_CFG,0x1A0,GPIO_FUNC19_IN_SEL,0,5,RW,idf,0x0,0x0,0x0,R/W,IDF v5.5.3 soc/esp32c3/register/soc/gpio_reg.h:1715,
gpio,GPIO_FUNC19_IN_SEL_CFG,0x1A0,GPIO_FUNC19_IN_INV_SEL,5,1,RW,idf,0x0,0x0,0x0,R/W,IDF v5.5.3 soc/esp32c3/register/soc/gpio_reg.h:1709,
gpio,GPIO_FUNC19_IN_SEL_CFG,0x1A0,GPIO_SIG19_IN_SEL,6,1,RW,idf,0x0,0x0,0x0,R/W,IDF v5.5.3 soc/esp32c3/register/soc/gpio_reg.h:1703,
gpio,GPIO_FUNC20_IN_SEL_CFG,0x1A4,GPIO_FUNC20_IN_SEL,0,5,RW,idf,0x0,0x0,0x0,R/W,IDF v5.5.3 soc/esp32c3/register/soc/gpio_reg.h:1735,
gpio,GPIO_FUNC20_IN_SEL_CFG,0x1A4,GPIO_FUNC20_IN_INV_SEL,5,1,RW,idf,0x0,0x0,0x0,R/W,IDF v5.5.3 soc/esp32c3/register/soc/gpio_reg.h:1729,
gpio,GPIO_FUNC20_IN_SEL_CFG,0x1A4,GPIO_SIG20_IN_SEL,6,1,RW,idf,0x0,0x0,0x0,R/W,IDF v5.5.3 soc/esp32c3/register/soc/gpio_reg.h:1723,
gpio,GPIO_FUNC21_IN_SEL_CFG,0x1A8,GPIO_FUNC21_IN_SEL,0,5,RW,idf,0x0,0x0,0x0,R/W,IDF v5.5.3 soc/esp32c3/register/soc/gpio_reg.h:1755,
gpio,GPIO_FUNC21_IN_SEL_CFG,0x1A8,GPIO_FUNC21_IN_INV_SEL,5,1,RW,idf,0x0,0x0,0x0,R/W,IDF v5.5.3 soc/esp32c3/register/soc/gpio_reg.h:1749,
gpio,GPIO_FUNC21_IN_SEL_CFG,0x1A8,GPIO_SIG21_IN_SEL,6,1,RW,idf,0x0,0x0,0x0,R/W,IDF v5.5.3 soc/esp32c3/register/soc/gpio_reg.h:1743,
gpio,GPIO_FUNC22_IN_SEL_CFG,0x1AC,GPIO_FUNC22_IN_SEL,0,5,RW,idf,0x0,0x0,0x0,R/W,IDF v5.5.3 soc/esp32c3/register/soc/gpio_reg.h:1775,
gpio,GPIO_FUNC22_IN_SEL_CFG,0x1AC,GPIO_FUNC22_IN_INV_SEL,5,1,RW,idf,0x0,0x0,0x0,R/W,IDF v5.5.3 soc/esp32c3/register/soc/gpio_reg.h:1769,
gpio,GPIO_FUNC22_IN_SEL_CFG,0x1AC,GPIO_SIG22_IN_SEL,6,1,RW,idf,0x0,0x0,0x0,R/W,IDF v5.5.3 soc/esp32c3/register/soc/gpio_reg.h:1763,
gpio,GPIO_FUNC23_IN_SEL_CFG,0x1B0,GPIO_FUNC23_IN_SEL,0,5,RW,idf,0x0,0x0,0x0,R/W,IDF v5.5.3 soc/esp32c3/register/soc/gpio_reg.h:1795,
gpio,GPIO_FUNC23_IN_SEL_CFG,0x1B0,GPIO_FUNC23_IN_INV_SEL,5,1,RW,idf,0x0,0x0,0x0,R/W,IDF v5.5.3 soc/esp32c3/register/soc/gpio_reg.h:1789,
gpio,GPIO_FUNC23_IN_SEL_CFG,0x1B0,GPIO_SIG23_IN_SEL,6,1,RW,idf,0x0,0x0,0x0,R/W,IDF v5.5.3 soc/esp32c3/register/soc/gpio_reg.h:1783,
gpio,GPIO_FUNC24_IN_SEL_CFG,0x1B4,GPIO_FUNC24_IN_SEL,0,5,RW,idf,0x0,0x0,0x0,R/W,IDF v5.5.3 soc/esp32c3/register/soc/gpio_reg.h:1815,
gpio,GPIO_FUNC24_IN_SEL_CFG,0x1B4,GPIO_FUNC24_IN_INV_SEL,5,1,RW,idf,0x0,0x0,0x0,R/W,IDF v5.5.3 soc/esp32c3/register/soc/gpio_reg.h:1809,
gpio,GPIO_FUNC24_IN_SEL_CFG,0x1B4,GPIO_SIG24_IN_SEL,6,1,RW,idf,0x0,0x0,0x0,R/W,IDF v5.5.3 soc/esp32c3/register/soc/gpio_reg.h:1803,
gpio,GPIO_FUNC25_IN_SEL_CFG,0x1B8,GPIO_FUNC25_IN_SEL,0,5,RW,idf,0x0,0x0,0x0,R/W,IDF v5.5.3 soc/esp32c3/register/soc/gpio_reg.h:1835,
gpio,GPIO_FUNC25_IN_SEL_CFG,0x1B8,GPIO_FUNC25_IN_INV_SEL,5,1,RW,idf,0x0,0x0,0x0,R/W,IDF v5.5.3 soc/esp32c3/register/soc/gpio_reg.h:1829,
gpio,GPIO_FUNC25_IN_SEL_CFG,0x1B8,GPIO_SIG25_IN_SEL,6,1,RW,idf,0x0,0x0,0x0,R/W,IDF v5.5.3 soc/esp32c3/register/soc/gpio_reg.h:1823,
gpio,GPIO_FUNC26_IN_SEL_CFG,0x1BC,GPIO_FUNC26_IN_SEL,0,5,RW,idf,0x0,0x0,0x0,R/W,IDF v5.5.3 soc/esp32c3/register/soc/gpio_reg.h:1855,
gpio,GPIO_FUNC26_IN_SEL_CFG,0x1BC,GPIO_FUNC26_IN_INV_SEL,5,1,RW,idf,0x0,0x0,0x0,R/W,IDF v5.5.3 soc/esp32c3/register/soc/gpio_reg.h:1849,
gpio,GPIO_FUNC26_IN_SEL_CFG,0x1BC,GPIO_SIG26_IN_SEL,6,1,RW,idf,0x0,0x0,0x0,R/W,IDF v5.5.3 soc/esp32c3/register/soc/gpio_reg.h:1843,
gpio,GPIO_FUNC27_IN_SEL_CFG,0x1C0,GPIO_FUNC27_IN_SEL,0,5,RW,idf,0x0,0x0,0x0,R/W,IDF v5.5.3 soc/esp32c3/register/soc/gpio_reg.h:1875,
gpio,GPIO_FUNC27_IN_SEL_CFG,0x1C0,GPIO_FUNC27_IN_INV_SEL,5,1,RW,idf,0x0,0x0,0x0,R/W,IDF v5.5.3 soc/esp32c3/register/soc/gpio_reg.h:1869,
gpio,GPIO_FUNC27_IN_SEL_CFG,0x1C0,GPIO_SIG27_IN_SEL,6,1,RW,idf,0x0,0x0,0x0,R/W,IDF v5.5.3 soc/esp32c3/register/soc/gpio_reg.h:1863,
gpio,GPIO_FUNC28_IN_SEL_CFG,0x1C4,GPIO_FUNC28_IN_SEL,0,5,RW,idf,0x0,0x0,0x0,R/W,IDF v5.5.3 soc/esp32c3/register/soc/gpio_reg.h:1895,
gpio,GPIO_FUNC28_IN_SEL_CFG,0x1C4,GPIO_FUNC28_IN_INV_SEL,5,1,RW,idf,0x0,0x0,0x0,R/W,IDF v5.5.3 soc/esp32c3/register/soc/gpio_reg.h:1889,
gpio,GPIO_FUNC28_IN_SEL_CFG,0x1C4,GPIO_SIG28_IN_SEL,6,1,RW,idf,0x0,0x0,0x0,R/W,IDF v5.5.3 soc/esp32c3/register/soc/gpio_reg.h:1883,
gpio,GPIO_FUNC29_IN_SEL_CFG,0x1C8,GPIO_FUNC29_IN_SEL,0,5,RW,idf,0x0,0x0,0x0,R/W,IDF v5.5.3 soc/esp32c3/register/soc/gpio_reg.h:1915,
gpio,GPIO_FUNC29_IN_SEL_CFG,0x1C8,GPIO_FUNC29_IN_INV_SEL,5,1,RW,idf,0x0,0x0,0x0,R/W,IDF v5.5.3 soc/esp32c3/register/soc/gpio_reg.h:1909,
gpio,GPIO_FUNC29_IN_SEL_CFG,0x1C8,GPIO_SIG29_IN_SEL,6,1,RW,idf,0x0,0x0,0x0,R/W,IDF v5.5.3 soc/esp32c3/register/soc/gpio_reg.h:1903,
gpio,GPIO_FUNC30_IN_SEL_CFG,0x1CC,GPIO_FUNC30_IN_SEL,0,5,RW,idf,0x0,0x0,0x0,R/W,IDF v5.5.3 soc/esp32c3/register/soc/gpio_reg.h:1935,
gpio,GPIO_FUNC30_IN_SEL_CFG,0x1CC,GPIO_FUNC30_IN_INV_SEL,5,1,RW,idf,0x0,0x0,0x0,R/W,IDF v5.5.3 soc/esp32c3/register/soc/gpio_reg.h:1929,
gpio,GPIO_FUNC30_IN_SEL_CFG,0x1CC,GPIO_SIG30_IN_SEL,6,1,RW,idf,0x0,0x0,0x0,R/W,IDF v5.5.3 soc/esp32c3/register/soc/gpio_reg.h:1923,
gpio,GPIO_FUNC31_IN_SEL_CFG,0x1D0,GPIO_FUNC31_IN_SEL,0,5,RW,idf,0x0,0x0,0x0,R/W,IDF v5.5.3 soc/esp32c3/register/soc/gpio_reg.h:1955,
gpio,GPIO_FUNC31_IN_SEL_CFG,0x1D0,GPIO_FUNC31_IN_INV_SEL,5,1,RW,idf,0x0,0x0,0x0,R/W,IDF v5.5.3 soc/esp32c3/register/soc/gpio_reg.h:1949,
gpio,GPIO_FUNC31_IN_SEL_CFG,0x1D0,GPIO_SIG31_IN_SEL,6,1,RW,idf,0x0,0x0,0x0,R/W,IDF v5.5.3 soc/esp32c3/register/soc/gpio_reg.h:1943,
gpio,GPIO_FUNC32_IN_SEL_CFG,0x1D4,GPIO_FUNC32_IN_SEL,0,5,RW,idf,0x0,0x0,0x0,R/W,IDF v5.5.3 soc/esp32c3/register/soc/gpio_reg.h:1975,
gpio,GPIO_FUNC32_IN_SEL_CFG,0x1D4,GPIO_FUNC32_IN_INV_SEL,5,1,RW,idf,0x0,0x0,0x0,R/W,IDF v5.5.3 soc/esp32c3/register/soc/gpio_reg.h:1969,
gpio,GPIO_FUNC32_IN_SEL_CFG,0x1D4,GPIO_SIG32_IN_SEL,6,1,RW,idf,0x0,0x0,0x0,R/W,IDF v5.5.3 soc/esp32c3/register/soc/gpio_reg.h:1963,
gpio,GPIO_FUNC33_IN_SEL_CFG,0x1D8,GPIO_FUNC33_IN_SEL,0,5,RW,idf,0x0,0x0,0x0,R/W,IDF v5.5.3 soc/esp32c3/register/soc/gpio_reg.h:1995,
gpio,GPIO_FUNC33_IN_SEL_CFG,0x1D8,GPIO_FUNC33_IN_INV_SEL,5,1,RW,idf,0x0,0x0,0x0,R/W,IDF v5.5.3 soc/esp32c3/register/soc/gpio_reg.h:1989,
gpio,GPIO_FUNC33_IN_SEL_CFG,0x1D8,GPIO_SIG33_IN_SEL,6,1,RW,idf,0x0,0x0,0x0,R/W,IDF v5.5.3 soc/esp32c3/register/soc/gpio_reg.h:1983,
gpio,GPIO_FUNC34_IN_SEL_CFG,0x1DC,GPIO_FUNC34_IN_SEL,0,5,RW,idf,0x0,0x0,0x0,R/W,IDF v5.5.3 soc/esp32c3/register/soc/gpio_reg.h:2015,
gpio,GPIO_FUNC34_IN_SEL_CFG,0x1DC,GPIO_FUNC34_IN_INV_SEL,5,1,RW,idf,0x0,0x0,0x0,R/W,IDF v5.5.3 soc/esp32c3/register/soc/gpio_reg.h:2009,
gpio,GPIO_FUNC34_IN_SEL_CFG,0x1DC,GPIO_SIG34_IN_SEL,6,1,RW,idf,0x0,0x0,0x0,R/W,IDF v5.5.3 soc/esp32c3/register/soc/gpio_reg.h:2003,
gpio,GPIO_FUNC35_IN_SEL_CFG,0x1E0,GPIO_FUNC35_IN_SEL,0,5,RW,idf,0x0,0x0,0x0,R/W,IDF v5.5.3 soc/esp32c3/register/soc/gpio_reg.h:2035,
gpio,GPIO_FUNC35_IN_SEL_CFG,0x1E0,GPIO_FUNC35_IN_INV_SEL,5,1,RW,idf,0x0,0x0,0x0,R/W,IDF v5.5.3 soc/esp32c3/register/soc/gpio_reg.h:2029,
gpio,GPIO_FUNC35_IN_SEL_CFG,0x1E0,GPIO_SIG35_IN_SEL,6,1,RW,idf,0x0,0x0,0x0,R/W,IDF v5.5.3 soc/esp32c3/register/soc/gpio_reg.h:2023,
gpio,GPIO_FUNC36_IN_SEL_CFG,0x1E4,GPIO_FUNC36_IN_SEL,0,5,RW,idf,0x0,0x0,0x0,R/W,IDF v5.5.3 soc/esp32c3/register/soc/gpio_reg.h:2055,
gpio,GPIO_FUNC36_IN_SEL_CFG,0x1E4,GPIO_FUNC36_IN_INV_SEL,5,1,RW,idf,0x0,0x0,0x0,R/W,IDF v5.5.3 soc/esp32c3/register/soc/gpio_reg.h:2049,
gpio,GPIO_FUNC36_IN_SEL_CFG,0x1E4,GPIO_SIG36_IN_SEL,6,1,RW,idf,0x0,0x0,0x0,R/W,IDF v5.5.3 soc/esp32c3/register/soc/gpio_reg.h:2043,
gpio,GPIO_FUNC37_IN_SEL_CFG,0x1E8,GPIO_FUNC37_IN_SEL,0,5,RW,idf,0x0,0x0,0x0,R/W,IDF v5.5.3 soc/esp32c3/register/soc/gpio_reg.h:2075,
gpio,GPIO_FUNC37_IN_SEL_CFG,0x1E8,GPIO_FUNC37_IN_INV_SEL,5,1,RW,idf,0x0,0x0,0x0,R/W,IDF v5.5.3 soc/esp32c3/register/soc/gpio_reg.h:2069,
gpio,GPIO_FUNC37_IN_SEL_CFG,0x1E8,GPIO_SIG37_IN_SEL,6,1,RW,idf,0x0,0x0,0x0,R/W,IDF v5.5.3 soc/esp32c3/register/soc/gpio_reg.h:2063,
gpio,GPIO_FUNC38_IN_SEL_CFG,0x1EC,GPIO_FUNC38_IN_SEL,0,5,RW,idf,0x0,0x0,0x0,R/W,IDF v5.5.3 soc/esp32c3/register/soc/gpio_reg.h:2095,
gpio,GPIO_FUNC38_IN_SEL_CFG,0x1EC,GPIO_FUNC38_IN_INV_SEL,5,1,RW,idf,0x0,0x0,0x0,R/W,IDF v5.5.3 soc/esp32c3/register/soc/gpio_reg.h:2089,
gpio,GPIO_FUNC38_IN_SEL_CFG,0x1EC,GPIO_SIG38_IN_SEL,6,1,RW,idf,0x0,0x0,0x0,R/W,IDF v5.5.3 soc/esp32c3/register/soc/gpio_reg.h:2083,
gpio,GPIO_FUNC39_IN_SEL_CFG,0x1F0,GPIO_FUNC39_IN_SEL,0,5,RW,idf,0x0,0x0,0x0,R/W,IDF v5.5.3 soc/esp32c3/register/soc/gpio_reg.h:2115,
gpio,GPIO_FUNC39_IN_SEL_CFG,0x1F0,GPIO_FUNC39_IN_INV_SEL,5,1,RW,idf,0x0,0x0,0x0,R/W,IDF v5.5.3 soc/esp32c3/register/soc/gpio_reg.h:2109,
gpio,GPIO_FUNC39_IN_SEL_CFG,0x1F0,GPIO_SIG39_IN_SEL,6,1,RW,idf,0x0,0x0,0x0,R/W,IDF v5.5.3 soc/esp32c3/register/soc/gpio_reg.h:2103,
gpio,GPIO_FUNC40_IN_SEL_CFG,0x1F4,GPIO_FUNC40_IN_SEL,0,5,RW,idf,0x0,0x0,0x0,R/W,IDF v5.5.3 soc/esp32c3/register/soc/gpio_reg.h:2135,
gpio,GPIO_FUNC40_IN_SEL_CFG,0x1F4,GPIO_FUNC40_IN_INV_SEL,5,1,RW,idf,0x0,0x0,0x0,R/W,IDF v5.5.3 soc/esp32c3/register/soc/gpio_reg.h:2129,
gpio,GPIO_FUNC40_IN_SEL_CFG,0x1F4,GPIO_SIG40_IN_SEL,6,1,RW,idf,0x0,0x0,0x0,R/W,IDF v5.5.3 soc/esp32c3/register/soc/gpio_reg.h:2123,
gpio,GPIO_FUNC41_IN_SEL_CFG,0x1F8,GPIO_FUNC41_IN_SEL,0,5,RW,idf,0x0,0x0,0x0,R/W,IDF v5.5.3 soc/esp32c3/register/soc/gpio_reg.h:2155,
gpio,GPIO_FUNC41_IN_SEL_CFG,0x1F8,GPIO_FUNC41_IN_INV_SEL,5,1,RW,idf,0x0,0x0,0x0,R/W,IDF v5.5.3 soc/esp32c3/register/soc/gpio_reg.h:2149,
gpio,GPIO_FUNC41_IN_SEL_CFG,0x1F8,GPIO_SIG41_IN_SEL,6,1,RW,idf,0x0,0x0,0x0,R/W,IDF v5.5.3 soc/esp32c3/register/soc/gpio_reg.h:2143,
gpio,GPIO_FUNC42_IN_SEL_CFG,0x1FC,GPIO_FUNC42_IN_SEL,0,5,RW,idf,0x0,0x0,0x0,R/W,IDF v5.5.3 soc/esp32c3/register/soc/gpio_reg.h:2175,
gpio,GPIO_FUNC42_IN_SEL_CFG,0x1FC,GPIO_FUNC42_IN_INV_SEL,5,1,RW,idf,0x0,0x0,0x0,R/W,IDF v5.5.3 soc/esp32c3/register/soc/gpio_reg.h:2169,
gpio,GPIO_FUNC42_IN_SEL_CFG,0x1FC,GPIO_SIG42_IN_SEL,6,1,RW,idf,0x0,0x0,0x0,R/W,IDF v5.5.3 soc/esp32c3/register/soc/gpio_reg.h:2163,
gpio,GPIO_FUNC43_IN_SEL_CFG,0x200,GPIO_FUNC43_IN_SEL,0,5,RW,idf,0x0,0x0,0x0,R/W,IDF v5.5.3 soc/esp32c3/register/soc/gpio_reg.h:2195,
gpio,GPIO_FUNC43_IN_SEL_CFG,0x200,GPIO_FUNC43_IN_INV_SEL,5,1,RW,idf,0x0,0x0,0x0,R/W,IDF v5.5.3 soc/esp32c3/register/soc/gpio_reg.h:2189,
gpio,GPIO_FUNC43_IN_SEL_CFG,0x200,GPIO_SIG43_IN_SEL,6,1,RW,idf,0x0,0x0,0x0,R/W,IDF v5.5.3 soc/esp32c3/register/soc/gpio_reg.h:2183,
gpio,GPIO_FUNC44_IN_SEL_CFG,0x204,GPIO_FUNC44_IN_SEL,0,5,RW,idf,0x0,0x0,0x0,R/W,IDF v5.5.3 soc/esp32c3/register/soc/gpio_reg.h:2215,
gpio,GPIO_FUNC44_IN_SEL_CFG,0x204,GPIO_FUNC44_IN_INV_SEL,5,1,RW,idf,0x0,0x0,0x0,R/W,IDF v5.5.3 soc/esp32c3/register/soc/gpio_reg.h:2209,
gpio,GPIO_FUNC44_IN_SEL_CFG,0x204,GPIO_SIG44_IN_SEL,6,1,RW,idf,0x0,0x0,0x0,R/W,IDF v5.5.3 soc/esp32c3/register/soc/gpio_reg.h:2203,
gpio,GPIO_FUNC45_IN_SEL_CFG,0x208,GPIO_FUNC45_IN_SEL,0,5,RW,idf,0x0,0x0,0x0,R/W,IDF v5.5.3 soc/esp32c3/register/soc/gpio_reg.h:2235,
gpio,GPIO_FUNC45_IN_SEL_CFG,0x208,GPIO_FUNC45_IN_INV_SEL,5,1,RW,idf,0x0,0x0,0x0,R/W,IDF v5.5.3 soc/esp32c3/register/soc/gpio_reg.h:2229,
gpio,GPIO_FUNC45_IN_SEL_CFG,0x208,GPIO_SIG45_IN_SEL,6,1,RW,idf,0x0,0x0,0x0,R/W,IDF v5.5.3 soc/esp32c3/register/soc/gpio_reg.h:2223,
gpio,GPIO_FUNC46_IN_SEL_CFG,0x20C,GPIO_FUNC46_IN_SEL,0,5,RW,idf,0x0,0x0,0x0,R/W,IDF v5.5.3 soc/esp32c3/register/soc/gpio_reg.h:2255,
gpio,GPIO_FUNC46_IN_SEL_CFG,0x20C,GPIO_FUNC46_IN_INV_SEL,5,1,RW,idf,0x0,0x0,0x0,R/W,IDF v5.5.3 soc/esp32c3/register/soc/gpio_reg.h:2249,
gpio,GPIO_FUNC46_IN_SEL_CFG,0x20C,GPIO_SIG46_IN_SEL,6,1,RW,idf,0x0,0x0,0x0,R/W,IDF v5.5.3 soc/esp32c3/register/soc/gpio_reg.h:2243,
gpio,GPIO_FUNC47_IN_SEL_CFG,0x210,GPIO_FUNC47_IN_SEL,0,5,RW,idf,0x0,0x0,0x0,R/W,IDF v5.5.3 soc/esp32c3/register/soc/gpio_reg.h:2275,
gpio,GPIO_FUNC47_IN_SEL_CFG,0x210,GPIO_FUNC47_IN_INV_SEL,5,1,RW,idf,0x0,0x0,0x0,R/W,IDF v5.5.3 soc/esp32c3/register/soc/gpio_reg.h:2269,
gpio,GPIO_FUNC47_IN_SEL_CFG,0x210,GPIO_SIG47_IN_SEL,6,1,RW,idf,0x0,0x0,0x0,R/W,IDF v5.5.3 soc/esp32c3/register/soc/gpio_reg.h:2263,
gpio,GPIO_FUNC48_IN_SEL_CFG,0x214,GPIO_FUNC48_IN_SEL,0,5,RW,idf,0x0,0x0,0x0,R/W,IDF v5.5.3 soc/esp32c3/register/soc/gpio_reg.h:2295,
gpio,GPIO_FUNC48_IN_SEL_CFG,0x214,GPIO_FUNC48_IN_INV_SEL,5,1,RW,idf,0x0,0x0,0x0,R/W,IDF v5.5.3 soc/esp32c3/register/soc/gpio_reg.h:2289,
gpio,GPIO_FUNC48_IN_SEL_CFG,0x214,GPIO_SIG48_IN_SEL,6,1,RW,idf,0x0,0x0,0x0,R/W,IDF v5.5.3 soc/esp32c3/register/soc/gpio_reg.h:2283,
gpio,GPIO_FUNC49_IN_SEL_CFG,0x218,GPIO_FUNC49_IN_SEL,0,5,RW,idf,0x0,0x0,0x0,R/W,IDF v5.5.3 soc/esp32c3/register/soc/gpio_reg.h:2315,
gpio,GPIO_FUNC49_IN_SEL_CFG,0x218,GPIO_FUNC49_IN_INV_SEL,5,1,RW,idf,0x0,0x0,0x0,R/W,IDF v5.5.3 soc/esp32c3/register/soc/gpio_reg.h:2309,
gpio,GPIO_FUNC49_IN_SEL_CFG,0x218,GPIO_SIG49_IN_SEL,6,1,RW,idf,0x0,0x0,0x0,R/W,IDF v5.5.3 soc/esp32c3/register/soc/gpio_reg.h:2303,
gpio,GPIO_FUNC50_IN_SEL_CFG,0x21C,GPIO_FUNC50_IN_SEL,0,5,RW,idf,0x0,0x0,0x0,R/W,IDF v5.5.3 soc/esp32c3/register/soc/gpio_reg.h:2335,
gpio,GPIO_FUNC50_IN_SEL_CFG,0x21C,GPIO_FUNC50_IN_INV_SEL,5,1,RW,idf,0x0,0x0,0x0,R/W,IDF v5.5.3 soc/esp32c3/register/soc/gpio_reg.h:2329,
gpio,GPIO_FUNC50_IN_SEL_CFG,0x21C,GPIO_SIG50_IN_SEL,6,1,RW,idf,0x0,0x0,0x0,R/W,IDF v5.5.3 soc/esp32c3/register/soc/gpio_reg.h:2323,
gpio,GPIO_FUNC51_IN_SEL_CFG,0x220,GPIO_FUNC51_IN_SEL,0,5,RW,idf,0x0,0x0,0x0,R/W,IDF v5.5.3 soc/esp32c3/register/soc/gpio_reg.h:2355,
gpio,GPIO_FUNC51_IN_SEL_CFG,0x220,GPIO_FUNC51_IN_INV_SEL,5,1,RW,idf,0x0,0x0,0x0,R/W,IDF v5.5.3 soc/esp32c3/register/soc/gpio_reg.h:2349,
gpio,GPIO_FUNC51_IN_SEL_CFG,0x220,GPIO_SIG51_IN_SEL,6,1,RW,idf,0x0,0x0,0x0,R/W,IDF v5.5.3 soc/esp32c3/register/soc/gpio_reg.h:2343,
gpio,GPIO_FUNC52_IN_SEL_CFG,0x224,GPIO_FUNC52_IN_SEL,0,5,RW,idf,0x0,0x0,0x0,R/W,IDF v5.5.3 soc/esp32c3/register/soc/gpio_reg.h:2375,
gpio,GPIO_FUNC52_IN_SEL_CFG,0x224,GPIO_FUNC52_IN_INV_SEL,5,1,RW,idf,0x0,0x0,0x0,R/W,IDF v5.5.3 soc/esp32c3/register/soc/gpio_reg.h:2369,
gpio,GPIO_FUNC52_IN_SEL_CFG,0x224,GPIO_SIG52_IN_SEL,6,1,RW,idf,0x0,0x0,0x0,R/W,IDF v5.5.3 soc/esp32c3/register/soc/gpio_reg.h:2363,
gpio,GPIO_FUNC53_IN_SEL_CFG,0x228,GPIO_FUNC53_IN_SEL,0,5,RW,idf,0x0,0x0,0x0,R/W,IDF v5.5.3 soc/esp32c3/register/soc/gpio_reg.h:2395,
gpio,GPIO_FUNC53_IN_SEL_CFG,0x228,GPIO_FUNC53_IN_INV_SEL,5,1,RW,idf,0x0,0x0,0x0,R/W,IDF v5.5.3 soc/esp32c3/register/soc/gpio_reg.h:2389,
gpio,GPIO_FUNC53_IN_SEL_CFG,0x228,GPIO_SIG53_IN_SEL,6,1,RW,idf,0x0,0x0,0x0,R/W,IDF v5.5.3 soc/esp32c3/register/soc/gpio_reg.h:2383,
gpio,GPIO_FUNC54_IN_SEL_CFG,0x22C,GPIO_FUNC54_IN_SEL,0,5,RW,idf,0x0,0x0,0x0,R/W,IDF v5.5.3 soc/esp32c3/register/soc/gpio_reg.h:2415,
gpio,GPIO_FUNC54_IN_SEL_CFG,0x22C,GPIO_FUNC54_IN_INV_SEL,5,1,RW,idf,0x0,0x0,0x0,R/W,IDF v5.5.3 soc/esp32c3/register/soc/gpio_reg.h:2409,
gpio,GPIO_FUNC54_IN_SEL_CFG,0x22C,GPIO_SIG54_IN_SEL,6,1,RW,idf,0x0,0x0,0x0,R/W,IDF v5.5.3 soc/esp32c3/register/soc/gpio_reg.h:2403,
gpio,GPIO_FUNC55_IN_SEL_CFG,0x230,GPIO_FUNC55_IN_SEL,0,5,RW,idf,0x0,0x0,0x0,R/W,IDF v5.5.3 soc/esp32c3/register/soc/gpio_reg.h:2435,
gpio,GPIO_FUNC55_IN_SEL_CFG,0x230,GPIO_FUNC55_IN_INV_SEL,5,1,RW,idf,0x0,0x0,0x0,R/W,IDF v5.5.3 soc/esp32c3/register/soc/gpio_reg.h:2429,
gpio,GPIO_FUNC55_IN_SEL_CFG,0x230,GPIO_SIG55_IN_SEL,6,1,RW,idf,0x0,0x0,0x0,R/W,IDF v5.5.3 soc/esp32c3/register/soc/gpio_reg.h:2423,
gpio,GPIO_FUNC56_IN_SEL_CFG,0x234,GPIO_FUNC56_IN_SEL,0,5,RW,idf,0x0,0x0,0x0,R/W,IDF v5.5.3 soc/esp32c3/register/soc/gpio_reg.h:2455,
gpio,GPIO_FUNC56_IN_SEL_CFG,0x234,GPIO_FUNC56_IN_INV_SEL,5,1,RW,idf,0x0,0x0,0x0,R/W,IDF v5.5.3 soc/esp32c3/register/soc/gpio_reg.h:2449,
gpio,GPIO_FUNC56_IN_SEL_CFG,0x234,GPIO_SIG56_IN_SEL,6,1,RW,idf,0x0,0x0,0x0,R/W,IDF v5.5.3 soc/esp32c3/register/soc/gpio_reg.h:2443,
gpio,GPIO_FUNC57_IN_SEL_CFG,0x238,GPIO_FUNC57_IN_SEL,0,5,RW,idf,0x0,0x0,0x0,R/W,IDF v5.5.3 soc/esp32c3/register/soc/gpio_reg.h:2475,
gpio,GPIO_FUNC57_IN_SEL_CFG,0x238,GPIO_FUNC57_IN_INV_SEL,5,1,RW,idf,0x0,0x0,0x0,R/W,IDF v5.5.3 soc/esp32c3/register/soc/gpio_reg.h:2469,
gpio,GPIO_FUNC57_IN_SEL_CFG,0x238,GPIO_SIG57_IN_SEL,6,1,RW,idf,0x0,0x0,0x0,R/W,IDF v5.5.3 soc/esp32c3/register/soc/gpio_reg.h:2463,
gpio,GPIO_FUNC58_IN_SEL_CFG,0x23C,GPIO_FUNC58_IN_SEL,0,5,RW,idf,0x0,0x0,0x0,R/W,IDF v5.5.3 soc/esp32c3/register/soc/gpio_reg.h:2495,
gpio,GPIO_FUNC58_IN_SEL_CFG,0x23C,GPIO_FUNC58_IN_INV_SEL,5,1,RW,idf,0x0,0x0,0x0,R/W,IDF v5.5.3 soc/esp32c3/register/soc/gpio_reg.h:2489,
gpio,GPIO_FUNC58_IN_SEL_CFG,0x23C,GPIO_SIG58_IN_SEL,6,1,RW,idf,0x0,0x0,0x0,R/W,IDF v5.5.3 soc/esp32c3/register/soc/gpio_reg.h:2483,
gpio,GPIO_FUNC59_IN_SEL_CFG,0x240,GPIO_FUNC59_IN_SEL,0,5,RW,idf,0x0,0x0,0x0,R/W,IDF v5.5.3 soc/esp32c3/register/soc/gpio_reg.h:2515,
gpio,GPIO_FUNC59_IN_SEL_CFG,0x240,GPIO_FUNC59_IN_INV_SEL,5,1,RW,idf,0x0,0x0,0x0,R/W,IDF v5.5.3 soc/esp32c3/register/soc/gpio_reg.h:2509,
gpio,GPIO_FUNC59_IN_SEL_CFG,0x240,GPIO_SIG59_IN_SEL,6,1,RW,idf,0x0,0x0,0x0,R/W,IDF v5.5.3 soc/esp32c3/register/soc/gpio_reg.h:2503,
gpio,GPIO_FUNC60_IN_SEL_CFG,0x244,GPIO_FUNC60_IN_SEL,0,5,RW,idf,0x0,0x0,0x0,R/W,IDF v5.5.3 soc/esp32c3/register/soc/gpio_reg.h:2535,
gpio,GPIO_FUNC60_IN_SEL_CFG,0x244,GPIO_FUNC60_IN_INV_SEL,5,1,RW,idf,0x0,0x0,0x0,R/W,IDF v5.5.3 soc/esp32c3/register/soc/gpio_reg.h:2529,
gpio,GPIO_FUNC60_IN_SEL_CFG,0x244,GPIO_SIG60_IN_SEL,6,1,RW,idf,0x0,0x0,0x0,R/W,IDF v5.5.3 soc/esp32c3/register/soc/gpio_reg.h:2523,
gpio,GPIO_FUNC61_IN_SEL_CFG,0x248,GPIO_FUNC61_IN_SEL,0,5,RW,idf,0x0,0x0,0x0,R/W,IDF v5.5.3 soc/esp32c3/register/soc/gpio_reg.h:2555,
gpio,GPIO_FUNC61_IN_SEL_CFG,0x248,GPIO_FUNC61_IN_INV_SEL,5,1,RW,idf,0x0,0x0,0x0,R/W,IDF v5.5.3 soc/esp32c3/register/soc/gpio_reg.h:2549,
gpio,GPIO_FUNC61_IN_SEL_CFG,0x248,GPIO_SIG61_IN_SEL,6,1,RW,idf,0x0,0x0,0x0,R/W,IDF v5.5.3 soc/esp32c3/register/soc/gpio_reg.h:2543,
gpio,GPIO_FUNC62_IN_SEL_CFG,0x24C,GPIO_FUNC62_IN_SEL,0,5,RW,idf,0x0,0x0,0x0,R/W,IDF v5.5.3 soc/esp32c3/register/soc/gpio_reg.h:2575,
gpio,GPIO_FUNC62_IN_SEL_CFG,0x24C,GPIO_FUNC62_IN_INV_SEL,5,1,RW,idf,0x0,0x0,0x0,R/W,IDF v5.5.3 soc/esp32c3/register/soc/gpio_reg.h:2569,
gpio,GPIO_FUNC62_IN_SEL_CFG,0x24C,GPIO_SIG62_IN_SEL,6,1,RW,idf,0x0,0x0,0x0,R/W,IDF v5.5.3 soc/esp32c3/register/soc/gpio_reg.h:2563,
gpio,GPIO_FUNC63_IN_SEL_CFG,0x250,GPIO_FUNC63_IN_SEL,0,5,RW,idf,0x0,0x0,0x0,R/W,IDF v5.5.3 soc/esp32c3/register/soc/gpio_reg.h:2595,
gpio,GPIO_FUNC63_IN_SEL_CFG,0x250,GPIO_FUNC63_IN_INV_SEL,5,1,RW,idf,0x0,0x0,0x0,R/W,IDF v5.5.3 soc/esp32c3/register/soc/gpio_reg.h:2589,
gpio,GPIO_FUNC63_IN_SEL_CFG,0x250,GPIO_SIG63_IN_SEL,6,1,RW,idf,0x0,0x0,0x0,R/W,IDF v5.5.3 soc/esp32c3/register/soc/gpio_reg.h:2583,
gpio,GPIO_FUNC64_IN_SEL_CFG,0x254,GPIO_FUNC64_IN_SEL,0,5,RW,idf,0x0,0x0,0x0,R/W,IDF v5.5.3 soc/esp32c3/register/soc/gpio_reg.h:2615,
gpio,GPIO_FUNC64_IN_SEL_CFG,0x254,GPIO_FUNC64_IN_INV_SEL,5,1,RW,idf,0x0,0x0,0x0,R/W,IDF v5.5.3 soc/esp32c3/register/soc/gpio_reg.h:2609,
gpio,GPIO_FUNC64_IN_SEL_CFG,0x254,GPIO_SIG64_IN_SEL,6,1,RW,idf,0x0,0x0,0x0,R/W,IDF v5.5.3 soc/esp32c3/register/soc/gpio_reg.h:2603,
gpio,GPIO_FUNC65_IN_SEL_CFG,0x258,GPIO_FUNC65_IN_SEL,0,5,RW,idf,0x0,0x0,0x0,R/W,IDF v5.5.3 soc/esp32c3/register/soc/gpio_reg.h:2635,
gpio,GPIO_FUNC65_IN_SEL_CFG,0x258,GPIO_FUNC65_IN_INV_SEL,5,1,RW,idf,0x0,0x0,0x0,R/W,IDF v5.5.3 soc/esp32c3/register/soc/gpio_reg.h:2629,
gpio,GPIO_FUNC65_IN_SEL_CFG,0x258,GPIO_SIG65_IN_SEL,6,1,RW,idf,0x0,0x0,0x0,R/W,IDF v5.5.3 soc/esp32c3/register/soc/gpio_reg.h:2623,
gpio,GPIO_FUNC66_IN_SEL_CFG,0x25C,GPIO_FUNC66_IN_SEL,0,5,RW,idf,0x0,0x0,0x0,R/W,IDF v5.5.3 soc/esp32c3/register/soc/gpio_reg.h:2655,
gpio,GPIO_FUNC66_IN_SEL_CFG,0x25C,GPIO_FUNC66_IN_INV_SEL,5,1,RW,idf,0x0,0x0,0x0,R/W,IDF v5.5.3 soc/esp32c3/register/soc/gpio_reg.h:2649,
gpio,GPIO_FUNC66_IN_SEL_CFG,0x25C,GPIO_SIG66_IN_SEL,6,1,RW,idf,0x0,0x0,0x0,R/W,IDF v5.5.3 soc/esp32c3/register/soc/gpio_reg.h:2643,
gpio,GPIO_FUNC67_IN_SEL_CFG,0x260,GPIO_FUNC67_IN_SEL,0,5,RW,idf,0x0,0x0,0x0,R/W,IDF v5.5.3 soc/esp32c3/register/soc/gpio_reg.h:2675,
gpio,GPIO_FUNC67_IN_SEL_CFG,0x260,GPIO_FUNC67_IN_INV_SEL,5,1,RW,idf,0x0,0x0,0x0,R/W,IDF v5.5.3 soc/esp32c3/register/soc/gpio_reg.h:2669,
gpio,GPIO_FUNC67_IN_SEL_CFG,0x260,GPIO_SIG67_IN_SEL,6,1,RW,idf,0x0,0x0,0x0,R/W,IDF v5.5.3 soc/esp32c3/register/soc/gpio_reg.h:2663,
gpio,GPIO_FUNC68_IN_SEL_CFG,0x264,GPIO_FUNC68_IN_SEL,0,5,RW,idf,0x0,0x0,0x0,R/W,IDF v5.5.3 soc/esp32c3/register/soc/gpio_reg.h:2695,
gpio,GPIO_FUNC68_IN_SEL_CFG,0x264,GPIO_FUNC68_IN_INV_SEL,5,1,RW,idf,0x0,0x0,0x0,R/W,IDF v5.5.3 soc/esp32c3/register/soc/gpio_reg.h:2689,
gpio,GPIO_FUNC68_IN_SEL_CFG,0x264,GPIO_SIG68_IN_SEL,6,1,RW,idf,0x0,0x0,0x0,R/W,IDF v5.5.3 soc/esp32c3/register/soc/gpio_reg.h:2683,
gpio,GPIO_FUNC69_IN_SEL_CFG,0x268,GPIO_FUNC69_IN_SEL,0,5,RW,idf,0x0,0x0,0x0,R/W,IDF v5.5.3 soc/esp32c3/register/soc/gpio_reg.h:2715,
gpio,GPIO_FUNC69_IN_SEL_CFG,0x268,GPIO_FUNC69_IN_INV_SEL,5,1,RW,idf,0x0,0x0,0x0,R/W,IDF v5.5.3 soc/esp32c3/register/soc/gpio_reg.h:2709,
gpio,GPIO_FUNC69_IN_SEL_CFG,0x268,GPIO_SIG69_IN_SEL,6,1,RW,idf,0x0,0x0,0x0,R/W,IDF v5.5.3 soc/esp32c3/register/soc/gpio_reg.h:2703,
gpio,GPIO_FUNC70_IN_SEL_CFG,0x26C,GPIO_FUNC70_IN_SEL,0,5,RW,idf,0x0,0x0,0x0,R/W,IDF v5.5.3 soc/esp32c3/register/soc/gpio_reg.h:2735,
gpio,GPIO_FUNC70_IN_SEL_CFG,0x26C,GPIO_FUNC70_IN_INV_SEL,5,1,RW,idf,0x0,0x0,0x0,R/W,IDF v5.5.3 soc/esp32c3/register/soc/gpio_reg.h:2729,
gpio,GPIO_FUNC70_IN_SEL_CFG,0x26C,GPIO_SIG70_IN_SEL,6,1,RW,idf,0x0,0x0,0x0,R/W,IDF v5.5.3 soc/esp32c3/register/soc/gpio_reg.h:2723,
gpio,GPIO_FUNC71_IN_SEL_CFG,0x270,GPIO_FUNC71_IN_SEL,0,5,RW,idf,0x0,0x0,0x0,R/W,IDF v5.5.3 soc/esp32c3/register/soc/gpio_reg.h:2755,
gpio,GPIO_FUNC71_IN_SEL_CFG,0x270,GPIO_FUNC71_IN_INV_SEL,5,1,RW,idf,0x0,0x0,0x0,R/W,IDF v5.5.3 soc/esp32c3/register/soc/gpio_reg.h:2749,
gpio,GPIO_FUNC71_IN_SEL_CFG,0x270,GPIO_SIG71_IN_SEL,6,1,RW,idf,0x0,0x0,0x0,R/W,IDF v5.5.3 soc/esp32c3/register/soc/gpio_reg.h:2743,
gpio,GPIO_FUNC72_IN_SEL_CFG,0x274,GPIO_FUNC72_IN_SEL,0,5,RW,idf,0x0,0x0,0x0,R/W,IDF v5.5.3 soc/esp32c3/register/soc/gpio_reg.h:2775,
gpio,GPIO_FUNC72_IN_SEL_CFG,0x274,GPIO_FUNC72_IN_INV_SEL,5,1,RW,idf,0x0,0x0,0x0,R/W,IDF v5.5.3 soc/esp32c3/register/soc/gpio_reg.h:2769,
gpio,GPIO_FUNC72_IN_SEL_CFG,0x274,GPIO_SIG72_IN_SEL,6,1,RW,idf,0x0,0x0,0x0,R/W,IDF v5.5.3 soc/esp32c3/register/soc/gpio_reg.h:2763,
gpio,GPIO_FUNC73_IN_SEL_CFG,0x278,GPIO_FUNC73_IN_SEL,0,5,RW,idf,0x0,0x0,0x0,R/W,IDF v5.5.3 soc/esp32c3/register/soc/gpio_reg.h:2795,
gpio,GPIO_FUNC73_IN_SEL_CFG,0x278,GPIO_FUNC73_IN_INV_SEL,5,1,RW,idf,0x0,0x0,0x0,R/W,IDF v5.5.3 soc/esp32c3/register/soc/gpio_reg.h:2789,
gpio,GPIO_FUNC73_IN_SEL_CFG,0x278,GPIO_SIG73_IN_SEL,6,1,RW,idf,0x0,0x0,0x0,R/W,IDF v5.5.3 soc/esp32c3/register/soc/gpio_reg.h:2783,
gpio,GPIO_FUNC74_IN_SEL_CFG,0x27C,GPIO_FUNC74_IN_SEL,0,5,RW,idf,0x0,0x0,0x0,R/W,IDF v5.5.3 soc/esp32c3/register/soc/gpio_reg.h:2815,
gpio,GPIO_FUNC74_IN_SEL_CFG,0x27C,GPIO_FUNC74_IN_INV_SEL,5,1,RW,idf,0x0,0x0,0x0,R/W,IDF v5.5.3 soc/esp32c3/register/soc/gpio_reg.h:2809,
gpio,GPIO_FUNC74_IN_SEL_CFG,0x27C,GPIO_SIG74_IN_SEL,6,1,RW,idf,0x0,0x0,0x0,R/W,IDF v5.5.3 soc/esp32c3/register/soc/gpio_reg.h:2803,
gpio,GPIO_FUNC75_IN_SEL_CFG,0x280,GPIO_FUNC75_IN_SEL,0,5,RW,idf,0x0,0x0,0x0,R/W,IDF v5.5.3 soc/esp32c3/register/soc/gpio_reg.h:2835,
gpio,GPIO_FUNC75_IN_SEL_CFG,0x280,GPIO_FUNC75_IN_INV_SEL,5,1,RW,idf,0x0,0x0,0x0,R/W,IDF v5.5.3 soc/esp32c3/register/soc/gpio_reg.h:2829,
gpio,GPIO_FUNC75_IN_SEL_CFG,0x280,GPIO_SIG75_IN_SEL,6,1,RW,idf,0x0,0x0,0x0,R/W,IDF v5.5.3 soc/esp32c3/register/soc/gpio_reg.h:2823,
gpio,GPIO_FUNC76_IN_SEL_CFG,0x284,GPIO_FUNC76_IN_SEL,0,5,RW,idf,0x0,0x0,0x0,R/W,IDF v5.5.3 soc/esp32c3/register/soc/gpio_reg.h:2855,
gpio,GPIO_FUNC76_IN_SEL_CFG,0x284,GPIO_FUNC76_IN_INV_SEL,5,1,RW,idf,0x0,0x0,0x0,R/W,IDF v5.5.3 soc/esp32c3/register/soc/gpio_reg.h:2849,
gpio,GPIO_FUNC76_IN_SEL_CFG,0x284,GPIO_SIG76_IN_SEL,6,1,RW,idf,0x0,0x0,0x0,R/W,IDF v5.5.3 soc/esp32c3/register/soc/gpio_reg.h:2843,
gpio,GPIO_FUNC77_IN_SEL_CFG,0x288,GPIO_FUNC77_IN_SEL,0,5,RW,idf,0x0,0x0,0x0,R/W,IDF v5.5.3 soc/esp32c3/register/soc/gpio_reg.h:2875,
gpio,GPIO_FUNC77_IN_SEL_CFG,0x288,GPIO_FUNC77_IN_INV_SEL,5,1,RW,idf,0x0,0x0,0x0,R/W,IDF v5.5.3 soc/esp32c3/register/soc/gpio_reg.h:2869,
gpio,GPIO_FUNC77_IN_SEL_CFG,0x288,GPIO_SIG77_IN_SEL,6,1,RW,idf,0x0,0x0,0x0,R/W,IDF v5.5.3 soc/esp32c3/register/soc/gpio_reg.h:2863,
gpio,GPIO_FUNC78_IN_SEL_CFG,0x28C,GPIO_FUNC78_IN_SEL,0,5,RW,idf,0x0,0x0,0x0,R/W,IDF v5.5.3 soc/esp32c3/register/soc/gpio_reg.h:2895,
gpio,GPIO_FUNC78_IN_SEL_CFG,0x28C,GPIO_FUNC78_IN_INV_SEL,5,1,RW,idf,0x0,0x0,0x0,R/W,IDF v5.5.3 soc/esp32c3/register/soc/gpio_reg.h:2889,
gpio,GPIO_FUNC78_IN_SEL_CFG,0x28C,GPIO_SIG78_IN_SEL,6,1,RW,idf,0x0,0x0,0x0,R/W,IDF v5.5.3 soc/esp32c3/register/soc/gpio_reg.h:2883,
gpio,GPIO_FUNC79_IN_SEL_CFG,0x290,GPIO_FUNC79_IN_SEL,0,5,RW,idf,0x0,0x0,0x0,R/W,IDF v5.5.3 soc/esp32c3/register/soc/gpio_reg.h:2915,
gpio,GPIO_FUNC79_IN_SEL_CFG,0x290,GPIO_FUNC79_IN_INV_SEL,5,1,RW,idf,0x0,0x0,0x0,R/W,IDF v5.5.3 soc/esp32c3/register/soc/gpio_reg.h:2909,
gpio,GPIO_FUNC79_IN_SEL_CFG,0x290,GPIO_SIG79_IN_SEL,6,1,RW,idf,0x0,0x0,0x0,R/W,IDF v5.5.3 soc/esp32c3/register/soc/gpio_reg.h:2903,
gpio,GPIO_FUNC80_IN_SEL_CFG,0x294,GPIO_FUNC80_IN_SEL,0,5,RW,idf,0x0,0x0,0x0,R/W,IDF v5.5.3 soc/esp32c3/register/soc/gpio_reg.h:2935,
gpio,GPIO_FUNC80_IN_SEL_CFG,0x294,GPIO_FUNC80_IN_INV_SEL,5,1,RW,idf,0x0,0x0,0x0,R/W,IDF v5.5.3 soc/esp32c3/register/soc/gpio_reg.h:2929,
gpio,GPIO_FUNC80_IN_SEL_CFG,0x294,GPIO_SIG80_IN_SEL,6,1,RW,idf,0x0,0x0,0x0,R/W,IDF v5.5.3 soc/esp32c3/register/soc/gpio_reg.h:2923,
gpio,GPIO_FUNC81_IN_SEL_CFG,0x298,GPIO_FUNC81_IN_SEL,0,5,RW,idf,0x0,0x0,0x0,R/W,IDF v5.5.3 soc/esp32c3/register/soc/gpio_reg.h:2955,
gpio,GPIO_FUNC81_IN_SEL_CFG,0x298,GPIO_FUNC81_IN_INV_SEL,5,1,RW,idf,0x0,0x0,0x0,R/W,IDF v5.5.3 soc/esp32c3/register/soc/gpio_reg.h:2949,
gpio,GPIO_FUNC81_IN_SEL_CFG,0x298,GPIO_SIG81_IN_SEL,6,1,RW,idf,0x0,0x0,0x0,R/W,IDF v5.5.3 soc/esp32c3/register/soc/gpio_reg.h:2943,
gpio,GPIO_FUNC82_IN_SEL_CFG,0x29C,GPIO_FUNC82_IN_SEL,0,5,RW,idf,0x0,0x0,0x0,R/W,IDF v5.5.3 soc/esp32c3/register/soc/gpio_reg.h:2975,
gpio,GPIO_FUNC82_IN_SEL_CFG,0x29C,GPIO_FUNC82_IN_INV_SEL,5,1,RW,idf,0x0,0x0,0x0,R/W,IDF v5.5.3 soc/esp32c3/register/soc/gpio_reg.h:2969,
gpio,GPIO_FUNC82_IN_SEL_CFG,0x29C,GPIO_SIG82_IN_SEL,6,1,RW,idf,0x0,0x0,0x0,R/W,IDF v5.5.3 soc/esp32c3/register/soc/gpio_reg.h:2963,
gpio,GPIO_FUNC83_IN_SEL_CFG,0x2A0,GPIO_FUNC83_IN_SEL,0,5,RW,idf,0x0,0x0,0x0,R/W,IDF v5.5.3 soc/esp32c3/register/soc/gpio_reg.h:2995,
gpio,GPIO_FUNC83_IN_SEL_CFG,0x2A0,GPIO_FUNC83_IN_INV_SEL,5,1,RW,idf,0x0,0x0,0x0,R/W,IDF v5.5.3 soc/esp32c3/register/soc/gpio_reg.h:2989,
gpio,GPIO_FUNC83_IN_SEL_CFG,0x2A0,GPIO_SIG83_IN_SEL,6,1,RW,idf,0x0,0x0,0x0,R/W,IDF v5.5.3 soc/esp32c3/register/soc/gpio_reg.h:2983,
gpio,GPIO_FUNC84_IN_SEL_CFG,0x2A4,GPIO_FUNC84_IN_SEL,0,5,RW,idf,0x0,0x0,0x0,R/W,IDF v5.5.3 soc/esp32c3/register/soc/gpio_reg.h:3015,
gpio,GPIO_FUNC84_IN_SEL_CFG,0x2A4,GPIO_FUNC84_IN_INV_SEL,5,1,RW,idf,0x0,0x0,0x0,R/W,IDF v5.5.3 soc/esp32c3/register/soc/gpio_reg.h:3009,
gpio,GPIO_FUNC84_IN_SEL_CFG,0x2A4,GPIO_SIG84_IN_SEL,6,1,RW,idf,0x0,0x0,0x0,R/W,IDF v5.5.3 soc/esp32c3/register/soc/gpio_reg.h:3003,
gpio,GPIO_FUNC85_IN_SEL_CFG,0x2A8,GPIO_FUNC85_IN_SEL,0,5,RW,idf,0x0,0x0,0x0,R/W,IDF v5.5.3 soc/esp32c3/register/soc/gpio_reg.h:3035,
gpio,GPIO_FUNC85_IN_SEL_CFG,0x2A8,GPIO_FUNC85_IN_INV_SEL,5,1,RW,idf,0x0,0x0,0x0,R/W,IDF v5.5.3 soc/esp32c3/register/soc/gpio_reg.h:3029,
gpio,GPIO_FUNC85_IN_SEL_CFG,0x2A8,GPIO_SIG85_IN_SEL,6,1,RW,idf,0x0,0x0,0x0,R/W,IDF v5.5.3 soc/esp32c3/register/soc/gpio_reg.h:3023,
gpio,GPIO_FUNC86_IN_SEL_CFG,0x2AC,GPIO_FUNC86_IN_SEL,0,5,RW,idf,0x0,0x0,0x0,R/W,IDF v5.5.3 soc/esp32c3/register/soc/gpio_reg.h:3055,
gpio,GPIO_FUNC86_IN_SEL_CFG,0x2AC,GPIO_FUNC86_IN_INV_SEL,5,1,RW,idf,0x0,0x0,0x0,R/W,IDF v5.5.3 soc/esp32c3/register/soc/gpio_reg.h:3049,
gpio,GPIO_FUNC86_IN_SEL_CFG,0x2AC,GPIO_SIG86_IN_SEL,6,1,RW,idf,0x0,0x0,0x0,R/W,IDF v5.5.3 soc/esp32c3/register/soc/gpio_reg.h:3043,
gpio,GPIO_FUNC87_IN_SEL_CFG,0x2B0,GPIO_FUNC87_IN_SEL,0,5,RW,idf,0x0,0x0,0x0,R/W,IDF v5.5.3 soc/esp32c3/register/soc/gpio_reg.h:3075,
gpio,GPIO_FUNC87_IN_SEL_CFG,0x2B0,GPIO_FUNC87_IN_INV_SEL,5,1,RW,idf,0x0,0x0,0x0,R/W,IDF v5.5.3 soc/esp32c3/register/soc/gpio_reg.h:3069,
gpio,GPIO_FUNC87_IN_SEL_CFG,0x2B0,GPIO_SIG87_IN_SEL,6,1,RW,idf,0x0,0x0,0x0,R/W,IDF v5.5.3 soc/esp32c3/register/soc/gpio_reg.h:3063,
gpio,GPIO_FUNC88_IN_SEL_CFG,0x2B4,GPIO_FUNC88_IN_SEL,0,5,RW,idf,0x0,0x0,0x0,R/W,IDF v5.5.3 soc/esp32c3/register/soc/gpio_reg.h:3095,
gpio,GPIO_FUNC88_IN_SEL_CFG,0x2B4,GPIO_FUNC88_IN_INV_SEL,5,1,RW,idf,0x0,0x0,0x0,R/W,IDF v5.5.3 soc/esp32c3/register/soc/gpio_reg.h:3089,
gpio,GPIO_FUNC88_IN_SEL_CFG,0x2B4,GPIO_SIG88_IN_SEL,6,1,RW,idf,0x0,0x0,0x0,R/W,IDF v5.5.3 soc/esp32c3/register/soc/gpio_reg.h:3083,
gpio,GPIO_FUNC89_IN_SEL_CFG,0x2B8,GPIO_FUNC89_IN_SEL,0,5,RW,idf,0x0,0x0,0x0,R/W,IDF v5.5.3 soc/esp32c3/register/soc/gpio_reg.h:3115,
gpio,GPIO_FUNC89_IN_SEL_CFG,0x2B8,GPIO_FUNC89_IN_INV_SEL,5,1,RW,idf,0x0,0x0,0x0,R/W,IDF v5.5.3 soc/esp32c3/register/soc/gpio_reg.h:3109,
gpio,GPIO_FUNC89_IN_SEL_CFG,0x2B8,GPIO_SIG89_IN_SEL,6,1,RW,idf,0x0,0x0,0x0,R/W,IDF v5.5.3 soc/esp32c3/register/soc/gpio_reg.h:3103,
gpio,GPIO_FUNC90_IN_SEL_CFG,0x2BC,GPIO_FUNC90_IN_SEL,0,5,RW,idf,0x0,0x0,0x0,R/W,IDF v5.5.3 soc/esp32c3/register/soc/gpio_reg.h:3135,
gpio,GPIO_FUNC90_IN_SEL_CFG,0x2BC,GPIO_FUNC90_IN_INV_SEL,5,1,RW,idf,0x0,0x0,0x0,R/W,IDF v5.5.3 soc/esp32c3/register/soc/gpio_reg.h:3129,
gpio,GPIO_FUNC90_IN_SEL_CFG,0x2BC,GPIO_SIG90_IN_SEL,6,1,RW,idf,0x0,0x0,0x0,R/W,IDF v5.5.3 soc/esp32c3/register/soc/gpio_reg.h:3123,
gpio,GPIO_FUNC91_IN_SEL_CFG,0x2C0,GPIO_FUNC91_IN_SEL,0,5,RW,idf,0x0,0x0,0x0,R/W,IDF v5.5.3 soc/esp32c3/register/soc/gpio_reg.h:3155,
gpio,GPIO_FUNC91_IN_SEL_CFG,0x2C0,GPIO_FUNC91_IN_INV_SEL,5,1,RW,idf,0x0,0x0,0x0,R/W,IDF v5.5.3 soc/esp32c3/register/soc/gpio_reg.h:3149,
gpio,GPIO_FUNC91_IN_SEL_CFG,0x2C0,GPIO_SIG91_IN_SEL,6,1,RW,idf,0x0,0x0,0x0,R/W,IDF v5.5.3 soc/esp32c3/register/soc/gpio_reg.h:3143,
gpio,GPIO_FUNC92_IN_SEL_CFG,0x2C4,GPIO_FUNC92_IN_SEL,0,5,RW,idf,0x0,0x0,0x0,R/W,IDF v5.5.3 soc/esp32c3/register/soc/gpio_reg.h:3175,
gpio,GPIO_FUNC92_IN_SEL_CFG,0x2C4,GPIO_FUNC92_IN_INV_SEL,5,1,RW,idf,0x0,0x0,0x0,R/W,IDF v5.5.3 soc/esp32c3/register/soc/gpio_reg.h:3169,
gpio,GPIO_FUNC92_IN_SEL_CFG,0x2C4,GPIO_SIG92_IN_SEL,6,1,RW,idf,0x0,0x0,0x0,R/W,IDF v5.5.3 soc/esp32c3/register/soc/gpio_reg.h:3163,
gpio,GPIO_FUNC93_IN_SEL_CFG,0x2C8,GPIO_FUNC93_IN_SEL,0,5,RW,idf,0x0,0x0,0x0,R/W,IDF v5.5.3 soc/esp32c3/register/soc/gpio_reg.h:3195,
gpio,GPIO_FUNC93_IN_SEL_CFG,0x2C8,GPIO_FUNC93_IN_INV_SEL,5,1,RW,idf,0x0,0x0,0x0,R/W,IDF v5.5.3 soc/esp32c3/register/soc/gpio_reg.h:3189,
gpio,GPIO_FUNC93_IN_SEL_CFG,0x2C8,GPIO_SIG93_IN_SEL,6,1,RW,idf,0x0,0x0,0x0,R/W,IDF v5.5.3 soc/esp32c3/register/soc/gpio_reg.h:3183,
gpio,GPIO_FUNC94_IN_SEL_CFG,0x2CC,GPIO_FUNC94_IN_SEL,0,5,RW,idf,0x0,0x0,0x0,R/W,IDF v5.5.3 soc/esp32c3/register/soc/gpio_reg.h:3215,
gpio,GPIO_FUNC94_IN_SEL_CFG,0x2CC,GPIO_FUNC94_IN_INV_SEL,5,1,RW,idf,0x0,0x0,0x0,R/W,IDF v5.5.3 soc/esp32c3/register/soc/gpio_reg.h:3209,
gpio,GPIO_FUNC94_IN_SEL_CFG,0x2CC,GPIO_SIG94_IN_SEL,6,1,RW,idf,0x0,0x0,0x0,R/W,IDF v5.5.3 soc/esp32c3/register/soc/gpio_reg.h:3203,
gpio,GPIO_FUNC95_IN_SEL_CFG,0x2D0,GPIO_FUNC95_IN_SEL,0,5,RW,idf,0x0,0x0,0x0,R/W,IDF v5.5.3 soc/esp32c3/register/soc/gpio_reg.h:3235,
gpio,GPIO_FUNC95_IN_SEL_CFG,0x2D0,GPIO_FUNC95_IN_INV_SEL,5,1,RW,idf,0x0,0x0,0x0,R/W,IDF v5.5.3 soc/esp32c3/register/soc/gpio_reg.h:3229,
gpio,GPIO_FUNC95_IN_SEL_CFG,0x2D0,GPIO_SIG95_IN_SEL,6,1,RW,idf,0x0,0x0,0x0,R/W,IDF v5.5.3 soc/esp32c3/register/soc/gpio_reg.h:3223,
gpio,GPIO_FUNC96_IN_SEL_CFG,0x2D4,GPIO_FUNC96_IN_SEL,0,5,RW,idf,0x0,0x0,0x0,R/W,IDF v5.5.3 soc/esp32c3/register/soc/gpio_reg.h:3255,
gpio,GPIO_FUNC96_IN_SEL_CFG,0x2D4,GPIO_FUNC96_IN_INV_SEL,5,1,RW,idf,0x0,0x0,0x0,R/W,IDF v5.5.3 soc/esp32c3/register/soc/gpio_reg.h:3249,
gpio,GPIO_FUNC96_IN_SEL_CFG,0x2D4,GPIO_SIG96_IN_SEL,6,1,RW,idf,0x0,0x0,0x0,R/W,IDF v5.5.3 soc/esp32c3/register/soc/gpio_reg.h:3243,
gpio,GPIO_FUNC97_IN_SEL_CFG,0x2D8,GPIO_FUNC97_IN_SEL,0,5,RW,idf,0x0,0x0,0x0,R/W,IDF v5.5.3 soc/esp32c3/register/soc/gpio_reg.h:3275,
gpio,GPIO_FUNC97_IN_SEL_CFG,0x2D8,GPIO_FUNC97_IN_INV_SEL,5,1,RW,idf,0x0,0x0,0x0,R/W,IDF v5.5.3 soc/esp32c3/register/soc/gpio_reg.h:3269,
gpio,GPIO_FUNC97_IN_SEL_CFG,0x2D8,GPIO_SIG97_IN_SEL,6,1,RW,idf,0x0,0x0,0x0,R/W,IDF v5.5.3 soc/esp32c3/register/soc/gpio_reg.h:3263,
gpio,GPIO_FUNC98_IN_SEL_CFG,0x2DC,GPIO_FUNC98_IN_SEL,0,5,RW,idf,0x0,0x0,0x0,R/W,IDF v5.5.3 soc/esp32c3/register/soc/gpio_reg.h:3295,
gpio,GPIO_FUNC98_IN_SEL_CFG,0x2DC,GPIO_FUNC98_IN_INV_SEL,5,1,RW,idf,0x0,0x0,0x0,R/W,IDF v5.5.3 soc/esp32c3/register/soc/gpio_reg.h:3289,
gpio,GPIO_FUNC98_IN_SEL_CFG,0x2DC,GPIO_SIG98_IN_SEL,6,1,RW,idf,0x0,0x0,0x0,R/W,IDF v5.5.3 soc/esp32c3/register/soc/gpio_reg.h:3283,
gpio,GPIO_FUNC99_IN_SEL_CFG,0x2E0,GPIO_FUNC99_IN_SEL,0,5,RW,idf,0x0,0x0,0x0,R/W,IDF v5.5.3 soc/esp32c3/register/soc/gpio_reg.h:3315,
gpio,GPIO_FUNC99_IN_SEL_CFG,0x2E0,GPIO_FUNC99_IN_INV_SEL,5,1,RW,idf,0x0,0x0,0x0,R/W,IDF v5.5.3 soc/esp32c3/register/soc/gpio_reg.h:3309,
gpio,GPIO_FUNC99_IN_SEL_CFG,0x2E0,GPIO_SIG99_IN_SEL,6,1,RW,idf,0x0,0x0,0x0,R/W,IDF v5.5.3 soc/esp32c3/register/soc/gpio_reg.h:3303,
gpio,GPIO_FUNC100_IN_SEL_CFG,0x2E4,GPIO_FUNC100_IN_SEL,0,5,RW,idf,0x0,0x0,0x0,R/W,IDF v5.5.3 soc/esp32c3/register/soc/gpio_reg.h:3335,
gpio,GPIO_FUNC100_IN_SEL_CFG,0x2E4,GPIO_FUNC100_IN_INV_SEL,5,1,RW,idf,0x0,0x0,0x0,R/W,IDF v5.5.3 soc/esp32c3/register/soc/gpio_reg.h:3329,
gpio,GPIO_FUNC100_IN_SEL_CFG,0x2E4,GPIO_SIG100_IN_SEL,6,1,RW,idf,0x0,0x0,0x0,R/W,IDF v5.5.3 soc/esp32c3/register/soc/gpio_reg.h:3323,
gpio,GPIO_FUNC101_IN_SEL_CFG,0x2E8,GPIO_FUNC101_IN_SEL,0,5,RW,idf,0x0,0x0,0x0,R/W,IDF v5.5.3 soc/esp32c3/register/soc/gpio_reg.h:3355,
gpio,GPIO_FUNC101_IN_SEL_CFG,0x2E8,GPIO_FUNC101_IN_INV_SEL,5,1,RW,idf,0x0,0x0,0x0,R/W,IDF v5.5.3 soc/esp32c3/register/soc/gpio_reg.h:3349,
gpio,GPIO_FUNC101_IN_SEL_CFG,0x2E8,GPIO_SIG101_IN_SEL,6,1,RW,idf,0x0,0x0,0x0,R/W,IDF v5.5.3 soc/esp32c3/register/soc/gpio_reg.h:3343,
gpio,GPIO_FUNC102_IN_SEL_CFG,0x2EC,GPIO_FUNC102_IN_SEL,0,5,RW,idf,0x0,0x0,0x0,R/W,IDF v5.5.3 soc/esp32c3/register/soc/gpio_reg.h:3375,
gpio,GPIO_FUNC102_IN_SEL_CFG,0x2EC,GPIO_FUNC102_IN_INV_SEL,5,1,RW,idf,0x0,0x0,0x0,R/W,IDF v5.5.3 soc/esp32c3/register/soc/gpio_reg.h:3369,
gpio,GPIO_FUNC102_IN_SEL_CFG,0x2EC,GPIO_SIG102_IN_SEL,6,1,RW,idf,0x0,0x0,0x0,R/W,IDF v5.5.3 soc/esp32c3/register/soc/gpio_reg.h:3363,
gpio,GPIO_FUNC103_IN_SEL_CFG,0x2F0,GPIO_FUNC103_IN_SEL,0,5,RW,idf,0x0,0x0,0x0,R/W,IDF v5.5.3 soc/esp32c3/register/soc/gpio_reg.h:3395,
gpio,GPIO_FUNC103_IN_SEL_CFG,0x2F0,GPIO_FUNC103_IN_INV_SEL,5,1,RW,idf,0x0,0x0,0x0,R/W,IDF v5.5.3 soc/esp32c3/register/soc/gpio_reg.h:3389,
gpio,GPIO_FUNC103_IN_SEL_CFG,0x2F0,GPIO_SIG103_IN_SEL,6,1,RW,idf,0x0,0x0,0x0,R/W,IDF v5.5.3 soc/esp32c3/register/soc/gpio_reg.h:3383,
gpio,GPIO_FUNC104_IN_SEL_CFG,0x2F4,GPIO_FUNC104_IN_SEL,0,5,RW,idf,0x0,0x0,0x0,R/W,IDF v5.5.3 soc/esp32c3/register/soc/gpio_reg.h:3415,
gpio,GPIO_FUNC104_IN_SEL_CFG,0x2F4,GPIO_FUNC104_IN_INV_SEL,5,1,RW,idf,0x0,0x0,0x0,R/W,IDF v5.5.3 soc/esp32c3/register/soc/gpio_reg.h:3409,
gpio,GPIO_FUNC104_IN_SEL_CFG,0x2F4,GPIO_SIG104_IN_SEL,6,1,RW,idf,0x0,0x0,0x0,R/W,IDF v5.5.3 soc/esp32c3/register/soc/gpio_reg.h:3403,
gpio,GPIO_FUNC105_IN_SEL_CFG,0x2F8,GPIO_FUNC105_IN_SEL,0,5,RW,idf,0x0,0x0,0x0,R/W,IDF v5.5.3 soc/esp32c3/register/soc/gpio_reg.h:3435,
gpio,GPIO_FUNC105_IN_SEL_CFG,0x2F8,GPIO_FUNC105_IN_INV_SEL,5,1,RW,idf,0x0,0x0,0x0,R/W,IDF v5.5.3 soc/esp32c3/register/soc/gpio_reg.h:3429,
gpio,GPIO_FUNC105_IN_SEL_CFG,0x2F8,GPIO_SIG105_IN_SEL,6,1,RW,idf,0x0,0x0,0x0,R/W,IDF v5.5.3 soc/esp32c3/register/soc/gpio_reg.h:3423,
gpio,GPIO_FUNC106_IN_SEL_CFG,0x2FC,GPIO_FUNC106_IN_SEL,0,5,RW,idf,0x0,0x0,0x0,R/W,IDF v5.5.3 soc/esp32c3/register/soc/gpio_reg.h:3455,
gpio,GPIO_FUNC106_IN_SEL_CFG,0x2FC,GPIO_FUNC106_IN_INV_SEL,5,1,RW,idf,0x0,0x0,0x0,R/W,IDF v5.5.3 soc/esp32c3/register/soc/gpio_reg.h:3449,
gpio,GPIO_FUNC106_IN_SEL_CFG,0x2FC,GPIO_SIG106_IN_SEL,6,1,RW,idf,0x0,0x0,0x0,R/W,IDF v5.5.3 soc/esp32c3/register/soc/gpio_reg.h:3443,
gpio,GPIO_FUNC107_IN_SEL_CFG,0x300,GPIO_FUNC107_IN_SEL,0,5,RW,idf,0x0,0x0,0x0,R/W,IDF v5.5.3 soc/esp32c3/register/soc/gpio_reg.h:3475,
gpio,GPIO_FUNC107_IN_SEL_CFG,0x300,GPIO_FUNC107_IN_INV_SEL,5,1,RW,idf,0x0,0x0,0x0,R/W,IDF v5.5.3 soc/esp32c3/register/soc/gpio_reg.h:3469,
gpio,GPIO_FUNC107_IN_SEL_CFG,0x300,GPIO_SIG107_IN_SEL,6,1,RW,idf,0x0,0x0,0x0,R/W,IDF v5.5.3 soc/esp32c3/register/soc/gpio_reg.h:3463,
gpio,GPIO_FUNC108_IN_SEL_CFG,0x304,GPIO_FUNC108_IN_SEL,0,5,RW,idf,0x0,0x0,0x0,R/W,IDF v5.5.3 soc/esp32c3/register/soc/gpio_reg.h:3495,
gpio,GPIO_FUNC108_IN_SEL_CFG,0x304,GPIO_FUNC108_IN_INV_SEL,5,1,RW,idf,0x0,0x0,0x0,R/W,IDF v5.5.3 soc/esp32c3/register/soc/gpio_reg.h:3489,
gpio,GPIO_FUNC108_IN_SEL_CFG,0x304,GPIO_SIG108_IN_SEL,6,1,RW,idf,0x0,0x0,0x0,R/W,IDF v5.5.3 soc/esp32c3/register/soc/gpio_reg.h:3483,
gpio,GPIO_FUNC109_IN_SEL_CFG,0x308,GPIO_FUNC109_IN_SEL,0,5,RW,idf,0x0,0x0,0x0,R/W,IDF v5.5.3 soc/esp32c3/register/soc/gpio_reg.h:3515,
gpio,GPIO_FUNC109_IN_SEL_CFG,0x308,GPIO_FUNC109_IN_INV_SEL,5,1,RW,idf,0x0,0x0,0x0,R/W,IDF v5.5.3 soc/esp32c3/register/soc/gpio_reg.h:3509,
gpio,GPIO_FUNC109_IN_SEL_CFG,0x308,GPIO_SIG109_IN_SEL,6,1,RW,idf,0x0,0x0,0x0,R/W,IDF v5.5.3 soc/esp32c3/register/soc/gpio_reg.h:3503,
gpio,GPIO_FUNC110_IN_SEL_CFG,0x30C,GPIO_FUNC110_IN_SEL,0,5,RW,idf,0x0,0x0,0x0,R/W,IDF v5.5.3 soc/esp32c3/register/soc/gpio_reg.h:3535,
gpio,GPIO_FUNC110_IN_SEL_CFG,0x30C,GPIO_FUNC110_IN_INV_SEL,5,1,RW,idf,0x0,0x0,0x0,R/W,IDF v5.5.3 soc/esp32c3/register/soc/gpio_reg.h:3529,
gpio,GPIO_FUNC110_IN_SEL_CFG,0x30C,GPIO_SIG110_IN_SEL,6,1,RW,idf,0x0,0x0,0x0,R/W,IDF v5.5.3 soc/esp32c3/register/soc/gpio_reg.h:3523,
gpio,GPIO_FUNC111_IN_SEL_CFG,0x310,GPIO_FUNC111_IN_SEL,0,5,RW,idf,0x0,0x0,0x0,R/W,IDF v5.5.3 soc/esp32c3/register/soc/gpio_reg.h:3555,
gpio,GPIO_FUNC111_IN_SEL_CFG,0x310,GPIO_FUNC111_IN_INV_SEL,5,1,RW,idf,0x0,0x0,0x0,R/W,IDF v5.5.3 soc/esp32c3/register/soc/gpio_reg.h:3549,
gpio,GPIO_FUNC111_IN_SEL_CFG,0x310,GPIO_SIG111_IN_SEL,6,1,RW,idf,0x0,0x0,0x0,R/W,IDF v5.5.3 soc/esp32c3/register/soc/gpio_reg.h:3543,
gpio,GPIO_FUNC112_IN_SEL_CFG,0x314,GPIO_FUNC112_IN_SEL,0,5,RW,idf,0x0,0x0,0x0,R/W,IDF v5.5.3 soc/esp32c3/register/soc/gpio_reg.h:3575,
gpio,GPIO_FUNC112_IN_SEL_CFG,0x314,GPIO_FUNC112_IN_INV_SEL,5,1,RW,idf,0x0,0x0,0x0,R/W,IDF v5.5.3 soc/esp32c3/register/soc/gpio_reg.h:3569,
gpio,GPIO_FUNC112_IN_SEL_CFG,0x314,GPIO_SIG112_IN_SEL,6,1,RW,idf,0x0,0x0,0x0,R/W,IDF v5.5.3 soc/esp32c3/register/soc/gpio_reg.h:3563,
gpio,GPIO_FUNC113_IN_SEL_CFG,0x318,GPIO_FUNC113_IN_SEL,0,5,RW,idf,0x0,0x0,0x0,R/W,IDF v5.5.3 soc/esp32c3/register/soc/gpio_reg.h:3595,
gpio,GPIO_FUNC113_IN_SEL_CFG,0x318,GPIO_FUNC113_IN_INV_SEL,5,1,RW,idf,0x0,0x0,0x0,R/W,IDF v5.5.3 soc/esp32c3/register/soc/gpio_reg.h:3589,
gpio,GPIO_FUNC113_IN_SEL_CFG,0x318,GPIO_SIG113_IN_SEL,6,1,RW,idf,0x0,0x0,0x0,R/W,IDF v5.5.3 soc/esp32c3/register/soc/gpio_reg.h:3583,
gpio,GPIO_FUNC114_IN_SEL_CFG,0x31C,GPIO_FUNC114_IN_SEL,0,5,RW,idf,0x0,0x0,0x0,R/W,IDF v5.5.3 soc/esp32c3/register/soc/gpio_reg.h:3615,
gpio,GPIO_FUNC114_IN_SEL_CFG,0x31C,GPIO_FUNC114_IN_INV_SEL,5,1,RW,idf,0x0,0x0,0x0,R/W,IDF v5.5.3 soc/esp32c3/register/soc/gpio_reg.h:3609,
gpio,GPIO_FUNC114_IN_SEL_CFG,0x31C,GPIO_SIG114_IN_SEL,6,1,RW,idf,0x0,0x0,0x0,R/W,IDF v5.5.3 soc/esp32c3/register/soc/gpio_reg.h:3603,
gpio,GPIO_FUNC115_IN_SEL_CFG,0x320,GPIO_FUNC115_IN_SEL,0,5,RW,idf,0x0,0x0,0x0,R/W,IDF v5.5.3 soc/esp32c3/register/soc/gpio_reg.h:3635,
gpio,GPIO_FUNC115_IN_SEL_CFG,0x320,GPIO_FUNC115_IN_INV_SEL,5,1,RW,idf,0x0,0x0,0x0,R/W,IDF v5.5.3 soc/esp32c3/register/soc/gpio_reg.h:3629,
gpio,GPIO_FUNC115_IN_SEL_CFG,0x320,GPIO_SIG115_IN_SEL,6,1,RW,idf,0x0,0x0,0x0,R/W,IDF v5.5.3 soc/esp32c3/register/soc/gpio_reg.h:3623,
gpio,GPIO_FUNC116_IN_SEL_CFG,0x324,GPIO_FUNC116_IN_SEL,0,5,RW,idf,0x0,0x0,0x0,R/W,IDF v5.5.3 soc/esp32c3/register/soc/gpio_reg.h:3655,
gpio,GPIO_FUNC116_IN_SEL_CFG,0x324,GPIO_FUNC116_IN_INV_SEL,5,1,RW,idf,0x0,0x0,0x0,R/W,IDF v5.5.3 soc/esp32c3/register/soc/gpio_reg.h:3649,
gpio,GPIO_FUNC116_IN_SEL_CFG,0x324,GPIO_SIG116_IN_SEL,6,1,RW,idf,0x0,0x0,0x0,R/W,IDF v5.5.3 soc/esp32c3/register/soc/gpio_reg.h:3643,
gpio,GPIO_FUNC117_IN_SEL_CFG,0x328,GPIO_FUNC117_IN_SEL,0,5,RW,idf,0x0,0x0,0x0,R/W,IDF v5.5.3 soc/esp32c3/register/soc/gpio_reg.h:3675,
gpio,GPIO_FUNC117_IN_SEL_CFG,0x328,GPIO_FUNC117_IN_INV_SEL,5,1,RW,idf,0x0,0x0,0x0,R/W,IDF v5.5.3 soc/esp32c3/register/soc/gpio_reg.h:3669,
gpio,GPIO_FUNC117_IN_SEL_CFG,0x328,GPIO_SIG117_IN_SEL,6,1,RW,idf,0x0,0x0,0x0,R/W,IDF v5.5.3 soc/esp32c3/register/soc/gpio_reg.h:3663,
gpio,GPIO_FUNC118_IN_SEL_CFG,0x32C,GPIO_FUNC118_IN_SEL,0,5,RW,idf,0x0,0x0,0x0,R/W,IDF v5.5.3 soc/esp32c3/register/soc/gpio_reg.h:3695,
gpio,GPIO_FUNC118_IN_SEL_CFG,0x32C,GPIO_FUNC118_IN_INV_SEL,5,1,RW,idf,0x0,0x0,0x0,R/W,IDF v5.5.3 soc/esp32c3/register/soc/gpio_reg.h:3689,
gpio,GPIO_FUNC118_IN_SEL_CFG,0x32C,GPIO_SIG118_IN_SEL,6,1,RW,idf,0x0,0x0,0x0,R/W,IDF v5.5.3 soc/esp32c3/register/soc/gpio_reg.h:3683,
gpio,GPIO_FUNC119_IN_SEL_CFG,0x330,GPIO_FUNC119_IN_SEL,0,5,RW,idf,0x0,0x0,0x0,R/W,IDF v5.5.3 soc/esp32c3/register/soc/gpio_reg.h:3715,
gpio,GPIO_FUNC119_IN_SEL_CFG,0x330,GPIO_FUNC119_IN_INV_SEL,5,1,RW,idf,0x0,0x0,0x0,R/W,IDF v5.5.3 soc/esp32c3/register/soc/gpio_reg.h:3709,
gpio,GPIO_FUNC119_IN_SEL_CFG,0x330,GPIO_SIG119_IN_SEL,6,1,RW,idf,0x0,0x0,0x0,R/W,IDF v5.5.3 soc/esp32c3/register/soc/gpio_reg.h:3703,
gpio,GPIO_FUNC120_IN_SEL_CFG,0x334,GPIO_FUNC120_IN_SEL,0,5,RW,idf,0x0,0x0,0x0,R/W,IDF v5.5.3 soc/esp32c3/register/soc/gpio_reg.h:3735,
gpio,GPIO_FUNC120_IN_SEL_CFG,0x334,GPIO_FUNC120_IN_INV_SEL,5,1,RW,idf,0x0,0x0,0x0,R/W,IDF v5.5.3 soc/esp32c3/register/soc/gpio_reg.h:3729,
gpio,GPIO_FUNC120_IN_SEL_CFG,0x334,GPIO_SIG120_IN_SEL,6,1,RW,idf,0x0,0x0,0x0,R/W,IDF v5.5.3 soc/esp32c3/register/soc/gpio_reg.h:3723,
gpio,GPIO_FUNC121_IN_SEL_CFG,0x338,GPIO_FUNC121_IN_SEL,0,5,RW,idf,0x0,0x0,0x0,R/W,IDF v5.5.3 soc/esp32c3/register/soc/gpio_reg.h:3755,
gpio,GPIO_FUNC121_IN_SEL_CFG,0x338,GPIO_FUNC121_IN_INV_SEL,5,1,RW,idf,0x0,0x0,0x0,R/W,IDF v5.5.3 soc/esp32c3/register/soc/gpio_reg.h:3749,
gpio,GPIO_FUNC121_IN_SEL_CFG,0x338,GPIO_SIG121_IN_SEL,6,1,RW,idf,0x0,0x0,0x0,R/W,IDF v5.5.3 soc/esp32c3/register/soc/gpio_reg.h:3743,
gpio,GPIO_FUNC122_IN_SEL_CFG,0x33C,GPIO_FUNC122_IN_SEL,0,5,RW,idf,0x0,0x0,0x0,R/W,IDF v5.5.3 soc/esp32c3/register/soc/gpio_reg.h:3775,
gpio,GPIO_FUNC122_IN_SEL_CFG,0x33C,GPIO_FUNC122_IN_INV_SEL,5,1,RW,idf,0x0,0x0,0x0,R/W,IDF v5.5.3 soc/esp32c3/register/soc/gpio_reg.h:3769,
gpio,GPIO_FUNC122_IN_SEL_CFG,0x33C,GPIO_SIG122_IN_SEL,6,1,RW,idf,0x0,0x0,0x0,R/W,IDF v5.5.3 soc/esp32c3/register/soc/gpio_reg.h:3763,
gpio,GPIO_FUNC123_IN_SEL_CFG,0x340,GPIO_FUNC123_IN_SEL,0,5,RW,idf,0x0,0x0,0x0,R/W,IDF v5.5.3 soc/esp32c3/register/soc/gpio_reg.h:3795,
gpio,GPIO_FUNC123_IN_SEL_CFG,0x340,GPIO_FUNC123_IN_INV_SEL,5,1,RW,idf,0x0,0x0,0x0,R/W,IDF v5.5.3 soc/esp32c3/register/soc/gpio_reg.h:3789,
gpio,GPIO_FUNC123_IN_SEL_CFG,0x340,GPIO_SIG123_IN_SEL,6,1,RW,idf,0x0,0x0,0x0,R/W,IDF v5.5.3 soc/esp32c3/register/soc/gpio_reg.h:3783,
gpio,GPIO_FUNC124_IN_SEL_CFG,0x344,GPIO_FUNC124_IN_SEL,0,5,RW,idf,0x0,0x0,0x0,R/W,IDF v5.5.3 soc/esp32c3/register/soc/gpio_reg.h:3815,
gpio,GPIO_FUNC124_IN_SEL_CFG,0x344,GPIO_FUNC124_IN_INV_SEL,5,1,RW,idf,0x0,0x0,0x0,R/W,IDF v5.5.3 soc/esp32c3/register/soc/gpio_reg.h:3809,
gpio,GPIO_FUNC124_IN_SEL_CFG,0x344,GPIO_SIG124_IN_SEL,6,1,RW,idf,0x0,0x0,0x0,R/W,IDF v5.5.3 soc/esp32c3/register/soc/gpio_reg.h:3803,
gpio,GPIO_FUNC125_IN_SEL_CFG,0x348,GPIO_FUNC125_IN_SEL,0,5,RW,idf,0x0,0x0,0x0,R/W,IDF v5.5.3 soc/esp32c3/register/soc/gpio_reg.h:3835,
gpio,GPIO_FUNC125_IN_SEL_CFG,0x348,GPIO_FUNC125_IN_INV_SEL,5,1,RW,idf,0x0,0x0,0x0,R/W,IDF v5.5.3 soc/esp32c3/register/soc/gpio_reg.h:3829,
gpio,GPIO_FUNC125_IN_SEL_CFG,0x348,GPIO_SIG125_IN_SEL,6,1,RW,idf,0x0,0x0,0x0,R/W,IDF v5.5.3 soc/esp32c3/register/soc/gpio_reg.h:3823,
gpio,GPIO_FUNC126_IN_SEL_CFG,0x34C,GPIO_FUNC126_IN_SEL,0,5,RW,idf,0x0,0x0,0x0,R/W,IDF v5.5.3 soc/esp32c3/register/soc/gpio_reg.h:3855,
gpio,GPIO_FUNC126_IN_SEL_CFG,0x34C,GPIO_FUNC126_IN_INV_SEL,5,1,RW,idf,0x0,0x0,0x0,R/W,IDF v5.5.3 soc/esp32c3/register/soc/gpio_reg.h:3849,
gpio,GPIO_FUNC126_IN_SEL_CFG,0x34C,GPIO_SIG126_IN_SEL,6,1,RW,idf,0x0,0x0,0x0,R/W,IDF v5.5.3 soc/esp32c3/register/soc/gpio_reg.h:3843,
gpio,GPIO_FUNC127_IN_SEL_CFG,0x350,GPIO_FUNC127_IN_SEL,0,5,RW,idf,0x0,0x0,0x0,R/W,IDF v5.5.3 soc/esp32c3/register/soc/gpio_reg.h:3875,
gpio,GPIO_FUNC127_IN_SEL_CFG,0x350,GPIO_FUNC127_IN_INV_SEL,5,1,RW,idf,0x0,0x0,0x0,R/W,IDF v5.5.3 soc/esp32c3/register/soc/gpio_reg.h:3869,
gpio,GPIO_FUNC127_IN_SEL_CFG,0x350,GPIO_SIG127_IN_SEL,6,1,RW,idf,0x0,0x0,0x0,R/W,IDF v5.5.3 soc/esp32c3/register/soc/gpio_reg.h:3863,
gpio,GPIO_FUNC0_OUT_SEL_CFG,0x554,GPIO_FUNC0_OUT_SEL,0,8,RW,idf,0x80,0x80,0x80,R/W,IDF v5.5.3 soc/esp32c3/register/soc/gpio_reg.h:3901,
gpio,GPIO_FUNC0_OUT_SEL_CFG,0x554,GPIO_FUNC0_OUT_INV_SEL,8,1,RW,idf,0x0,0x0,0x0,R/W,IDF v5.5.3 soc/esp32c3/register/soc/gpio_reg.h:3895,
gpio,GPIO_FUNC0_OUT_SEL_CFG,0x554,GPIO_FUNC0_OEN_SEL,9,1,RW,idf,0x0,0x0,0x0,R/W,IDF v5.5.3 soc/esp32c3/register/soc/gpio_reg.h:3889,
gpio,GPIO_FUNC0_OUT_SEL_CFG,0x554,GPIO_FUNC0_OEN_INV_SEL,10,1,RW,idf,0x0,0x0,0x0,R/W,IDF v5.5.3 soc/esp32c3/register/soc/gpio_reg.h:3883,
gpio,GPIO_FUNC1_OUT_SEL_CFG,0x558,GPIO_FUNC1_OUT_SEL,0,8,RW,idf,0x80,0x80,0x80,R/W,IDF v5.5.3 soc/esp32c3/register/soc/gpio_reg.h:3927,
gpio,GPIO_FUNC1_OUT_SEL_CFG,0x558,GPIO_FUNC1_OUT_INV_SEL,8,1,RW,idf,0x0,0x0,0x0,R/W,IDF v5.5.3 soc/esp32c3/register/soc/gpio_reg.h:3921,
gpio,GPIO_FUNC1_OUT_SEL_CFG,0x558,GPIO_FUNC1_OEN_SEL,9,1,RW,idf,0x0,0x0,0x0,R/W,IDF v5.5.3 soc/esp32c3/register/soc/gpio_reg.h:3915,
gpio,GPIO_FUNC1_OUT_SEL_CFG,0x558,GPIO_FUNC1_OEN_INV_SEL,10,1,RW,idf,0x0,0x0,0x0,R/W,IDF v5.5.3 soc/esp32c3/register/soc/gpio_reg.h:3909,
gpio,GPIO_FUNC2_OUT_SEL_CFG,0x55C,GPIO_FUNC2_OUT_SEL,0,8,RW,idf,0x80,0x80,0x80,R/W,IDF v5.5.3 soc/esp32c3/register/soc/gpio_reg.h:3953,
gpio,GPIO_FUNC2_OUT_SEL_CFG,0x55C,GPIO_FUNC2_OUT_INV_SEL,8,1,RW,idf,0x0,0x0,0x0,R/W,IDF v5.5.3 soc/esp32c3/register/soc/gpio_reg.h:3947,
gpio,GPIO_FUNC2_OUT_SEL_CFG,0x55C,GPIO_FUNC2_OEN_SEL,9,1,RW,idf,0x0,0x0,0x0,R/W,IDF v5.5.3 soc/esp32c3/register/soc/gpio_reg.h:3941,
gpio,GPIO_FUNC2_OUT_SEL_CFG,0x55C,GPIO_FUNC2_OEN_INV_SEL,10,1,RW,idf,0x0,0x0,0x0,R/W,IDF v5.5.3 soc/esp32c3/register/soc/gpio_reg.h:3935,
gpio,GPIO_FUNC3_OUT_SEL_CFG,0x560,GPIO_FUNC3_OUT_SEL,0,8,RW,idf,0x80,0x80,0x80,R/W,IDF v5.5.3 soc/esp32c3/register/soc/gpio_reg.h:3979,
gpio,GPIO_FUNC3_OUT_SEL_CFG,0x560,GPIO_FUNC3_OUT_INV_SEL,8,1,RW,idf,0x0,0x0,0x0,R/W,IDF v5.5.3 soc/esp32c3/register/soc/gpio_reg.h:3973,
gpio,GPIO_FUNC3_OUT_SEL_CFG,0x560,GPIO_FUNC3_OEN_SEL,9,1,RW,idf,0x0,0x0,0x0,R/W,IDF v5.5.3 soc/esp32c3/register/soc/gpio_reg.h:3967,
gpio,GPIO_FUNC3_OUT_SEL_CFG,0x560,GPIO_FUNC3_OEN_INV_SEL,10,1,RW,idf,0x0,0x0,0x0,R/W,IDF v5.5.3 soc/esp32c3/register/soc/gpio_reg.h:3961,
gpio,GPIO_FUNC4_OUT_SEL_CFG,0x564,GPIO_FUNC4_OUT_SEL,0,8,RW,idf,0x80,0x80,0x80,R/W,IDF v5.5.3 soc/esp32c3/register/soc/gpio_reg.h:4005,
gpio,GPIO_FUNC4_OUT_SEL_CFG,0x564,GPIO_FUNC4_OUT_INV_SEL,8,1,RW,idf,0x0,0x0,0x0,R/W,IDF v5.5.3 soc/esp32c3/register/soc/gpio_reg.h:3999,
gpio,GPIO_FUNC4_OUT_SEL_CFG,0x564,GPIO_FUNC4_OEN_SEL,9,1,RW,idf,0x0,0x0,0x0,R/W,IDF v5.5.3 soc/esp32c3/register/soc/gpio_reg.h:3993,
gpio,GPIO_FUNC4_OUT_SEL_CFG,0x564,GPIO_FUNC4_OEN_INV_SEL,10,1,RW,idf,0x0,0x0,0x0,R/W,IDF v5.5.3 soc/esp32c3/register/soc/gpio_reg.h:3987,
gpio,GPIO_FUNC5_OUT_SEL_CFG,0x568,GPIO_FUNC5_OUT_SEL,0,8,RW,idf,0x80,0x80,0x80,R/W,IDF v5.5.3 soc/esp32c3/register/soc/gpio_reg.h:4031,
gpio,GPIO_FUNC5_OUT_SEL_CFG,0x568,GPIO_FUNC5_OUT_INV_SEL,8,1,RW,idf,0x0,0x0,0x0,R/W,IDF v5.5.3 soc/esp32c3/register/soc/gpio_reg.h:4025,
gpio,GPIO_FUNC5_OUT_SEL_CFG,0x568,GPIO_FUNC5_OEN_SEL,9,1,RW,idf,0x0,0x0,0x0,R/W,IDF v5.5.3 soc/esp32c3/register/soc/gpio_reg.h:4019,
gpio,GPIO_FUNC5_OUT_SEL_CFG,0x568,GPIO_FUNC5_OEN_INV_SEL,10,1,RW,idf,0x0,0x0,0x0,R/W,IDF v5.5.3 soc/esp32c3/register/soc/gpio_reg.h:4013,
gpio,GPIO_FUNC6_OUT_SEL_CFG,0x56C,GPIO_FUNC6_OUT_SEL,0,8,RW,idf,0x80,0x80,0x80,R/W,IDF v5.5.3 soc/esp32c3/register/soc/gpio_reg.h:4057,
gpio,GPIO_FUNC6_OUT_SEL_CFG,0x56C,GPIO_FUNC6_OUT_INV_SEL,8,1,RW,idf,0x0,0x0,0x0,R/W,IDF v5.5.3 soc/esp32c3/register/soc/gpio_reg.h:4051,
gpio,GPIO_FUNC6_OUT_SEL_CFG,0x56C,GPIO_FUNC6_OEN_SEL,9,1,RW,idf,0x0,0x0,0x0,R/W,IDF v5.5.3 soc/esp32c3/register/soc/gpio_reg.h:4045,
gpio,GPIO_FUNC6_OUT_SEL_CFG,0x56C,GPIO_FUNC6_OEN_INV_SEL,10,1,RW,idf,0x0,0x0,0x0,R/W,IDF v5.5.3 soc/esp32c3/register/soc/gpio_reg.h:4039,
gpio,GPIO_FUNC7_OUT_SEL_CFG,0x570,GPIO_FUNC7_OUT_SEL,0,8,RW,idf,0x80,0x80,0x80,R/W,IDF v5.5.3 soc/esp32c3/register/soc/gpio_reg.h:4083,
gpio,GPIO_FUNC7_OUT_SEL_CFG,0x570,GPIO_FUNC7_OUT_INV_SEL,8,1,RW,idf,0x0,0x0,0x0,R/W,IDF v5.5.3 soc/esp32c3/register/soc/gpio_reg.h:4077,
gpio,GPIO_FUNC7_OUT_SEL_CFG,0x570,GPIO_FUNC7_OEN_SEL,9,1,RW,idf,0x0,0x0,0x0,R/W,IDF v5.5.3 soc/esp32c3/register/soc/gpio_reg.h:4071,
gpio,GPIO_FUNC7_OUT_SEL_CFG,0x570,GPIO_FUNC7_OEN_INV_SEL,10,1,RW,idf,0x0,0x0,0x0,R/W,IDF v5.5.3 soc/esp32c3/register/soc/gpio_reg.h:4065,
gpio,GPIO_FUNC8_OUT_SEL_CFG,0x574,GPIO_FUNC8_OUT_SEL,0,8,RW,idf,0x80,0x80,0x80,R/W,IDF v5.5.3 soc/esp32c3/register/soc/gpio_reg.h:4109,
gpio,GPIO_FUNC8_OUT_SEL_CFG,0x574,GPIO_FUNC8_OUT_INV_SEL,8,1,RW,idf,0x0,0x0,0x0,R/W,IDF v5.5.3 soc/esp32c3/register/soc/gpio_reg.h:4103,
gpio,GPIO_FUNC8_OUT_SEL_CFG,0x574,GPIO_FUNC8_OEN_SEL,9,1,RW,idf,0x0,0x0,0x0,R/W,IDF v5.5.3 soc/esp32c3/register/soc/gpio_reg.h:4097,
gpio,GPIO_FUNC8_OUT_SEL_CFG,0x574,GPIO_FUNC8_OEN_INV_SEL,10,1,RW,idf,0x0,0x0,0x0,R/W,IDF v5.5.3 soc/esp32c3/register/soc/gpio_reg.h:4091,
gpio,GPIO_FUNC9_OUT_SEL_CFG,0x578,GPIO_FUNC9_OUT_SEL,0,8,RW,idf,0x80,0x80,0x80,R/W,IDF v5.5.3 soc/esp32c3/register/soc/gpio_reg.h:4135,
gpio,GPIO_FUNC9_OUT_SEL_CFG,0x578,GPIO_FUNC9_OUT_INV_SEL,8,1,RW,idf,0x0,0x0,0x0,R/W,IDF v5.5.3 soc/esp32c3/register/soc/gpio_reg.h:4129,
gpio,GPIO_FUNC9_OUT_SEL_CFG,0x578,GPIO_FUNC9_OEN_SEL,9,1,RW,idf,0x0,0x0,0x0,R/W,IDF v5.5.3 soc/esp32c3/register/soc/gpio_reg.h:4123,
gpio,GPIO_FUNC9_OUT_SEL_CFG,0x578,GPIO_FUNC9_OEN_INV_SEL,10,1,RW,idf,0x0,0x0,0x0,R/W,IDF v5.5.3 soc/esp32c3/register/soc/gpio_reg.h:4117,
gpio,GPIO_FUNC10_OUT_SEL_CFG,0x57C,GPIO_FUNC10_OUT_SEL,0,8,RW,idf,0x80,0x80,0x80,R/W,IDF v5.5.3 soc/esp32c3/register/soc/gpio_reg.h:4161,
gpio,GPIO_FUNC10_OUT_SEL_CFG,0x57C,GPIO_FUNC10_OUT_INV_SEL,8,1,RW,idf,0x0,0x0,0x0,R/W,IDF v5.5.3 soc/esp32c3/register/soc/gpio_reg.h:4155,
gpio,GPIO_FUNC10_OUT_SEL_CFG,0x57C,GPIO_FUNC10_OEN_SEL,9,1,RW,idf,0x0,0x0,0x0,R/W,IDF v5.5.3 soc/esp32c3/register/soc/gpio_reg.h:4149,
gpio,GPIO_FUNC10_OUT_SEL_CFG,0x57C,GPIO_FUNC10_OEN_INV_SEL,10,1,RW,idf,0x0,0x0,0x0,R/W,IDF v5.5.3 soc/esp32c3/register/soc/gpio_reg.h:4143,
gpio,GPIO_FUNC11_OUT_SEL_CFG,0x580,GPIO_FUNC11_OUT_SEL,0,8,RW,idf,0x80,0x80,0x80,R/W,IDF v5.5.3 soc/esp32c3/register/soc/gpio_reg.h:4187,
gpio,GPIO_FUNC11_OUT_SEL_CFG,0x580,GPIO_FUNC11_OUT_INV_SEL,8,1,RW,idf,0x0,0x0,0x0,R/W,IDF v5.5.3 soc/esp32c3/register/soc/gpio_reg.h:4181,
gpio,GPIO_FUNC11_OUT_SEL_CFG,0x580,GPIO_FUNC11_OEN_SEL,9,1,RW,idf,0x0,0x0,0x0,R/W,IDF v5.5.3 soc/esp32c3/register/soc/gpio_reg.h:4175,
gpio,GPIO_FUNC11_OUT_SEL_CFG,0x580,GPIO_FUNC11_OEN_INV_SEL,10,1,RW,idf,0x0,0x0,0x0,R/W,IDF v5.5.3 soc/esp32c3/register/soc/gpio_reg.h:4169,
gpio,GPIO_FUNC12_OUT_SEL_CFG,0x584,GPIO_FUNC12_OUT_SEL,0,8,RW,idf,0x80,0x80,0x80,R/W,IDF v5.5.3 soc/esp32c3/register/soc/gpio_reg.h:4213,
gpio,GPIO_FUNC12_OUT_SEL_CFG,0x584,GPIO_FUNC12_OUT_INV_SEL,8,1,RW,idf,0x0,0x0,0x0,R/W,IDF v5.5.3 soc/esp32c3/register/soc/gpio_reg.h:4207,
gpio,GPIO_FUNC12_OUT_SEL_CFG,0x584,GPIO_FUNC12_OEN_SEL,9,1,RW,idf,0x0,0x0,0x0,R/W,IDF v5.5.3 soc/esp32c3/register/soc/gpio_reg.h:4201,
gpio,GPIO_FUNC12_OUT_SEL_CFG,0x584,GPIO_FUNC12_OEN_INV_SEL,10,1,RW,idf,0x0,0x0,0x0,R/W,IDF v5.5.3 soc/esp32c3/register/soc/gpio_reg.h:4195,
gpio,GPIO_FUNC13_OUT_SEL_CFG,0x588,GPIO_FUNC13_OUT_SEL,0,8,RW,idf,0x80,0x80,0x80,R/W,IDF v5.5.3 soc/esp32c3/register/soc/gpio_reg.h:4239,
gpio,GPIO_FUNC13_OUT_SEL_CFG,0x588,GPIO_FUNC13_OUT_INV_SEL,8,1,RW,idf,0x0,0x0,0x0,R/W,IDF v5.5.3 soc/esp32c3/register/soc/gpio_reg.h:4233,
gpio,GPIO_FUNC13_OUT_SEL_CFG,0x588,GPIO_FUNC13_OEN_SEL,9,1,RW,idf,0x0,0x0,0x0,R/W,IDF v5.5.3 soc/esp32c3/register/soc/gpio_reg.h:4227,
gpio,GPIO_FUNC13_OUT_SEL_CFG,0x588,GPIO_FUNC13_OEN_INV_SEL,10,1,RW,idf,0x0,0x0,0x0,R/W,IDF v5.5.3 soc/esp32c3/register/soc/gpio_reg.h:4221,
gpio,GPIO_FUNC14_OUT_SEL_CFG,0x58C,GPIO_FUNC14_OUT_SEL,0,8,RW,idf,0x80,0x80,0x80,R/W,IDF v5.5.3 soc/esp32c3/register/soc/gpio_reg.h:4265,
gpio,GPIO_FUNC14_OUT_SEL_CFG,0x58C,GPIO_FUNC14_OUT_INV_SEL,8,1,RW,idf,0x0,0x0,0x0,R/W,IDF v5.5.3 soc/esp32c3/register/soc/gpio_reg.h:4259,
gpio,GPIO_FUNC14_OUT_SEL_CFG,0x58C,GPIO_FUNC14_OEN_SEL,9,1,RW,idf,0x0,0x0,0x0,R/W,IDF v5.5.3 soc/esp32c3/register/soc/gpio_reg.h:4253,
gpio,GPIO_FUNC14_OUT_SEL_CFG,0x58C,GPIO_FUNC14_OEN_INV_SEL,10,1,RW,idf,0x0,0x0,0x0,R/W,IDF v5.5.3 soc/esp32c3/register/soc/gpio_reg.h:4247,
gpio,GPIO_FUNC15_OUT_SEL_CFG,0x590,GPIO_FUNC15_OUT_SEL,0,8,RW,idf,0x80,0x80,0x80,R/W,IDF v5.5.3 soc/esp32c3/register/soc/gpio_reg.h:4291,
gpio,GPIO_FUNC15_OUT_SEL_CFG,0x590,GPIO_FUNC15_OUT_INV_SEL,8,1,RW,idf,0x0,0x0,0x0,R/W,IDF v5.5.3 soc/esp32c3/register/soc/gpio_reg.h:4285,
gpio,GPIO_FUNC15_OUT_SEL_CFG,0x590,GPIO_FUNC15_OEN_SEL,9,1,RW,idf,0x0,0x0,0x0,R/W,IDF v5.5.3 soc/esp32c3/register/soc/gpio_reg.h:4279,
gpio,GPIO_FUNC15_OUT_SEL_CFG,0x590,GPIO_FUNC15_OEN_INV_SEL,10,1,RW,idf,0x0,0x0,0x0,R/W,IDF v5.5.3 soc/esp32c3/register/soc/gpio_reg.h:4273,
gpio,GPIO_FUNC16_OUT_SEL_CFG,0x594,GPIO_FUNC16_OUT_SEL,0,8,RW,idf,0x80,0x80,0x80,R/W,IDF v5.5.3 soc/esp32c3/register/soc/gpio_reg.h:4317,
gpio,GPIO_FUNC16_OUT_SEL_CFG,0x594,GPIO_FUNC16_OUT_INV_SEL,8,1,RW,idf,0x0,0x0,0x0,R/W,IDF v5.5.3 soc/esp32c3/register/soc/gpio_reg.h:4311,
gpio,GPIO_FUNC16_OUT_SEL_CFG,0x594,GPIO_FUNC16_OEN_SEL,9,1,RW,idf,0x0,0x0,0x0,R/W,IDF v5.5.3 soc/esp32c3/register/soc/gpio_reg.h:4305,
gpio,GPIO_FUNC16_OUT_SEL_CFG,0x594,GPIO_FUNC16_OEN_INV_SEL,10,1,RW,idf,0x0,0x0,0x0,R/W,IDF v5.5.3 soc/esp32c3/register/soc/gpio_reg.h:4299,
gpio,GPIO_FUNC17_OUT_SEL_CFG,0x598,GPIO_FUNC17_OUT_SEL,0,8,RW,idf,0x80,0x80,0x80,R/W,IDF v5.5.3 soc/esp32c3/register/soc/gpio_reg.h:4343,
gpio,GPIO_FUNC17_OUT_SEL_CFG,0x598,GPIO_FUNC17_OUT_INV_SEL,8,1,RW,idf,0x0,0x0,0x0,R/W,IDF v5.5.3 soc/esp32c3/register/soc/gpio_reg.h:4337,
gpio,GPIO_FUNC17_OUT_SEL_CFG,0x598,GPIO_FUNC17_OEN_SEL,9,1,RW,idf,0x0,0x0,0x0,R/W,IDF v5.5.3 soc/esp32c3/register/soc/gpio_reg.h:4331,
gpio,GPIO_FUNC17_OUT_SEL_CFG,0x598,GPIO_FUNC17_OEN_INV_SEL,10,1,RW,idf,0x0,0x0,0x0,R/W,IDF v5.5.3 soc/esp32c3/register/soc/gpio_reg.h:4325,
gpio,GPIO_FUNC18_OUT_SEL_CFG,0x59C,GPIO_FUNC18_OUT_SEL,0,8,RW,idf,0x80,0x80,0x80,R/W,IDF v5.5.3 soc/esp32c3/register/soc/gpio_reg.h:4369,
gpio,GPIO_FUNC18_OUT_SEL_CFG,0x59C,GPIO_FUNC18_OUT_INV_SEL,8,1,RW,idf,0x0,0x0,0x0,R/W,IDF v5.5.3 soc/esp32c3/register/soc/gpio_reg.h:4363,
gpio,GPIO_FUNC18_OUT_SEL_CFG,0x59C,GPIO_FUNC18_OEN_SEL,9,1,RW,idf,0x0,0x0,0x0,R/W,IDF v5.5.3 soc/esp32c3/register/soc/gpio_reg.h:4357,
gpio,GPIO_FUNC18_OUT_SEL_CFG,0x59C,GPIO_FUNC18_OEN_INV_SEL,10,1,RW,idf,0x0,0x0,0x0,R/W,IDF v5.5.3 soc/esp32c3/register/soc/gpio_reg.h:4351,
gpio,GPIO_FUNC19_OUT_SEL_CFG,0x5A0,GPIO_FUNC19_OUT_SEL,0,8,RW,idf,0x80,0x80,0x80,R/W,IDF v5.5.3 soc/esp32c3/register/soc/gpio_reg.h:4395,
gpio,GPIO_FUNC19_OUT_SEL_CFG,0x5A0,GPIO_FUNC19_OUT_INV_SEL,8,1,RW,idf,0x0,0x0,0x0,R/W,IDF v5.5.3 soc/esp32c3/register/soc/gpio_reg.h:4389,
gpio,GPIO_FUNC19_OUT_SEL_CFG,0x5A0,GPIO_FUNC19_OEN_SEL,9,1,RW,idf,0x0,0x0,0x0,R/W,IDF v5.5.3 soc/esp32c3/register/soc/gpio_reg.h:4383,
gpio,GPIO_FUNC19_OUT_SEL_CFG,0x5A0,GPIO_FUNC19_OEN_INV_SEL,10,1,RW,idf,0x0,0x0,0x0,R/W,IDF v5.5.3 soc/esp32c3/register/soc/gpio_reg.h:4377,
gpio,GPIO_FUNC20_OUT_SEL_CFG,0x5A4,GPIO_FUNC20_OUT_SEL,0,8,RW,idf,0x80,0x80,0x80,R/W,IDF v5.5.3 soc/esp32c3/register/soc/gpio_reg.h:4421,
gpio,GPIO_FUNC20_OUT_SEL_CFG,0x5A4,GPIO_FUNC20_OUT_INV_SEL,8,1,RW,idf,0x0,0x0,0x0,R/W,IDF v5.5.3 soc/esp32c3/register/soc/gpio_reg.h:4415,
gpio,GPIO_FUNC20_OUT_SEL_CFG,0x5A4,GPIO_FUNC20_OEN_SEL,9,1,RW,idf,0x0,0x0,0x0,R/W,IDF v5.5.3 soc/esp32c3/register/soc/gpio_reg.h:4409,
gpio,GPIO_FUNC20_OUT_SEL_CFG,0x5A4,GPIO_FUNC20_OEN_INV_SEL,10,1,RW,idf,0x0,0x0,0x0,R/W,IDF v5.5.3 soc/esp32c3/register/soc/gpio_reg.h:4403,
gpio,GPIO_FUNC21_OUT_SEL_CFG,0x5A8,GPIO_FUNC21_OUT_SEL,0,8,RW,idf,0x80,0x80,0x80,R/W,IDF v5.5.3 soc/esp32c3/register/soc/gpio_reg.h:4447,
gpio,GPIO_FUNC21_OUT_SEL_CFG,0x5A8,GPIO_FUNC21_OUT_INV_SEL,8,1,RW,idf,0x0,0x0,0x0,R/W,IDF v5.5.3 soc/esp32c3/register/soc/gpio_reg.h:4441,
gpio,GPIO_FUNC21_OUT_SEL_CFG,0x5A8,GPIO_FUNC21_OEN_SEL,9,1,RW,idf,0x0,0x0,0x0,R/W,IDF v5.5.3 soc/esp32c3/register/soc/gpio_reg.h:4435,
gpio,GPIO_FUNC21_OUT_SEL_CFG,0x5A8,GPIO_FUNC21_OEN_INV_SEL,10,1,RW,idf,0x0,0x0,0x0,R/W,IDF v5.5.3 soc/esp32c3/register/soc/gpio_reg.h:4429,
gpio,GPIO_FUNC22_OUT_SEL_CFG,0x5AC,GPIO_FUNC22_OUT_SEL,0,8,RW,idf,0x80,0x80,0x80,R/W,IDF v5.5.3 soc/esp32c3/register/soc/gpio_reg.h:4473,
gpio,GPIO_FUNC22_OUT_SEL_CFG,0x5AC,GPIO_FUNC22_OUT_INV_SEL,8,1,RW,idf,0x0,0x0,0x0,R/W,IDF v5.5.3 soc/esp32c3/register/soc/gpio_reg.h:4467,
gpio,GPIO_FUNC22_OUT_SEL_CFG,0x5AC,GPIO_FUNC22_OEN_SEL,9,1,RW,idf,0x0,0x0,0x0,R/W,IDF v5.5.3 soc/esp32c3/register/soc/gpio_reg.h:4461,
gpio,GPIO_FUNC22_OUT_SEL_CFG,0x5AC,GPIO_FUNC22_OEN_INV_SEL,10,1,RW,idf,0x0,0x0,0x0,R/W,IDF v5.5.3 soc/esp32c3/register/soc/gpio_reg.h:4455,
gpio,GPIO_FUNC23_OUT_SEL_CFG,0x5B0,GPIO_FUNC23_OUT_SEL,0,8,RW,idf,0x80,0x80,0x80,R/W,IDF v5.5.3 soc/esp32c3/register/soc/gpio_reg.h:4499,
gpio,GPIO_FUNC23_OUT_SEL_CFG,0x5B0,GPIO_FUNC23_OUT_INV_SEL,8,1,RW,idf,0x0,0x0,0x0,R/W,IDF v5.5.3 soc/esp32c3/register/soc/gpio_reg.h:4493,
gpio,GPIO_FUNC23_OUT_SEL_CFG,0x5B0,GPIO_FUNC23_OEN_SEL,9,1,RW,idf,0x0,0x0,0x0,R/W,IDF v5.5.3 soc/esp32c3/register/soc/gpio_reg.h:4487,
gpio,GPIO_FUNC23_OUT_SEL_CFG,0x5B0,GPIO_FUNC23_OEN_INV_SEL,10,1,RW,idf,0x0,0x0,0x0,R/W,IDF v5.5.3 soc/esp32c3/register/soc/gpio_reg.h:4481,
gpio,GPIO_FUNC24_OUT_SEL_CFG,0x5B4,GPIO_FUNC24_OUT_SEL,0,8,RW,idf,0x80,0x80,0x80,R/W,IDF v5.5.3 soc/esp32c3/register/soc/gpio_reg.h:4525,
gpio,GPIO_FUNC24_OUT_SEL_CFG,0x5B4,GPIO_FUNC24_OUT_INV_SEL,8,1,RW,idf,0x0,0x0,0x0,R/W,IDF v5.5.3 soc/esp32c3/register/soc/gpio_reg.h:4519,
gpio,GPIO_FUNC24_OUT_SEL_CFG,0x5B4,GPIO_FUNC24_OEN_SEL,9,1,RW,idf,0x0,0x0,0x0,R/W,IDF v5.5.3 soc/esp32c3/register/soc/gpio_reg.h:4513,
gpio,GPIO_FUNC24_OUT_SEL_CFG,0x5B4,GPIO_FUNC24_OEN_INV_SEL,10,1,RW,idf,0x0,0x0,0x0,R/W,IDF v5.5.3 soc/esp32c3/register/soc/gpio_reg.h:4507,
gpio,GPIO_FUNC25_OUT_SEL_CFG,0x5B8,GPIO_FUNC25_OUT_SEL,0,8,RW,idf,0x80,0x80,0x80,R/W,IDF v5.5.3 soc/esp32c3/register/soc/gpio_reg.h:4551,
gpio,GPIO_FUNC25_OUT_SEL_CFG,0x5B8,GPIO_FUNC25_OUT_INV_SEL,8,1,RW,idf,0x0,0x0,0x0,R/W,IDF v5.5.3 soc/esp32c3/register/soc/gpio_reg.h:4545,
gpio,GPIO_FUNC25_OUT_SEL_CFG,0x5B8,GPIO_FUNC25_OEN_SEL,9,1,RW,idf,0x0,0x0,0x0,R/W,IDF v5.5.3 soc/esp32c3/register/soc/gpio_reg.h:4539,
gpio,GPIO_FUNC25_OUT_SEL_CFG,0x5B8,GPIO_FUNC25_OEN_INV_SEL,10,1,RW,idf,0x0,0x0,0x0,R/W,IDF v5.5.3 soc/esp32c3/register/soc/gpio_reg.h:4533,
gpio,GPIO_CLOCK_GATE,0x62C,GPIO_CLK_EN,0,1,RW,idf,0x1,0x1,0x1,R/W,IDF v5.5.3 soc/esp32c3/register/soc/gpio_reg.h:4559,
gpio,GPIO_DATE,0x6FC,GPIO_DATE,0,28,RW,idf,0x2006130,0x2006130,0x2006130,R/W,IDF v5.5.3 soc/esp32c3/register/soc/gpio_reg.h:4567,
gpio,GPIO_SIGMADELTA0,0xF00,GPIO_SD0_IN,0,8,RW,idf,0x0,0x0,0x0,R/W,IDF v5.5.3 soc/esp32c3/register/soc/gpio_sd_reg.h:21,
gpio,GPIO_SIGMADELTA0,0xF00,GPIO_SD0_PRESCALE,8,8,RW,idf,0xFF,0xFF,0xFF,R/W,IDF v5.5.3 soc/esp32c3/register/soc/gpio_sd_reg.h:15,
gpio,GPIO_SIGMADELTA1,0xF04,GPIO_SD1_IN,0,8,RW,idf,0x0,0x0,0x0,R/W,IDF v5.5.3 soc/esp32c3/register/soc/gpio_sd_reg.h:35,
gpio,GPIO_SIGMADELTA1,0xF04,GPIO_SD1_PRESCALE,8,8,RW,idf,0xFF,0xFF,0xFF,R/W,IDF v5.5.3 soc/esp32c3/register/soc/gpio_sd_reg.h:29,
gpio,GPIO_SIGMADELTA2,0xF08,GPIO_SD2_IN,0,8,RW,idf,0x0,0x0,0x0,R/W,IDF v5.5.3 soc/esp32c3/register/soc/gpio_sd_reg.h:49,
gpio,GPIO_SIGMADELTA2,0xF08,GPIO_SD2_PRESCALE,8,8,RW,idf,0xFF,0xFF,0xFF,R/W,IDF v5.5.3 soc/esp32c3/register/soc/gpio_sd_reg.h:43,
gpio,GPIO_SIGMADELTA3,0xF0C,GPIO_SD3_IN,0,8,RW,idf,0x0,0x0,0x0,R/W,IDF v5.5.3 soc/esp32c3/register/soc/gpio_sd_reg.h:63,
gpio,GPIO_SIGMADELTA3,0xF0C,GPIO_SD3_PRESCALE,8,8,RW,idf,0xFF,0xFF,0xFF,R/W,IDF v5.5.3 soc/esp32c3/register/soc/gpio_sd_reg.h:57,
gpio,GPIO_SIGMADELTA_CG,0xF20,GPIO_SD_CLK_EN,31,1,RW,idf,0x0,0x0,0x0,R/W,IDF v5.5.3 soc/esp32c3/register/soc/gpio_sd_reg.h:71,
gpio,GPIO_SIGMADELTA_MISC,0xF24,GPIO_FUNCTION_CLK_EN,30,1,RW,idf,0x0,0x0,0x0,R/W,IDF v5.5.3 soc/esp32c3/register/soc/gpio_sd_reg.h:85,
gpio,GPIO_SIGMADELTA_MISC,0xF24,GPIO_SPI_SWAP,31,1,RW,idf,0x0,0x0,0x0,R/W,IDF v5.5.3 soc/esp32c3/register/soc/gpio_sd_reg.h:79,
gpio,GPIO_SIGMADELTA_VERSION,0xF28,GPIO_SD_DATE,0,28,RW,idf,0x2006230,0x2006230,0x2006230,R/W,IDF v5.5.3 soc/esp32c3/register/soc/gpio_sd_reg.h:93,
rtc_cntl,RTC_CNTL_OPTIONS0,0x000,RTC_CNTL_SW_STALL_APPCPU_C0,0,2,RW,idf,0x0,0x0,keep,R/W,IDF v5.5.3 soc/esp32c3/register/soc/rtc_cntl_reg.h:150,
rtc_cntl,RTC_CNTL_OPTIONS0,0x000,RTC_CNTL_SW_STALL_PROCPU_C0,2,2,RW,idf,0x0,0x0,keep,R/W,IDF v5.5.3 soc/esp32c3/register/soc/rtc_cntl_reg.h:143,
rtc_cntl,RTC_CNTL_OPTIONS0,0x000,RTC_CNTL_SW_APPCPU_RST,4,1,WO,idf,0x0,0x0,keep,WO,IDF v5.5.3 soc/esp32c3/register/soc/rtc_cntl_reg.h:137,
rtc_cntl,RTC_CNTL_OPTIONS0,0x000,RTC_CNTL_SW_PROCPU_RST,5,1,WO,idf,0x0,0x0,keep,WO,IDF v5.5.3 soc/esp32c3/register/soc/rtc_cntl_reg.h:131,
rtc_cntl,RTC_CNTL_OPTIONS0,0x000,RTC_CNTL_BB_I2C_FORCE_PD,6,1,RW,idf,0x0,0x0,keep,R/W,IDF v5.5.3 soc/esp32c3/register/soc/rtc_cntl_reg.h:125,
rtc_cntl,RTC_CNTL_OPTIONS0,0x000,RTC_CNTL_BB_I2C_FORCE_PU,7,1,RW,idf,0x0,0x0,keep,R/W,IDF v5.5.3 soc/esp32c3/register/soc/rtc_cntl_reg.h:119,
rtc_cntl,RTC_CNTL_OPTIONS0,0x000,RTC_CNTL_BBPLL_I2C_FORCE_PD,8,1,RW,idf,0x0,0x0,keep,R/W,IDF v5.5.3 soc/esp32c3/register/soc/rtc_cntl_reg.h:113,
rtc_cntl,RTC_CNTL_OPTIONS0,0x000,RTC_CNTL_BBPLL_I2C_FORCE_PU,9,1,RW,idf,0x0,0x0,keep,R/W,IDF v5.5.3 soc/esp32c3/register/soc/rtc_cntl_reg.h:107,
rtc_cntl,RTC_CNTL_OPTIONS0,0x000,RTC_CNTL_BBPLL_FORCE_PD,10,1,RW,idf,0x0,0x0,keep,R/W,IDF v5.5.3 soc/esp32c3/register/soc/rtc_cntl_reg.h:101,
rtc_cntl,RTC_CNTL_OPTIONS0,0x000,RTC_CNTL_BBPLL_FORCE_PU,11,1,RW,idf,0x0,0x0,keep,R/W,IDF v5.5.3 soc/esp32c3/register/soc/rtc_cntl_reg.h:95,
rtc_cntl,RTC_CNTL_OPTIONS0,0x000,RTC_CNTL_XTL_FORCE_PD,12,1,RW,idf,0x0,0x0,keep,R/W,IDF v5.5.3 soc/esp32c3/register/soc/rtc_cntl_reg.h:89,
rtc_cntl,RTC_CNTL_OPTIONS0,0x000,RTC_CNTL_XTL_FORCE_PU,13,1,RW,idf,0x1,0x1,keep,R/W,IDF v5.5.3 soc/esp32c3/register/soc/rtc_cntl_reg.h:83,
rtc_cntl,RTC_CNTL_OPTIONS0,0x000,RTC_CNTL_XTL_EN_WAIT,14,4,RW,idf,0x2,0x2,keep,R/W,IDF v5.5.3 soc/esp32c3/register/soc/rtc_cntl_reg.h:77,
rtc_cntl,RTC_CNTL_OPTIONS0,0x000,RTC_CNTL_XTL_EXT_CTR_SEL,20,3,RW,idf,0x0,0x0,keep,R/W,IDF v5.5.3 soc/esp32c3/register/soc/rtc_cntl_reg.h:71,
rtc_cntl,RTC_CNTL_OPTIONS0,0x000,RTC_CNTL_XTL_FORCE_ISO,23,1,RW,idf,0x0,0x0,keep,R/W,IDF v5.5.3 soc/esp32c3/register/soc/rtc_cntl_reg.h:65,
rtc_cntl,RTC_CNTL_OPTIONS0,0x000,RTC_CNTL_PLL_FORCE_ISO,24,1,RW,idf,0x0,0x0,keep,R/W,IDF v5.5.3 soc/esp32c3/register/soc/rtc_cntl_reg.h:59,
rtc_cntl,RTC_CNTL_OPTIONS0,0x000,RTC_CNTL_ANALOG_FORCE_ISO,25,1,RW,idf,0x0,0x0,keep,R/W,IDF v5.5.3 soc/esp32c3/register/soc/rtc_cntl_reg.h:53,
rtc_cntl,RTC_CNTL_OPTIONS0,0x000,RTC_CNTL_XTL_FORCE_NOISO,26,1,RW,idf,0x1,0x1,keep,R/W,IDF v5.5.3 soc/esp32c3/register/soc/rtc_cntl_reg.h:47,
rtc_cntl,RTC_CNTL_OPTIONS0,0x000,RTC_CNTL_PLL_FORCE_NOISO,27,1,RW,idf,0x1,0x1,keep,R/W,IDF v5.5.3 soc/esp32c3/register/soc/rtc_cntl_reg.h:41,
rtc_cntl,RTC_CNTL_OPTIONS0,0x000,RTC_CNTL_ANALOG_FORCE_NOISO,28,1,RW,idf,0x1,0x1,keep,R/W,IDF v5.5.3 soc/esp32c3/register/soc/rtc_cntl_reg.h:35,
rtc_cntl,RTC_CNTL_OPTIONS0,0x000,RTC_CNTL_DG_WRAP_FORCE_RST,29,1,RW,idf,0x0,0x0,keep,R/W,IDF v5.5.3 soc/esp32c3/register/soc/rtc_cntl_reg.h:29,
rtc_cntl,RTC_CNTL_OPTIONS0,0x000,RTC_CNTL_DG_WRAP_FORCE_NORST,30,1,RW,idf,0x0,0x0,keep,R/W,IDF v5.5.3 soc/esp32c3/register/soc/rtc_cntl_reg.h:23,
rtc_cntl,RTC_CNTL_OPTIONS0,0x000,RTC_CNTL_SW_SYS_RST,31,1,WO,idf,0x0,0x0,keep,WO,IDF v5.5.3 soc/esp32c3/register/soc/rtc_cntl_reg.h:17,
rtc_cntl,RTC_CNTL_SLP_TIMER0,0x004,RTC_CNTL_SLP_VAL_LO,0,32,RW,idf,0x0,0x0,keep,R/W,IDF v5.5.3 soc/esp32c3/register/soc/rtc_cntl_reg.h:159,
rtc_cntl,RTC_CNTL_SLP_TIMER1,0x008,RTC_CNTL_SLP_VAL_HI,0,16,RW,idf,0x0,0x0,keep,R/W,IDF v5.5.3 soc/esp32c3/register/soc/rtc_cntl_reg.h:173,
rtc_cntl,RTC_CNTL_SLP_TIMER1,0x008,RTC_CNTL_MAIN_TIMER_ALARM_EN,16,1,WO,idf,0x0,0x0,keep,WO,IDF v5.5.3 soc/esp32c3/register/soc/rtc_cntl_reg.h:167,
rtc_cntl,RTC_CNTL_TIME_UPDATE,0x00C,RTC_CNTL_TIMER_SYS_STALL,27,1,RW,idf,0x0,0x0,keep,R/W,IDF v5.5.3 soc/esp32c3/register/soc/rtc_cntl_reg.h:199,
rtc_cntl,RTC_CNTL_TIME_UPDATE,0x00C,RTC_CNTL_TIMER_XTL_OFF,28,1,RW,idf,0x0,0x0,keep,R/W,IDF v5.5.3 soc/esp32c3/register/soc/rtc_cntl_reg.h:193,
rtc_cntl,RTC_CNTL_TIME_UPDATE,0x00C,RTC_CNTL_TIMER_SYS_RST,29,1,RW,idf,0x0,0x0,keep,R/W,IDF v5.5.3 soc/esp32c3/register/soc/rtc_cntl_reg.h:187,
rtc_cntl,RTC_CNTL_TIME_UPDATE,0x00C,RTC_CNTL_TIME_UPDATE,31,1,WO,idf,0x0,0x0,keep,WO,IDF v5.5.3 soc/esp32c3/register/soc/rtc_cntl_reg.h:181,
rtc_cntl,RTC_CNTL_TIME_LOW0,0x010,RTC_CNTL_TIMER_VALUE0_LOW,0,32,RO,idf,0x0,0x0,keep,RO,IDF v5.5.3 soc/esp32c3/register/soc/rtc_cntl_reg.h:207,
rtc_cntl,RTC_CNTL_TIME_HIGH0,0x014,RTC_CNTL_TIMER_VALUE0_HIGH,0,16,RO,idf,0x0,0x0,keep,RO,IDF v5.5.3 soc/esp32c3/register/soc/rtc_cntl_reg.h:215,
rtc_cntl,RTC_CNTL_STATE0,0x018,RTC_CNTL_SW_CPU_INT,0,1,WO,idf,0x0,0x0,keep,WO,IDF v5.5.3 soc/esp32c3/register/soc/rtc_cntl_reg.h:259,
rtc_cntl,RTC_CNTL_STATE0,0x018,RTC_CNTL_SLP_REJECT_CAUSE_CLR,1,1,WO,idf,0x0,0x0,keep,WO,IDF v5.5.3 soc/esp32c3/register/soc/rtc_cntl_reg.h:253,
rtc_cntl,RTC_CNTL_STATE0,0x018,RTC_CNTL_APB2RTC_BRIDGE_SEL,22,1,RW,idf,0x0,0x0,keep,R/W,IDF v5.5.3 soc/esp32c3/register/soc/rtc_cntl_reg.h:247,
rtc_cntl,RTC_CNTL_STATE0,0x018,RTC_CNTL_SDIO_ACTIVE_IND,28,1,RO,idf,0x0,0x0,keep,RO,IDF v5.5.3 soc/esp32c3/register/soc/rtc_cntl_reg.h:241,
rtc_cntl,RTC_CNTL_STATE0,0x018,RTC_CNTL_SLP_WAKEUP,29,1,RW,idf,0x0,0x0,keep,R/W,IDF v5.5.3 soc/esp32c3/register/soc/rtc_cntl_reg.h:235,
rtc_cntl,RTC_CNTL_STATE0,0x018,RTC_CNTL_SLP_REJECT,30,1,RW,idf,0x0,0x0,keep,R/W,IDF v5.5.3 soc/esp32c3/register/soc/rtc_cntl_reg.h:229,
rtc_cntl,RTC_CNTL_STATE0,0x018,RTC_CNTL_SLEEP_EN,31,1,RW,idf,0x0,0x0,keep,R/W,IDF v5.5.3 soc/esp32c3/register/soc/rtc_cntl_reg.h:223,
rtc_cntl,RTC_CNTL_TIMER1,0x01C,RTC_CNTL_CPU_STALL_EN,0,1,RW,idf,0x1,0x1,keep,R/W,IDF v5.5.3 soc/esp32c3/register/soc/rtc_cntl_reg.h:293,
rtc_cntl,RTC_CNTL_TIMER1,0x01C,RTC_CNTL_CPU_STALL_WAIT,1,5,RW,idf,0x1,0x1,keep,R/W,IDF v5.5.3 soc/esp32c3/register/soc/rtc_cntl_reg.h:287,
rtc_cntl,RTC_CNTL_TIMER1,0x01C,RTC_CNTL_CK8M_WAIT,6,8,RW,idf,0x10,0x10,keep,R/W,IDF v5.5.3 soc/esp32c3/register/soc/rtc_cntl_reg.h:281,
rtc_cntl,RTC_CNTL_TIMER1,0x01C,RTC_CNTL_XTL_BUF_WAIT,14,10,RW,idf,0x50,0x50,keep,R/W,IDF v5.5.3 soc/esp32c3/register/soc/rtc_cntl_reg.h:274,
rtc_cntl,RTC_CNTL_TIMER1,0x01C,RTC_CNTL_PLL_BUF_WAIT,24,8,RW,idf,0x28,0x28,keep,R/W,IDF v5.5.3 soc/esp32c3/register/soc/rtc_cntl_reg.h:267,
rtc_cntl,RTC_CNTL_TIMER2,0x020,RTC_CNTL_MIN_TIME_CK8M_OFF,24,8,RW,idf,0x1,0x1,keep,R/W,IDF v5.5.3 soc/esp32c3/register/soc/rtc_cntl_reg.h:301,
rtc_cntl,RTC_CNTL_TIMER3,0x024,RTC_CNTL_WIFI_WAIT_TIMER,0,9,RW,idf,0x8,0x8,keep,R/W,IDF v5.5.3 soc/esp32c3/register/soc/rtc_cntl_reg.h:327,
rtc_cntl,RTC_CNTL_TIMER3,0x024,RTC_CNTL_WIFI_POWERUP_TIMER,9,7,RW,idf,0x5,0x5,keep,R/W,IDF v5.5.3 soc/esp32c3/register/soc/rtc_cntl_reg.h:321,
rtc_cntl,RTC_CNTL_TIMER3,0x024,RTC_CNTL_BT_WAIT_TIMER,16,9,RW,idf,0x8,0x8,keep,R/W,IDF v5.5.3 soc/esp32c3/register/soc/rtc_cntl_reg.h:315,
rtc_cntl,RTC_CNTL_TIMER3,0x024,RTC_CNTL_BT_POWERUP_TIMER,25,7,RW,idf,0x5,0x5,keep,R/W,IDF v5.5.3 soc/esp32c3/register/soc/rtc_cntl_reg.h:309,
rtc_cntl,RTC_CNTL_TIMER4,0x028,RTC_CNTL_CPU_TOP_WAIT_TIMER,0,9,RW,idf,0x8,0x8,keep,R/W,IDF v5.5.3 soc/esp32c3/register/soc/rtc_cntl_reg.h:353,
rtc_cntl,RTC_CNTL_TIMER4,0x028,RTC_CNTL_CPU_TOP_POWERUP_TIMER,9,7,RW,idf,0x5,0x5,keep,R/W,IDF v5.5.3 soc/esp32c3/register/soc/rtc_cntl_reg.h:347,
rtc_cntl,RTC_CNTL_TIMER4,0x028,RTC_CNTL_DG_WRAP_WAIT_TIMER,16,9,RW,idf,0x20,0x20,keep,R/W,IDF v5.5.3 soc/esp32c3/register/soc/rtc_cntl_reg.h:341,
rtc_cntl,RTC_CNTL_TIMER4,0x028,RTC_CNTL_DG_WRAP_POWERUP_TIMER,25,7,RW,idf,0x8,0x8,keep,R/W,IDF v5.5.3 soc/esp32c3/register/soc/rtc_cntl_reg.h:335,
rtc_cntl,RTC_CNTL_TIMER5,0x02C,RTC_CNTL_MIN_SLP_VAL,8,8,RW,idf,0x80,0x80,keep,R/W,IDF v5.5.3 soc/esp32c3/register/soc/rtc_cntl_reg.h:361,
rtc_cntl,RTC_CNTL_TIMER6,0x030,RTC_CNTL_DG_PERI_WAIT_TIMER,16,9,RW,idf,0x8,0x8,keep,R/W,IDF v5.5.3 soc/esp32c3/register/soc/rtc_cntl_reg.h:375,
rtc_cntl,RTC_CNTL_TIMER6,0x030,RTC_CNTL_DG_PERI_POWERUP_TIMER,25,7,RW,idf,0x5,0x5,keep,R/W,IDF v5.5.3 soc/esp32c3/register/soc/rtc_cntl_reg.h:369,
rtc_cntl,RTC_CNTL_ANA_CONF,0x034,RTC_CNTL_I2C_RESET_POR_FORCE_PD,18,1,RW,idf,0x1,0x1,keep,R/W,IDF v5.5.3 soc/esp32c3/register/soc/rtc_cntl_reg.h:449,
rtc_cntl,RTC_CNTL_ANA_CONF,0x034,RTC_CNTL_I2C_RESET_POR_FORCE_PU,19,1,RW,idf,0x0,0x0,keep,R/W,IDF v5.5.3 soc/esp32c3/register/soc/rtc_cntl_reg.h:443,
rtc_cntl,RTC_CNTL_ANA_CONF,0x034,RTC_CNTL_GLITCH_RST_EN,20,1,RW,idf,0x0,0x0,keep,R/W,IDF v5.5.3 soc/esp32c3/register/soc/rtc_cntl_reg.h:437,
rtc_cntl,RTC_CNTL_ANA_CONF,0x034,RTC_CNTL_SAR_I2C_PU,22,1,RW,idf,0x1,0x1,keep,R/W,IDF v5.5.3 soc/esp32c3/register/soc/rtc_cntl_reg.h:431,
rtc_cntl,RTC_CNTL_ANA_CONF,0x034,RTC_CNTL_PLLA_FORCE_PD,23,1,RW,idf,0x1,0x1,keep,R/W,IDF v5.5.3 soc/esp32c3/register/soc/rtc_cntl_reg.h:425,
rtc_cntl,RTC_CNTL_ANA_CONF,0x034,RTC_CNTL_PLLA_FORCE_PU,24,1,RW,idf,0x0,0x0,keep,R/W,IDF v5.5.3 soc/esp32c3/register/soc/rtc_cntl_reg.h:419,
rtc_cntl,RTC_CNTL_ANA_CONF,0x034,RTC_CNTL_BBPLL_CAL_SLP_START,25,1,RW,idf,0x0,0x0,keep,R/W,IDF v5.5.3 soc/esp32c3/register/soc/rtc_cntl_reg.h:413,
rtc_cntl,RTC_CNTL_ANA_CONF,0x034,RTC_CNTL_PVTMON_PU,26,1,RW,idf,0x0,0x0,keep,R/W,IDF v5.5.3 soc/esp32c3/register/soc/rtc_cntl_reg.h:407,
rtc_cntl,RTC_CNTL_ANA_CONF,0x034,RTC_CNTL_TXRF_I2C_PU,27,1,RW,idf,0x0,0x0,keep,R/W,IDF v5.5.3 soc/esp32c3/register/soc/rtc_cntl_reg.h:401,
rtc_cntl,RTC_CNTL_ANA_CONF,0x034,RTC_CNTL_RFRX_PBUS_PU,28,1,RW,idf,0x0,0x0,keep,R/W,IDF v5.5.3 soc/esp32c3/register/soc/rtc_cntl_reg.h:395,
rtc_cntl,RTC_CNTL_ANA_CONF,0x034,RTC_CNTL_CKGEN_I2C_PU,30,1,RW,idf,0x0,0x0,keep,R/W,IDF v5.5.3 soc/esp32c3/register/soc/rtc_cntl_reg.h:389,
rtc_cntl,RTC_CNTL_ANA_CONF,0x034,RTC_CNTL_PLL_I2C_PU,31,1,RW,idf,0x0,0x0,keep,R/W,IDF v5.5.3 soc/esp32c3/register/soc/rtc_cntl_reg.h:383,
rtc_cntl,RTC_CNTL_RESET_STATE,0x038,RTC_CNTL_RESET_CAUSE_PROCPU,0,6,RO,idf,0x0,0x0,keep,RO,IDF v5.5.3 soc/esp32c3/register/soc/rtc_cntl_reg.h:547,
rtc_cntl,RTC_CNTL_RESET_STATE,0x038,RTC_CNTL_RESET_CAUSE_APPCPU,6,6,RO,idf,0x0,0x0,keep,RO,IDF v5.5.3 soc/esp32c3/register/soc/rtc_cntl_reg.h:541,
rtc_cntl,RTC_CNTL_RESET_STATE,0x038,RTC_CNTL_STAT_VECTOR_SEL_APPCPU,12,1,RW,idf,0x1,0x1,keep,R/W,IDF v5.5.3 soc/esp32c3/register/soc/rtc_cntl_reg.h:535,
rtc_cntl,RTC_CNTL_RESET_STATE,0x038,RTC_CNTL_STAT_VECTOR_SEL_PROCPU,13,1,RW,idf,0x1,0x1,keep,R/W,IDF v5.5.3 soc/esp32c3/register/soc/rtc_cntl_reg.h:529,
rtc_cntl,RTC_CNTL_RESET_STATE,0x038,RTC_CNTL_ALL_RESET_FLAG_PROCPU,14,1,RO,idf,0x0,0x0,keep,RO,IDF v5.5.3 soc/esp32c3/register/soc/rtc_cntl_reg.h:523,
rtc_cntl,RTC_CNTL_RESET_STATE,0x038,RTC_CNTL_ALL_RESET_FLAG_APPCPU,15,1,RO,idf,0x0,0x0,keep,RO,IDF v5.5.3 soc/esp32c3/register/soc/rtc_cntl_reg.h:517,
rtc_cntl,RTC_CNTL_RESET_STATE,0x038,RTC_CNTL_ALL_RESET_FLAG_CLR_PROCPU,16,1,WO,idf,0x0,0x0,keep,WO,IDF v5.5.3 soc/esp32c3/register/soc/rtc_cntl_reg.h:511,
rtc_cntl,RTC_CNTL_RESET_STATE,0x038,RTC_CNTL_ALL_RESET_FLAG_CLR_APPCPU,17,1,WO,idf,0x0,0x0,keep,WO,IDF v5.5.3 soc/esp32c3/register/soc/rtc_cntl_reg.h:505,
rtc_cntl,RTC_CNTL_RESET_STATE,0x038,RTC_CNTL_OCD_HALT_ON_RESET_APPCPU,18,1,RW,idf,0x0,0x0,keep,R/W,IDF v5.5.3 soc/esp32c3/register/soc/rtc_cntl_reg.h:499,
rtc_cntl,RTC_CNTL_RESET_STATE,0x038,RTC_CNTL_OCD_HALT_ON_RESET_PROCPU,19,1,RW,idf,0x0,0x0,keep,R/W,IDF v5.5.3 soc/esp32c3/register/soc/rtc_cntl_reg.h:493,
rtc_cntl,RTC_CNTL_RESET_STATE,0x038,RTC_CNTL_JTAG_RESET_FLAG_PROCPU,20,1,RO,idf,0x0,0x0,keep,RO,IDF v5.5.3 soc/esp32c3/register/soc/rtc_cntl_reg.h:487,
rtc_cntl,RTC_CNTL_RESET_STATE,0x038,RTC_CNTL_JTAG_RESET_FLAG_APPCPU,21,1,RO,idf,0x0,0x0,keep,RO,IDF v5.5.3 soc/esp32c3/register/soc/rtc_cntl_reg.h:481,
rtc_cntl,RTC_CNTL_RESET_STATE,0x038,RTC_CNTL_JTAG_RESET_FLAG_CLR_PROCPU,22,1,WO,idf,0x0,0x0,keep,WO,IDF v5.5.3 soc/esp32c3/register/soc/rtc_cntl_reg.h:475,
rtc_cntl,RTC_CNTL_RESET_STATE,0x038,RTC_CNTL_JTAG_RESET_FLAG_CLR_APPCPU,23,1,WO,idf,0x0,0x0,keep,WO,IDF v5.5.3 soc/esp32c3/register/soc/rtc_cntl_reg.h:469,
rtc_cntl,RTC_CNTL_RESET_STATE,0x038,RTC_CNTL_DRESET_MASK_APPCPU,24,1,RW,idf,0x0,0x0,keep,R/W,IDF v5.5.3 soc/esp32c3/register/soc/rtc_cntl_reg.h:463,
rtc_cntl,RTC_CNTL_RESET_STATE,0x038,RTC_CNTL_DRESET_MASK_PROCPU,25,1,RW,idf,0x0,0x0,keep,R/W,IDF v5.5.3 soc/esp32c3/register/soc/rtc_cntl_reg.h:457,
rtc_cntl,RTC_CNTL_WAKEUP_STATE,0x03C,RTC_CNTL_WAKEUP_ENA,15,17,RW,idf,0xC,0xC,keep,R/W,IDF v5.5.3 soc/esp32c3/register/soc/rtc_cntl_reg.h:555,
rtc_cntl,RTC_CNTL_INT_ENA,0x040,RTC_CNTL_SLP_WAKEUP_INT_ENA,0,1,RW,idf,0x0,0x0,keep,R/W,IDF v5.5.3 soc/esp32c3/register/soc/rtc_cntl_reg.h:611,
rtc_cntl,RTC_CNTL_INT_ENA,0x040,RTC_CNTL_SLP_REJECT_INT_ENA,1,1,RW,idf,0x0,0x0,keep,R/W,IDF v5.5.3 soc/esp32c3/register/soc/rtc_cntl_reg.h:605,
rtc_cntl,RTC_CNTL_INT_ENA,0x040,RTC_CNTL_WDT_INT_ENA,3,1,RW,idf,0x0,0x0,keep,R/W,IDF v5.5.3 soc/esp32c3/register/soc/rtc_cntl_reg.h:599,
rtc_cntl,RTC_CNTL_INT_ENA,0x040,RTC_CNTL_BROWN_OUT_INT_ENA,9,1,RW,idf,0x0,0x0,keep,R/W,IDF v5.5.3 soc/esp32c3/register/soc/rtc_cntl_reg.h:593,
rtc_cntl,RTC_CNTL_INT_ENA,0x040,RTC_CNTL_MAIN_TIMER_INT_ENA,10,1,RW,idf,0x0,0x0,keep,R/W,IDF v5.5.3 soc/esp32c3/register/soc/rtc_cntl_reg.h:587,
rtc_cntl,RTC_CNTL_INT_ENA,0x040,RTC_CNTL_SWD_INT_ENA,15,1,RW,idf,0x0,0x0,keep,R/W,IDF v5.5.3 soc/esp32c3/register/soc/rtc_cntl_reg.h:581,
rtc_cntl,RTC_CNTL_INT_ENA,0x040,RTC_CNTL_XTAL32K_DEAD_INT_ENA,16,1,RW,idf,0x0,0x0,keep,R/W,IDF v5.5.3 soc/esp32c3/register/soc/rtc_cntl_reg.h:575,
rtc_cntl,RTC_CNTL_INT_ENA,0x040,RTC_CNTL_GLITCH_DET_INT_ENA,19,1,RW,idf,0x0,0x0,keep,R/W,IDF v5.5.3 soc/esp32c3/register/soc/rtc_cntl_reg.h:569,
rtc_cntl,RTC_CNTL_INT_ENA,0x040,RTC_CNTL_BBPLL_CAL_INT_ENA,20,1,RW,idf,0x0,0x0,keep,R/W,IDF v5.5.3 soc/esp32c3/register/soc/rtc_cntl_reg.h:563,
rtc_cntl,RTC_CNTL_INT_RAW,0x044,RTC_CNTL_SLP_WAKEUP_INT_RAW,0,1,RO,idf,0x0,0x0,keep,RO,IDF v5.5.3 soc/esp32c3/register/soc/rtc_cntl_reg.h:667,
rtc_cntl,RTC_CNTL_INT_RAW,0x044,RTC_CNTL_SLP_REJECT_INT_RAW,1,1,RO,idf,0x0,0x0,keep,RO,IDF v5.5.3 soc/esp32c3/register/soc/rtc_cntl_reg.h:661,
rtc_cntl,RTC_CNTL_INT_RAW,0x044,RTC_CNTL_WDT_INT_RAW,3,1,RO,idf,0x0,0x0,keep,RO,IDF v5.5.3 soc/esp32c3/register/soc/rtc_cntl_reg.h:655,
rtc_cntl,RTC_CNTL_INT_RAW,0x044,RTC_CNTL_BROWN_OUT_INT_RAW,9,1,RO,idf,0x0,0x0,keep,RO,IDF v5.5.3 soc/esp32c3/register/soc/rtc_cntl_reg.h:649,
rtc_cntl,RTC_CNTL_INT_RAW,0x044,RTC_CNTL_MAIN_TIMER_INT_RAW,10,1,RO,idf,0x0,0x0,keep,RO,IDF v5.5.3 soc/esp32c3/register/soc/rtc_cntl_reg.h:643,
rtc_cntl,RTC_CNTL_INT_RAW,0x044,RTC_CNTL_SWD_INT_RAW,15,1,RO,idf,0x0,0x0,keep,RO,IDF v5.5.3 soc/esp32c3/register/soc/rtc_cntl_reg.h:637,
rtc_cntl,RTC_CNTL_INT_RAW,0x044,RTC_CNTL_XTAL32K_DEAD_INT_RAW,16,1,RO,idf,0x0,0x0,keep,RO,IDF v5.5.3 soc/esp32c3/register/soc/rtc_cntl_reg.h:631,
rtc_cntl,RTC_CNTL_INT_RAW,0x044,RTC_CNTL_GLITCH_DET_INT_RAW,19,1,RO,idf,0x0,0x0,keep,RO,IDF v5.5.3 soc/esp32c3/register/soc/rtc_cntl_reg.h:625,
rtc_cntl,RTC_CNTL_INT_RAW,0x044,RTC_CNTL_BBPLL_CAL_INT_RAW,20,1,RO,idf,0x0,0x0,keep,RO,IDF v5.5.3 soc/esp32c3/register/soc/rtc_cntl_reg.h:619,
rtc_cntl,RTC_CNTL_INT_ST,0x048,RTC_CNTL_SLP_WAKEUP_INT_ST,0,1,RO,idf,0x0,0x0,keep,RO,IDF v5.5.3 soc/esp32c3/register/soc/rtc_cntl_reg.h:723,
rtc_cntl,RTC_CNTL_INT_ST,0x048,RTC_CNTL_SLP_REJECT_INT_ST,1,1,RO,idf,0x0,0x0,keep,RO,IDF v5.5.3 soc/esp32c3/register/soc/rtc_cntl_reg.h:717,
rtc_cntl,RTC_CNTL_INT_ST,0x048,RTC_CNTL_WDT_INT_ST,3,1,RO,idf,0x0,0x0,keep,RO,IDF v5.5.3 soc/esp32c3/register/soc/rtc_cntl_reg.h:711,
rtc_cntl,RTC_CNTL_INT_ST,0x048,RTC_CNTL_BROWN_OUT_INT_ST,9,1,RO,idf,0x0,0x0,keep,RO,IDF v5.5.3 soc/esp32c3/register/soc/rtc_cntl_reg.h:705,
rtc_cntl,RTC_CNTL_INT_ST,0x048,RTC_CNTL_MAIN_TIMER_INT_ST,10,1,RO,idf,0x0,0x0,keep,RO,IDF v5.5.3 soc/esp32c3/register/soc/rtc_cntl_reg.h:699,
rtc_cntl,RTC_CNTL_INT_ST,0x048,RTC_CNTL_SWD_INT_ST,15,1,RO,idf,0x0,0x0,keep,RO,IDF v5.5.3 soc/esp32c3/register/soc/rtc_cntl_reg.h:693,
rtc_cntl,RTC_CNTL_INT_ST,0x048,RTC_CNTL_XTAL32K_DEAD_INT_ST,16,1,RO,idf,0x0,0x0,keep,RO,IDF v5.5.3 soc/esp32c3/register/soc/rtc_cntl_reg.h:687,
rtc_cntl,RTC_CNTL_INT_ST,0x048,RTC_CNTL_GLITCH_DET_INT_ST,19,1,RO,idf,0x0,0x0,keep,RO,IDF v5.5.3 soc/esp32c3/register/soc/rtc_cntl_reg.h:681,
rtc_cntl,RTC_CNTL_INT_ST,0x048,RTC_CNTL_BBPLL_CAL_INT_ST,20,1,RO,idf,0x0,0x0,keep,RO,IDF v5.5.3 soc/esp32c3/register/soc/rtc_cntl_reg.h:675,
rtc_cntl,RTC_CNTL_INT_CLR,0x04C,RTC_CNTL_SLP_WAKEUP_INT_CLR,0,1,WO,idf,0x0,0x0,keep,WO,IDF v5.5.3 soc/esp32c3/register/soc/rtc_cntl_reg.h:779,
rtc_cntl,RTC_CNTL_INT_CLR,0x04C,RTC_CNTL_SLP_REJECT_INT_CLR,1,1,WO,idf,0x0,0x0,keep,WO,IDF v5.5.3 soc/esp32c3/register/soc/rtc_cntl_reg.h:773,
rtc_cntl,RTC_CNTL_INT_CLR,0x04C,RTC_CNTL_WDT_INT_CLR,3,1,WO,idf,0x0,0x0,keep,WO,IDF v5.5.3 soc/esp32c3/register/soc/rtc_cntl_reg.h:767,
rtc_cntl,RTC_CNTL_INT_CLR,0x04C,RTC_CNTL_BROWN_OUT_INT_CLR,9,1,WO,idf,0x0,0x0,keep,WO,IDF v5.5.3 soc/esp32c3/register/soc/rtc_cntl_reg.h:761,
rtc_cntl,RTC_CNTL_INT_CLR,0x04C,RTC_CNTL_MAIN_TIMER_INT_CLR,10,1,WO,idf,0x0,0x0,keep,WO,IDF v5.5.3 soc/esp32c3/register/soc/rtc_cntl_reg.h:755,
rtc_cntl,RTC_CNTL_INT_CLR,0x04C,RTC_CNTL_SWD_INT_CLR,15,1,WO,idf,0x0,0x0,keep,WO,IDF v5.5.3 soc/esp32c3/register/soc/rtc_cntl_reg.h:749,
rtc_cntl,RTC_CNTL_INT_CLR,0x04C,RTC_CNTL_XTAL32K_DEAD_INT_CLR,16,1,WO,idf,0x0,0x0,keep,WO,IDF v5.5.3 soc/esp32c3/register/soc/rtc_cntl_reg.h:743,
rtc_cntl,RTC_CNTL_INT_CLR,0x04C,RTC_CNTL_GLITCH_DET_INT_CLR,19,1,WO,idf,0x0,0x0,keep,WO,IDF v5.5.3 soc/esp32c3/register/soc/rtc_cntl_reg.h:737,
rtc_cntl,RTC_CNTL_INT_CLR,0x04C,RTC_CNTL_BBPLL_CAL_INT_CLR,20,1,WO,idf,0x0,0x0,keep,WO,IDF v5.5.3 soc/esp32c3/register/soc/rtc_cntl_reg.h:731,
rtc_cntl,RTC_CNTL_STORE0,0x050,RTC_CNTL_SCRATCH0,0,32,RW,idf,0x0,0x0,keep,R/W,IDF v5.5.3 soc/esp32c3/register/soc/rtc_cntl_reg.h:787,
rtc_cntl,RTC_CNTL_STORE1,0x054,RTC_CNTL_SCRATCH1,0,32,RW,idf,0x0,0x0,keep,R/W,IDF v5.5.3 soc/esp32c3/register/soc/rtc_cntl_reg.h:795,
rtc_cntl,RTC_CNTL_STORE2,0x058,RTC_CNTL_SCRATCH2,0,32,RW,idf,0x0,0x0,keep,R/W,IDF v5.5.3 soc/esp32c3/register/soc/rtc_cntl_reg.h:803,
rtc_cntl,RTC_CNTL_STORE3,0x05C,RTC_CNTL_SCRATCH3,0,32,RW,idf,0x0,0x0,keep,R/W,IDF v5.5.3 soc/esp32c3/register/soc/rtc_cntl_reg.h:811,
rtc_cntl,RTC_CNTL_EXT_XTL_CONF,0x060,RTC_CNTL_XTAL32K_WDT_EN,0,1,RW,idf,0x0,0x0,keep,R/W,IDF v5.5.3 soc/esp32c3/register/soc/rtc_cntl_reg.h:921,
rtc_cntl,RTC_CNTL_EXT_XTL_CONF,0x060,RTC_CNTL_XTAL32K_WDT_CLK_FO,1,1,RW,idf,0x0,0x0,keep,R/W,IDF v5.5.3 soc/esp32c3/register/soc/rtc_cntl_reg.h:915,
rtc_cntl,RTC_CNTL_EXT_XTL_CONF,0x060,RTC_CNTL_XTAL32K_WDT_RESET,2,1,RW,idf,0x0,0x0,keep,R/W,IDF v5.5.3 soc/esp32c3/register/soc/rtc_cntl_reg.h:909,
rtc_cntl,RTC_CNTL_EXT_XTL_CONF,0x060,RTC_CNTL_XTAL32K_EXT_CLK_FO,3,1,RW,idf,0x0,0x0,keep,R/W,IDF v5.5.3 soc/esp32c3/register/soc/rtc_cntl_reg.h:903,
rtc_cntl,RTC_CNTL_EXT_XTL_CONF,0x060,RTC_CNTL_XTAL32K_AUTO_BACKUP,4,1,RW,idf,0x0,0x0,keep,R/W,IDF v5.5.3 soc/esp32c3/register/soc/rtc_cntl_reg.h:897,
rtc_cntl,RTC_CNTL_EXT_XTL_CONF,0x060,RTC_CNTL_XTAL32K_AUTO_RESTART,5,1,RW,idf,0x0,0x0,keep,R/W,IDF v5.5.3 soc/esp32c3/register/soc/rtc_cntl_reg.h:891,
rtc_cntl,RTC_CNTL_EXT_XTL_CONF,0x060,RTC_CNTL_XTAL32K_AUTO_RETURN,6,1,RW,idf,0x0,0x0,keep,R/W,IDF v5.5.3 soc/esp32c3/register/soc/rtc_cntl_reg.h:885,
rtc_cntl,RTC_CNTL_EXT_XTL_CONF,0x060,RTC_CNTL_XTAL32K_XPD_FORCE,7,1,RW,idf,0x1,0x1,keep,R/W,IDF v5.5.3 soc/esp32c3/register/soc/rtc_cntl_reg.h:879,
rtc_cntl,RTC_CNTL_EXT_XTL_CONF,0x060,RTC_CNTL_ENCKINIT_XTAL_32K,8,1,RW,idf,0x0,0x0,keep,R/W,IDF v5.5.3 soc/esp32c3/register/soc/rtc_cntl_reg.h:873,
rtc_cntl,RTC_CNTL_EXT_XTL_CONF,0x060,RTC_CNTL_DBUF_XTAL_32K,9,1,RW,idf,0x0,0x0,keep,R/W,IDF v5.5.3 soc/esp32c3/register/soc/rtc_cntl_reg.h:867,
rtc_cntl,RTC_CNTL_EXT_XTL_CONF,0x060,RTC_CNTL_DGM_XTAL_32K,10,3,RW,idf,0x3,0x3,keep,R/W,IDF v5.5.3 soc/esp32c3/register/soc/rtc_cntl_reg.h:861,
rtc_cntl,RTC_CNTL_EXT_XTL_CONF,0x060,RTC_CNTL_DRES_XTAL_32K,13,3,RW,idf,0x3,0x3,keep,R/W,IDF v5.5.3 soc/esp32c3/register/soc/rtc_cntl_reg.h:855,
rtc_cntl,RTC_CNTL_EXT_XTL_CONF,0x060,RTC_CNTL_XPD_XTAL_32K,16,1,RW,idf,0x0,0x0,keep,R/W,IDF v5.5.3 soc/esp32c3/register/soc/rtc_cntl_reg.h:849,
rtc_cntl,RTC_CNTL_EXT_XTL_CONF,0x060,RTC_CNTL_DAC_XTAL_32K,17,3,RW,idf,0x3,0x3,keep,R/W,IDF v5.5.3 soc/esp32c3/register/soc/rtc_cntl_reg.h:843,
rtc_cntl,RTC_CNTL_EXT_XTL_CONF,0x060,RTC_CNTL_WDT_STATE,20,3,RO,idf,0x0,0x0,keep,RO,IDF v5.5.3 soc/esp32c3/register/soc/rtc_cntl_reg.h:837,
rtc_cntl,RTC_CNTL_EXT_XTL_CONF,0x060,RTC_CNTL_XTAL32K_GPIO_SEL,23,1,RW,idf,0x0,0x0,keep,R/W,IDF v5.5.3 soc/esp32c3/register/soc/rtc_cntl_reg.h:831,
rtc_cntl,RTC_CNTL_EXT_XTL_CONF,0x060,RTC_CNTL_XTL_EXT_CTR_LV,30,1,RW,idf,0x0,0x0,keep,R/W,IDF v5.5.3 soc/esp32c3/register/soc/rtc_cntl_reg.h:825,
rtc_cntl,RTC_CNTL_EXT_XTL_CONF,0x060,RTC_CNTL_XTL_EXT_CTR_EN,31,1,RW,idf,0x0,0x0,keep,R/W,IDF v5.5.3 soc/esp32c3/register/soc/rtc_cntl_reg.h:819,
rtc_cntl,RTC_CNTL_EXT_WAKEUP_CONF,0x064,RTC_CNTL_GPIO_WAKEUP_FILTER,31,1,RW,idf,0x0,0x0,keep,R/W,IDF v5.5.3 soc/esp32c3/register/soc/rtc_cntl_reg.h:929,
rtc_cntl,RTC_CNTL_SLP_REJECT_CONF,0x068,RTC_CNTL_SLEEP_REJECT_ENA,12,18,RW,idf,0x0,0x0,keep,R/W,IDF v5.5.3 soc/esp32c3/register/soc/rtc_cntl_reg.h:949,
rtc_cntl,RTC_CNTL_SLP_REJECT_CONF,0x068,RTC_CNTL_LIGHT_SLP_REJECT_EN,30,1,RW,idf,0x0,0x0,keep,R/W,IDF v5.5.3 soc/esp32c3/register/soc/rtc_cntl_reg.h:943,
rtc_cntl,RTC_CNTL_SLP_REJECT_CONF,0x068,RTC_CNTL_DEEP_SLP_REJECT_EN,31,1,RW,idf,0x0,0x0,keep,R/W,IDF v5.5.3 soc/esp32c3/register/soc/rtc_cntl_reg.h:937,
rtc_cntl,RTC_CNTL_CPU_PERIOD_CONF,0x06C,RTC_CNTL_CPUSEL_CONF,29,1,RW,idf,0x0,0x0,keep,R/W,IDF v5.5.3 soc/esp32c3/register/soc/rtc_cntl_reg.h:963,
rtc_cntl,RTC_CNTL_CPU_PERIOD_CONF,0x06C,RTC_CNTL_CPUPERIOD_SEL,30,2,RW,idf,0x0,0x0,keep,R/W,IDF v5.5.3 soc/esp32c3/register/soc/rtc_cntl_reg.h:957,
rtc_cntl,RTC_CNTL_CLK_CONF,0x070,RTC_CNTL_EFUSE_CLK_FORCE_GATING,1,1,RW,idf,0x0,0x0,keep,R/W,IDF v5.5.3 soc/esp32c3/register/soc/rtc_cntl_reg.h:1079,
rtc_cntl,RTC_CNTL_CLK_CONF,0x070,RTC_CNTL_EFUSE_CLK_FORCE_NOGATING,2,1,RW,idf,0x0,0x0,keep,R/W,IDF v5.5.3 soc/esp32c3/register/soc/rtc_cntl_reg.h:1073,
rtc_cntl,RTC_CNTL_CLK_CONF,0x070,RTC_CNTL_CK8M_DIV_SEL_VLD,3,1,RW,idf,0x1,0x1,keep,R/W,IDF v5.5.3 soc/esp32c3/register/soc/rtc_cntl_reg.h:1067,
rtc_cntl,RTC_CNTL_CLK_CONF,0x070,RTC_CNTL_CK8M_DIV,4,2,RW,idf,0x1,0x1,keep,R/W,IDF v5.5.3 soc/esp32c3/register/soc/rtc_cntl_reg.h:1061,
rtc_cntl,RTC_CNTL_CLK_CONF,0x070,RTC_CNTL_ENB_CK8M,6,1,RW,idf,0x0,0x0,keep,R/W,IDF v5.5.3 soc/esp32c3/register/soc/rtc_cntl_reg.h:1055,
rtc_cntl,RTC_CNTL_CLK_CONF,0x070,RTC_CNTL_ENB_CK8M_DIV,7,1,RW,idf,0x0,0x0,keep,R/W,IDF v5.5.3 soc/esp32c3/register/soc/rtc_cntl_reg.h:1049,
rtc_cntl,RTC_CNTL_CLK_CONF,0x070,RTC_CNTL_DIG_XTAL32K_EN,8,1,RW,idf,0x0,0x0,keep,R/W,IDF v5.5.3 soc/esp32c3/register/soc/rtc_cntl_reg.h:1043,
rtc_cntl,RTC_CNTL_CLK_CONF,0x070,RTC_CNTL_DIG_CLK8M_D256_EN,9,1,RW,idf,0x1,0x1,keep,R/W,IDF v5.5.3 soc/esp32c3/register/soc/rtc_cntl_reg.h:1037,
rtc_cntl,RTC_CNTL_CLK_CONF,0x070,RTC_CNTL_DIG_CLK8M_EN,10,1,RW,idf,0x0,0x0,keep,R/W,IDF v5.5.3 soc/esp32c3/register/soc/rtc_cntl_reg.h:1031,
rtc_cntl,RTC_CNTL_CLK_CONF,0x070,RTC_CNTL_CK8M_DIV_SEL,12,3,RW,idf,0x3,0x3,keep,R/W,IDF v5.5.3 soc/esp32c3/register/soc/rtc_cntl_reg.h:1025,
rtc_cntl,RTC_CNTL_CLK_CONF,0x070,RTC_CNTL_XTAL_FORCE_NOGATING,15,1,RW,idf,0x0,0x0,keep,R/W,IDF v5.5.3 soc/esp32c3/register/soc/rtc_cntl_reg.h:1019,
rtc_cntl,RTC_CNTL_CLK_CONF,0x070,RTC_CNTL_CK8M_FORCE_NOGATING,16,1,RW,idf,0x0,0x0,keep,R/W,IDF v5.5.3 soc/esp32c3/register/soc/rtc_cntl_reg.h:1013,
rtc_cntl,RTC_CNTL_CLK_CONF,0x070,RTC_CNTL_CK8M_DFREQ,17,8,RW,idf,0xAC,0xAC,keep,R/W,IDF v5.5.3 soc/esp32c3/register/soc/rtc_cntl_reg.h:1007,
rtc_cntl,RTC_CNTL_CLK_CONF,0x070,RTC_CNTL_CK8M_FORCE_PD,25,1,RW,idf,0x0,0x0,keep,R/W,IDF v5.5.3 soc/esp32c3/register/soc/rtc_cntl_reg.h:1001,
rtc_cntl,RTC_CNTL_CLK_CONF,0x070,RTC_CNTL_CK8M_FORCE_PU,26,1,RW,idf,0x0,0x0,keep,R/W,IDF v5.5.3 soc/esp32c3/register/soc/rtc_cntl_reg.h:995,
rtc_cntl,RTC_CNTL_CLK_CONF,0x070,RTC_CNTL_XTAL_GLOBAL_FORCE_GATING,27,1,RW,idf,0x0,0x0,keep,R/W,IDF v5.5.3 soc/esp32c3/register/soc/rtc_cntl_reg.h:989,
rtc_cntl,RTC_CNTL_CLK_CONF,0x070,RTC_CNTL_XTAL_GLOBAL_FORCE_NOGATING,28,1,RW,idf,0x1,0x1,keep,R/W,IDF v5.5.3 soc/esp32c3/register/soc/rtc_cntl_reg.h:983,
rtc_cntl,RTC_CNTL_CLK_CONF,0x070,RTC_CNTL_FAST_CLK_RTC_SEL,29,1,RW,idf,0x0,0x0,keep,R/W,IDF v5.5.3 soc/esp32c3/register/soc/rtc_cntl_reg.h:977,
rtc_cntl,RTC_CNTL_CLK_CONF,0x070,RTC_CNTL_ANA_CLK_RTC_SEL,30,2,RW,idf,0x0,0x0,keep,R/W,IDF v5.5.3 soc/esp32c3/register/soc/rtc_cntl_reg.h:971,
rtc_cntl,RTC_CNTL_SLOW_CLK_CONF,0x074,RTC_CNTL_ANA_CLK_DIV_VLD,22,1,RW,idf,0x1,0x1,keep,R/W,IDF v5.5.3 soc/esp32c3/register/soc/rtc_cntl_reg.h:1099,
rtc_cntl,RTC_CNTL_SLOW_CLK_CONF,0x074,RTC_CNTL_ANA_CLK_DIV,23,8,RW,idf,0x0,0x0,keep,R/W,IDF v5.5.3 soc/esp32c3/register/soc/rtc_cntl_reg.h:1093,
rtc_cntl,RTC_CNTL_SLOW_CLK_CONF,0x074,RTC_CNTL_SLOW_CLK_NEXT_EDGE,31,1,RW,idf,0x0,0x0,keep,R/W,IDF v5.5.3 soc/esp32c3/register/soc/rtc_cntl_reg.h:1087,
rtc_cntl,RTC_CNTL_SDIO_CONF,0x078,RTC_CNTL_SDIO_TIMER_TARGET,0,8,RW,idf,0xA,0xA,keep,R/W,IDF v5.5.3 soc/esp32c3/register/soc/rtc_cntl_reg.h:1197,
rtc_cntl,RTC_CNTL_SDIO_CONF,0x078,RTC_CNTL_SDIO_DTHDRV,9,2,RW,idf,0x3,0x3,keep,R/W,IDF v5.5.3 soc/esp32c3/register/soc/rtc_cntl_reg.h:1191,
rtc_cntl,RTC_CNTL_SDIO_CONF,0x078,RTC_CNTL_SDIO_DCAP,11,2,RW,idf,0x3,0x3,keep,R/W,IDF v5.5.3 soc/esp32c3/register/soc/rtc_cntl_reg.h:1185,
rtc_cntl,RTC_CNTL_SDIO_CONF,0x078,RTC_CNTL_SDIO_INITI,13,2,RW,idf,0x1,0x1,keep,R/W,IDF v5.5.3 soc/esp32c3/register/soc/rtc_cntl_reg.h:1179,
rtc_cntl,RTC_CNTL_SDIO_CONF,0x078,RTC_CNTL_SDIO_EN_INITI,15,1,RW,idf,0x1,0x1,keep,R/W,IDF v5.5.3 soc/esp32c3/register/soc/rtc_cntl_reg.h:1173,
rtc_cntl,RTC_CNTL_SDIO_CONF,0x078,RTC_CNTL_SDIO_DCURLIM,16,3,RW,idf,0x0,0x0,keep,R/W,IDF v5.5.3 soc/esp32c3/register/soc/rtc_cntl_reg.h:1167,
rtc_cntl,RTC_CNTL_SDIO_CONF,0x078,RTC_CNTL_SDIO_MODECURLIM,19,1,RW,idf,0x0,0x0,keep,R/W,IDF v5.5.3 soc/esp32c3/register/soc/rtc_cntl_reg.h:1161,
rtc_cntl,RTC_CNTL_SDIO_CONF,0x078,RTC_CNTL_SDIO_ENCURLIM,20,1,RW,idf,0x1,0x1,keep,R/W,IDF v5.5.3 soc/esp32c3/register/soc/rtc_cntl_reg.h:1155,
rtc_cntl,RTC_CNTL_SDIO_CONF,0x078,RTC_CNTL_SDIO_PD_EN,21,1,RW,idf,0x1,0x1,keep,R/W,IDF v5.5.3 soc/esp32c3/register/soc/rtc_cntl_reg.h:1149,
rtc_cntl,RTC_CNTL_SDIO_CONF,0x078,RTC_CNTL_SDIO_FORCE,22,1,RW,idf,0x0,0x0,keep,R/W,IDF v5.5.3 soc/esp32c3/register/soc/rtc_cntl_reg.h:1143,
rtc_cntl,RTC_CNTL_SDIO_CONF,0x078,RTC_CNTL_SDIO_TIEH,23,1,RW,idf,0x1,0x1,keep,R/W,IDF v5.5.3 soc/esp32c3/register/soc/rtc_cntl_reg.h:1137,
rtc_cntl,RTC_CNTL_SDIO_CONF,0x078,RTC_CNTL_REG1P8_READY,24,1,RO,idf,0x0,0x0,keep,RO,IDF v5.5.3 soc/esp32c3/register/soc/rtc_cntl_reg.h:1131,
rtc_cntl,RTC_CNTL_SDIO_CONF,0x078,RTC_CNTL_DREFL_SDIO,25,2,RW,idf,0x1,0x1,keep,R/W,IDF v5.5.3 soc/esp32c3/register/soc/rtc_cntl_reg.h:1125,
rtc_cntl,RTC_CNTL_SDIO_CONF,0x078,RTC_CNTL_DREFM_SDIO,27,2,RW,idf,0x1,0x1,keep,R/W,IDF v5.5.3 soc/esp32c3/register/soc/rtc_cntl_reg.h:1119,
rtc_cntl,RTC_CNTL_SDIO_CONF,0x078,RTC_CNTL_DREFH_SDIO,29,2,RW,idf,0x0,0x0,keep,R/W,IDF v5.5.3 soc/esp32c3/register/soc/rtc_cntl_reg.h:1113,
rtc_cntl,RTC_CNTL_SDIO_CONF,0x078,RTC_CNTL_XPD_SDIO_REG,31,1,RW,idf,0x0,0x0,keep,R/W,IDF v5.5.3 soc/esp32c3/register/soc/rtc_cntl_reg.h:1107,
rtc_cntl,RTC_CNTL_BIAS_CONF,0x07C,RTC_CNTL_DG_VDD_DRV_B_SLP,0,8,RW,idf,0x0,0x0,keep,R/W,IDF v5.5.3 soc/esp32c3/register/soc/rtc_cntl_reg.h:1271,
rtc_cntl,RTC_CNTL_BIAS_CONF,0x07C,RTC_CNTL_DG_VDD_DRV_B_SLP_EN,8,1,RW,idf,0x0,0x0,keep,R/W,IDF v5.5.3 soc/esp32c3/register/soc/rtc_cntl_reg.h:1265,
rtc_cntl,RTC_CNTL_BIAS_CONF,0x07C,RTC_CNTL_BIAS_BUF_IDLE,10,1,RW,idf,0x0,0x0,keep,R/W,IDF v5.5.3 soc/esp32c3/register/soc/rtc_cntl_reg.h:1259,
rtc_cntl,RTC_CNTL_BIAS_CONF,0x07C,RTC_CNTL_BIAS_BUF_WAKE,11,1,RW,idf,0x1,0x1,keep,R/W,IDF v5.5.3 soc/esp32c3/register/soc/rtc_cntl_reg.h:1253,
rtc_cntl,RTC_CNTL_BIAS_CONF,0x07C,RTC_CNTL_BIAS_BUF_DEEP_SLP,12,1,RW,idf,0x0,0x0,keep,R/W,IDF v5.5.3 soc/esp32c3/register/soc/rtc_cntl_reg.h:1247,
rtc_cntl,RTC_CNTL_BIAS_CONF,0x07C,RTC_CNTL_BIAS_BUF_MONITOR,13,1,RW,idf,0x0,0x0,keep,R/W,IDF v5.5.3 soc/esp32c3/register/soc/rtc_cntl_reg.h:1241,
rtc_cntl,RTC_CNTL_BIAS_CONF,0x07C,RTC_CNTL_PD_CUR_DEEP_SLP,14,1,RW,idf,0x0,0x0,keep,R/W,IDF v5.5.3 soc/esp32c3/register/soc/rtc_cntl_reg.h:1235,
rtc_cntl,RTC_CNTL_BIAS_CONF,0x07C,RTC_CNTL_PD_CUR_MONITOR,15,1,RW,idf,0x0,0x0,keep,R/W,IDF v5.5.3 soc/esp32c3/register/soc/rtc_cntl_reg.h:1229,
rtc_cntl,RTC_CNTL_BIAS_CONF,0x07C,RTC_CNTL_BIAS_SLEEP_DEEP_SLP,16,1,RW,idf,0x1,0x1,keep,R/W,IDF v5.5.3 soc/esp32c3/register/soc/rtc_cntl_reg.h:1223,
rtc_cntl,RTC_CNTL_BIAS_CONF,0x07C,RTC_CNTL_BIAS_SLEEP_MONITOR,17,1,RW,idf,0x0,0x0,keep,R/W,IDF v5.5.3 soc/esp32c3/register/soc/rtc_cntl_reg.h:1217,
rtc_cntl,RTC_CNTL_BIAS_CONF,0x07C,RTC_CNTL_DBG_ATTEN_DEEP_SLP,18,4,RW,idf,0x0,0x0,keep,R/W,IDF v5.5.3 soc/esp32c3/register/soc/rtc_cntl_reg.h:1211,
rtc_cntl,RTC_CNTL_BIAS_CONF,0x07C,RTC_CNTL_DBG_ATTEN_MONITOR,22,4,RW,idf,0x0,0x0,keep,R/W,IDF v5.5.3 soc/esp32c3/register/soc/rtc_cntl_reg.h:1205,
rtc_cntl,RTC_CNTL,0x080,RTC_CNTL_DIG_CAL_EN,7,1,RW,idf,0x0,0x0,keep,R/W,IDF v5.5.3 soc/esp32c3/register/soc/rtc_cntl_reg.h:1312,
rtc_cntl,RTC_CNTL,0x080,RTC_CNTL_SCK_DCAP,14,8,RW,idf,0x0,0x0,keep,R/W,IDF v5.5.3 soc/esp32c3/register/soc/rtc_cntl_reg.h:1305,
rtc_cntl,RTC_CNTL,0x080,RTC_CNTL_DBOOST_FORCE_PD,28,1,RW,idf,0x0,0x0,keep,R/W,IDF v5.5.3 soc/esp32c3/register/soc/rtc_cntl_reg.h:1298,
rtc_cntl,RTC_CNTL,0x080,RTC_CNTL_DBOOST_FORCE_PU,29,1,RW,idf,0x1,0x1,keep,R/W,IDF v5.5.3 soc/esp32c3/register/soc/rtc_cntl_reg.h:1292,
rtc_cntl,RTC_CNTL,0x080,RTC_CNTL_REGULATOR_FORCE_PD,30,1,RW,idf,0x0,0x0,keep,R/W,IDF v5.5.3 soc/esp32c3/register/soc/rtc_cntl_reg.h:1285,
rtc_cntl,RTC_CNTL,0x080,RTC_CNTL_REGULATOR_FORCE_PU,31,1,RW,idf,0x1,0x1,keep,R/W,IDF v5.5.3 soc/esp32c3/register/soc/rtc_cntl_reg.h:1279,
rtc_cntl,RTC_CNTL_PWC,0x084,RTC_CNTL_PAD_FORCE_HOLD,21,1,RW,idf,0x0,0x0,keep,R/W,IDF v5.5.3 soc/esp32c3/register/soc/rtc_cntl_reg.h:1320,
rtc_cntl,RTC_CNTL_DIG_PWC,0x088,RTC_CNTL_VDD_SPI_PWR_DRV,0,2,RW,idf,0x0,0x0,keep,R/W,IDF v5.5.3 soc/esp32c3/register/soc/rtc_cntl_reg.h:1448,
rtc_cntl,RTC_CNTL_DIG_PWC,0x088,RTC_CNTL_VDD_SPI_PWR_FORCE,2,1,RW,idf,0x0,0x0,keep,R/W,IDF v5.5.3 soc/esp32c3/register/soc/rtc_cntl_reg.h:1442,
rtc_cntl,RTC_CNTL_DIG_PWC,0x088,RTC_CNTL_LSLP_MEM_FORCE_PD,3,1,RW,idf,0x0,0x0,keep,R/W,IDF v5.5.3 soc/esp32c3/register/soc/rtc_cntl_reg.h:1436,
rtc_cntl,RTC_CNTL_DIG_PWC,0x088,RTC_CNTL_LSLP_MEM_FORCE_PU,4,1,RW,idf,0x1,0x1,keep,R/W,IDF v5.5.3 soc/esp32c3/register/soc/rtc_cntl_reg.h:1430,
rtc_cntl,RTC_CNTL_DIG_PWC,0x088,RTC_CNTL_BT_FORCE_PD,11,1,RW,idf,0x0,0x0,keep,R/W,IDF v5.5.3 soc/esp32c3/register/soc/rtc_cntl_reg.h:1424,
rtc_cntl,RTC_CNTL_DIG_PWC,0x088,RTC_CNTL_BT_FORCE_PU,12,1,RW,idf,0x1,0x1,keep,R/W,IDF v5.5.3 soc/esp32c3/register/soc/rtc_cntl_reg.h:1418,
rtc_cntl,RTC_CNTL_DIG_PWC,0x088,RTC_CNTL_DG_PERI_FORCE_PD,13,1,RW,idf,0x0,0x0,keep,R/W,IDF v5.5.3 soc/esp32c3/register/soc/rtc_cntl_reg.h:1412,
rtc_cntl,RTC_CNTL_DIG_PWC,0x088,RTC_CNTL_DG_PERI_FORCE_PU,14,1,RW,idf,0x1,0x1,keep,R/W,IDF v5.5.3 soc/esp32c3/register/soc/rtc_cntl_reg.h:1406,
rtc_cntl,RTC_CNTL_DIG_PWC,0x088,RTC_CNTL_FASTMEM_FORCE_LPD,15,1,RW,idf,0x0,0x0,keep,R/W,IDF v5.5.3 soc/esp32c3/register/soc/rtc_cntl_reg.h:1400,
rtc_cntl,RTC_CNTL_DIG_PWC,0x088,RTC_CNTL_FASTMEM_FORCE_LPU,16,1,RW,idf,0x1,0x1,keep,R/W,IDF v5.5.3 soc/esp32c3/register/soc/rtc_cntl_reg.h:1394,
rtc_cntl,RTC_CNTL_DIG_PWC,0x088,RTC_CNTL_WIFI_FORCE_PD,17,1,RW,idf,0x0,0x0,keep,R/W,IDF v5.5.3 soc/esp32c3/register/soc/rtc_cntl_reg.h:1388,
rtc_cntl,RTC_CNTL_DIG_PWC,0x088,RTC_CNTL_WIFI_FORCE_PU,18,1,RW,idf,0x1,0x1,keep,R/W,IDF v5.5.3 soc/esp32c3/register/soc/rtc_cntl_reg.h:1382,
rtc_cntl,RTC_CNTL_DIG_PWC,0x088,RTC_CNTL_DG_WRAP_FORCE_PD,19,1,RW,idf,0x0,0x0,keep,R/W,IDF v5.5.3 soc/esp32c3/register/soc/rtc_cntl_reg.h:1376,
rtc_cntl,RTC_CNTL_DIG_PWC,0x088,RTC_CNTL_DG_WRAP_FORCE_PU,20,1,RW,idf,0x1,0x1,keep,R/W,IDF v5.5.3 soc/esp32c3/register/soc/rtc_cntl_reg.h:1370,
rtc_cntl,RTC_CNTL_DIG_PWC,0x088,RTC_CNTL_CPU_TOP_FORCE_PD,21,1,RW,idf,0x0,0x0,keep,R/W,IDF v5.5.3 soc/esp32c3/register/soc/rtc_cntl_reg.h:1364,
rtc_cntl,RTC_CNTL_DIG_PWC,0x088,RTC_CNTL_CPU_TOP_FORCE_PU,22,1,RW,idf,0x1,0x1,keep,R/W,IDF v5.5.3 soc/esp32c3/register/soc/rtc_cntl_reg.h:1358,
rtc_cntl,RTC_CNTL_DIG_PWC,0x088,RTC_CNTL_BT_PD_EN,27,1,RW,idf,0x0,0x0,keep,R/W,IDF v5.5.3 soc/esp32c3/register/soc/rtc_cntl_reg.h:1352,
rtc_cntl,RTC_CNTL_DIG_PWC,0x088,RTC_CNTL_DG_PERI_PD_EN,28,1,RW,idf,0x0,0x0,keep,R/W,IDF v5.5.3 soc/esp32c3/register/soc/rtc_cntl_reg.h:1346,
rtc_cntl,RTC_CNTL_DIG_PWC,0x088,RTC_CNTL_CPU_TOP_PD_EN,29,1,RW,idf,0x0,0x0,keep,R/W,IDF v5.5.3 soc/esp32c3/register/soc/rtc_cntl_reg.h:1340,
rtc_cntl,RTC_CNTL_DIG_PWC,0x088,RTC_CNTL_WIFI_PD_EN,30,1,RW,idf,0x0,0x0,keep,R/W,IDF v5.5.3 soc/esp32c3/register/soc/rtc_cntl_reg.h:1334,
rtc_cntl,RTC_CNTL_DIG_PWC,0x088,RTC_CNTL_DG_WRAP_PD_EN,31,1,RW,idf,0x0,0x0,keep,R/W,IDF v5.5.3 soc/esp32c3/register/soc/rtc_cntl_reg.h:1328,
rtc_cntl,RTC_CNTL_DIG_ISO,0x08C,RTC_CNTL_DIG_ISO_FORCE_OFF,7,1,RW,idf,0x1,0x1,keep,R/W,IDF v5.5.3 soc/esp32c3/register/soc/rtc_cntl_reg.h:1564,
rtc_cntl,RTC_CNTL_DIG_ISO,0x08C,RTC_CNTL_DIG_ISO_FORCE_ON,8,1,RW,idf,0x0,0x0,keep,R/W,IDF v5.5.3 soc/esp32c3/register/soc/rtc_cntl_reg.h:1558,
rtc_cntl,RTC_CNTL_DIG_ISO,0x08C,RTC_CNTL_DG_PAD_AUTOHOLD,9,1,RO,idf,0x0,0x0,keep,RO,IDF v5.5.3 soc/esp32c3/register/soc/rtc_cntl_reg.h:1552,
rtc_cntl,RTC_CNTL_DIG_ISO,0x08C,RTC_CNTL_CLR_DG_PAD_AUTOHOLD,10,1,WO,idf,0x0,0x0,keep,WO,IDF v5.5.3 soc/esp32c3/register/soc/rtc_cntl_reg.h:1546,
rtc_cntl,RTC_CNTL_DIG_ISO,0x08C,RTC_CNTL_DG_PAD_AUTOHOLD_EN,11,1,RW,idf,0x0,0x0,keep,R/W,IDF v5.5.3 soc/esp32c3/register/soc/rtc_cntl_reg.h:1540,
rtc_cntl,RTC_CNTL_DIG_ISO,0x08C,RTC_CNTL_DG_PAD_FORCE_NOISO,12,1,RW,idf,0x1,0x1,keep,R/W,IDF v5.5.3 soc/esp32c3/register/soc/rtc_cntl_reg.h:1534,
rtc_cntl,RTC_CNTL_DIG_ISO,0x08C,RTC_CNTL_DG_PAD_FORCE_ISO,13,1,RW,idf,0x0,0x0,keep,R/W,IDF v5.5.3 soc/esp32c3/register/soc/rtc_cntl_reg.h:1528,
rtc_cntl,RTC_CNTL_DIG_ISO,0x08C,RTC_CNTL_DG_PAD_FORCE_UNHOLD,14,1,RW,idf,0x1,0x1,keep,R/W,IDF v5.5.3 soc/esp32c3/register/soc/rtc_cntl_reg.h:1522,
rtc_cntl,RTC_CNTL_DIG_ISO,0x08C,RTC_CNTL_DG_PAD_FORCE_HOLD,15,1,RW,idf,0x0,0x0,keep,R/W,IDF v5.5.3 soc/esp32c3/register/soc/rtc_cntl_reg.h:1516,
rtc_cntl,RTC_CNTL_DIG_ISO,0x08C,RTC_CNTL_BT_FORCE_ISO,22,1,RW,idf,0x0,0x0,keep,R/W,IDF v5.5.3 soc/esp32c3/register/soc/rtc_cntl_reg.h:1510,
rtc_cntl,RTC_CNTL_DIG_ISO,0x08C,RTC_CNTL_BT_FORCE_NOISO,23,1,RW,idf,0x1,0x1,keep,R/W,IDF v5.5.3 soc/esp32c3/register/soc/rtc_cntl_reg.h:1504,
rtc_cntl,RTC_CNTL_DIG_ISO,0x08C,RTC_CNTL_DG_PERI_FORCE_ISO,24,1,RW,idf,0x0,0x0,keep,R/W,IDF v5.5.3 soc/esp32c3/register/soc/rtc_cntl_reg.h:1498,
rtc_cntl,RTC_CNTL_DIG_ISO,0x08C,RTC_CNTL_DG_PERI_FORCE_NOISO,25,1,RW,idf,0x1,0x1,keep,R/W,IDF v5.5.3 soc/esp32c3/register/soc/rtc_cntl_reg.h:1492,
rtc_cntl,RTC_CNTL_DIG_ISO,0x08C,RTC_CNTL_CPU_TOP_FORCE_ISO,26,1,RW,idf,0x0,0x0,keep,R/W,IDF v5.5.3 soc/esp32c3/register/soc/rtc_cntl_reg.h:1486,
rtc_cntl,RTC_CNTL_DIG_ISO,0x08C,RTC_CNTL_CPU_TOP_FORCE_NOISO,27,1,RW,idf,0x1,0x1,keep,R/W,IDF v5.5.3 soc/esp32c3/register/soc/rtc_cntl_reg.h:1480,
rtc_cntl,RTC_CNTL_DIG_ISO,0x08C,RTC_CNTL_WIFI_FORCE_ISO,28,1,RW,idf,0x0,0x0,keep,R/W,IDF v5.5.3 soc/esp32c3/register/soc/rtc_cntl_reg.h:1474,
rtc_cntl,RTC_CNTL_DIG_ISO,0x08C,RTC_CNTL_WIFI_FORCE_NOISO,29,1,RW,idf,0x1,0x1,keep,R/W,IDF v5.5.3 soc/esp32c3/register/soc/rtc_cntl_reg.h:1468,
rtc_cntl,RTC_CNTL_DIG_ISO,0x08C,RTC_CNTL_DG_WRAP_FORCE_ISO,30,1,RW,idf,0x0,0x0,keep,R/W,IDF v5.5.3 soc/esp32c3/register/soc/rtc_cntl_reg.h:1462,
rtc_cntl,RTC_CNTL_DIG_ISO,0x08C,RTC_CNTL_DG_WRAP_FORCE_NOISO,31,1,RW,idf,0x1,0x1,keep,R/W,IDF v5.5.3 soc/esp32c3/register/soc/rtc_cntl_reg.h:1456,
rtc_cntl,RTC_CNTL_WDTCONFIG0,0x090,RTC_CNTL_WDT_CHIP_RESET_WIDTH,0,8,RW,idf,0x14,0x14,keep,R/W,IDF v5.5.3 soc/esp32c3/register/soc/rtc_cntl_reg.h:1652,
rtc_cntl,RTC_CNTL_WDTCONFIG0,0x090,RTC_CNTL_WDT_CHIP_RESET_EN,8,1,RW,idf,0x0,0x0,keep,R/W,IDF v5.5.3 soc/esp32c3/register/soc/rtc_cntl_reg.h:1646,
rtc_cntl,RTC_CNTL_WDTCONFIG0,0x090,RTC_CNTL_WDT_PAUSE_IN_SLP,9,1,RW,idf,0x1,0x1,keep,R/W,IDF v5.5.3 soc/esp32c3/register/soc/rtc_cntl_reg.h:1640,
rtc_cntl,RTC_CNTL_WDTCONFIG0,0x090,RTC_CNTL_WDT_APPCPU_RESET_EN,10,1,RW,idf,0x0,0x0,keep,R/W,IDF v5.5.3 soc/esp32c3/register/soc/rtc_cntl_reg.h:1634,
rtc_cntl,RTC_CNTL_WDTCONFIG0,0x090,RTC_CNTL_WDT_PROCPU_RESET_EN,11,1,RW,idf,0x0,0x0,keep,R/W,IDF v5.5.3 soc/esp32c3/register/soc/rtc_cntl_reg.h:1628,
rtc_cntl,RTC_CNTL_WDTCONFIG0,0x090,RTC_CNTL_WDT_FLASHBOOT_MOD_EN,12,1,RW,idf,0x1,0x1,keep,R/W,IDF v5.5.3 soc/esp32c3/register/soc/rtc_cntl_reg.h:1622,
rtc_cntl,RTC_CNTL_WDTCONFIG0,0x090,RTC_CNTL_WDT_SYS_RESET_LENGTH,13,3,RW,idf,0x1,0x1,keep,R/W,IDF v5.5.3 soc/esp32c3/register/soc/rtc_cntl_reg.h:1616,
rtc_cntl,RTC_CNTL_WDTCONFIG0,0x090,RTC_CNTL_WDT_CPU_RESET_LENGTH,16,3,RW,idf,0x1,0x1,keep,R/W,IDF v5.5.3 soc/esp32c3/register/soc/rtc_cntl_reg.h:1610,
rtc_cntl,RTC_CNTL_WDTCONFIG0,0x090,RTC_CNTL_WDT_STG3,19,3,RW,idf,0x0,0x0,keep,R/W,IDF v5.5.3 soc/esp32c3/register/soc/rtc_cntl_reg.h:1596,
rtc_cntl,RTC_CNTL_WDTCONFIG0,0x090,RTC_CNTL_WDT_STG2,22,3,RW,idf,0x0,0x0,keep,R/W,IDF v5.5.3 soc/esp32c3/register/soc/rtc_cntl_reg.h:1590,
rtc_cntl,RTC_CNTL_WDTCONFIG0,0x090,RTC_CNTL_WDT_STG1,25,3,RW,idf,0x0,0x0,keep,R/W,IDF v5.5.3 soc/esp32c3/register/soc/rtc_cntl_reg.h:1584,
rtc_cntl,RTC_CNTL_WDTCONFIG0,0x090,RTC_CNTL_WDT_STG0,28,3,RW,idf,0x0,0x0,keep,R/W,IDF v5.5.3 soc/esp32c3/register/soc/rtc_cntl_reg.h:1578,
rtc_cntl,RTC_CNTL_WDTCONFIG0,0x090,RTC_CNTL_WDT_EN,31,1,RW,idf,0x0,0x0,keep,R/W,IDF v5.5.3 soc/esp32c3/register/soc/rtc_cntl_reg.h:1572,
rtc_cntl,RTC_CNTL_WDTCONFIG1,0x094,RTC_CNTL_WDT_STG0_HOLD,0,32,RW,idf,0x30D40,0x30D40,keep,R/W,IDF v5.5.3 soc/esp32c3/register/soc/rtc_cntl_reg.h:1660,
rtc_cntl,RTC_CNTL_WDTCONFIG2,0x098,RTC_CNTL_WDT_STG1_HOLD,0,32,RW,idf,0x13880,0x13880,keep,R/W,IDF v5.5.3 soc/esp32c3/register/soc/rtc_cntl_reg.h:1668,
rtc_cntl,RTC_CNTL_WDTCONFIG3,0x09C,RTC_CNTL_WDT_STG2_HOLD,0,32,RW,idf,0xFFF,0xFFF,keep,R/W,IDF v5.5.3 soc/esp32c3/register/soc/rtc_cntl_reg.h:1676,
rtc_cntl,RTC_CNTL_WDTCONFIG4,0x0A0,RTC_CNTL_WDT_STG3_HOLD,0,32,RW,idf,0xFFF,0xFFF,keep,R/W,IDF v5.5.3 soc/esp32c3/register/soc/rtc_cntl_reg.h:1684,
rtc_cntl,RTC_CNTL_WDTFEED,0x0A4,RTC_CNTL_WDT_FEED,31,1,WO,idf,0x0,0x0,keep,WO,IDF v5.5.3 soc/esp32c3/register/soc/rtc_cntl_reg.h:1692,
rtc_cntl,RTC_CNTL_WDTWPROTECT,0x0A8,RTC_CNTL_WDT_WKEY,0,32,RW,idf,0x50D83AA1,0x50D83AA1,keep,R/W,IDF v5.5.3 soc/esp32c3/register/soc/rtc_cntl_reg.h:1700,
rtc_cntl,RTC_CNTL_SWD_CONF,0x0AC,RTC_CNTL_SWD_RESET_FLAG,0,1,RO,idf,0x0,0x0,keep,RO,IDF v5.5.3 soc/esp32c3/register/soc/rtc_cntl_reg.h:1750,
rtc_cntl,RTC_CNTL_SWD_CONF,0x0AC,RTC_CNTL_SWD_FEED_INT,1,1,RO,idf,0x0,0x0,keep,RO,IDF v5.5.3 soc/esp32c3/register/soc/rtc_cntl_reg.h:1744,
rtc_cntl,RTC_CNTL_SWD_CONF,0x0AC,RTC_CNTL_SWD_BYPASS_RST,17,1,RW,idf,0x0,0x0,keep,R/W,IDF v5.5.3 soc/esp32c3/register/soc/rtc_cntl_reg.h:1738,
rtc_cntl,RTC_CNTL_SWD_CONF,0x0AC,RTC_CNTL_SWD_SIGNAL_WIDTH,18,10,RW,idf,0x12C,0x12C,keep,R/W,IDF v5.5.3 soc/esp32c3/register/soc/rtc_cntl_reg.h:1732,
rtc_cntl,RTC_CNTL_SWD_CONF,0x0AC,RTC_CNTL_SWD_RST_FLAG_CLR,28,1,WO,idf,0x0,0x0,keep,WO,IDF v5.5.3 soc/esp32c3/register/soc/rtc_cntl_reg.h:1726,
rtc_cntl,RTC_CNTL_SWD_CONF,0x0AC,RTC_CNTL_SWD_FEED,29,1,WO,idf,0x0,0x0,keep,WO,IDF v5.5.3 soc/esp32c3/register/soc/rtc_cntl_reg.h:1720,
rtc_cntl,RTC_CNTL_SWD_CONF,0x0AC,RTC_CNTL_SWD_DISABLE,30,1,RW,idf,0x0,0x0,keep,R/W,IDF v5.5.3 soc/esp32c3/register/soc/rtc_cntl_reg.h:1714,
rtc_cntl,RTC_CNTL_SWD_CONF,0x0AC,RTC_CNTL_SWD_AUTO_FEED_EN,31,1,RW,idf,0x0,0x0,keep,R/W,IDF v5.5.3 soc/esp32c3/register/soc/rtc_cntl_reg.h:1708,
rtc_cntl,RTC_CNTL_SWD_WPROTECT,0x0B0,RTC_CNTL_SWD_WKEY,0,32,RW,idf,0x8F1D312A,0x8F1D312A,keep,R/W,IDF v5.5.3 soc/esp32c3/register/soc/rtc_cntl_reg.h:1758,
rtc_cntl,RTC_CNTL_SW_CPU_STALL,0x0B4,RTC_CNTL_SW_STALL_APPCPU_C1,20,6,RW,idf,0x0,0x0,keep,R/W,IDF v5.5.3 soc/esp32c3/register/soc/rtc_cntl_reg.h:1772,
rtc_cntl,RTC_CNTL_SW_CPU_STALL,0x0B4,RTC_CNTL_SW_STALL_PROCPU_C1,26,6,RW,idf,0x0,0x0,keep,R/W,IDF v5.5.3 soc/esp32c3/register/soc/rtc_cntl_reg.h:1766,
rtc_cntl,RTC_CNTL_STORE4,0x0B8,RTC_CNTL_SCRATCH4,0,32,RW,idf,0x0,0x0,keep,R/W,IDF v5.5.3 soc/esp32c3/register/soc/rtc_cntl_reg.h:1780,
rtc_cntl,RTC_CNTL_STORE5,0x0BC,RTC_CNTL_SCRATCH5,0,32,RW,idf,0x0,0x0,keep,R/W,IDF v5.5.3 soc/esp32c3/register/soc/rtc_cntl_reg.h:1788,
rtc_cntl,RTC_CNTL_STORE6,0x0C0,RTC_CNTL_SCRATCH6,0,32,RW,idf,0x0,0x0,keep,R/W,IDF v5.5.3 soc/esp32c3/register/soc/rtc_cntl_reg.h:1796,
rtc_cntl,RTC_CNTL_STORE7,0x0C4,RTC_CNTL_SCRATCH7,0,32,RW,idf,0x0,0x0,keep,R/W,IDF v5.5.3 soc/esp32c3/register/soc/rtc_cntl_reg.h:1804,
rtc_cntl,RTC_CNTL_LOW_POWER_ST,0x0C8,RTC_CNTL_XPD_ROM0,0,1,RO,idf,0x0,0x0,keep,RO,IDF v5.5.3 soc/esp32c3/register/soc/rtc_cntl_reg.h:1974,
rtc_cntl,RTC_CNTL_LOW_POWER_ST,0x0C8,RTC_CNTL_XPD_DIG_DCDC,2,1,RO,idf,0x0,0x0,keep,RO,IDF v5.5.3 soc/esp32c3/register/soc/rtc_cntl_reg.h:1968,
rtc_cntl,RTC_CNTL_LOW_POWER_ST,0x0C8,RTC_CNTL_PERI_ISO,3,1,RO,idf,0x0,0x0,keep,RO,IDF v5.5.3 soc/esp32c3/register/soc/rtc_cntl_reg.h:1962,
rtc_cntl,RTC_CNTL_LOW_POWER_ST,0x0C8,RTC_CNTL_XPD_RTC_PERI,4,1,RO,idf,0x0,0x0,keep,RO,IDF v5.5.3 soc/esp32c3/register/soc/rtc_cntl_reg.h:1956,
rtc_cntl,RTC_CNTL_LOW_POWER_ST,0x0C8,RTC_CNTL_WIFI_ISO,5,1,RO,idf,0x0,0x0,keep,RO,IDF v5.5.3 soc/esp32c3/register/soc/rtc_cntl_reg.h:1950,
rtc_cntl,RTC_CNTL_LOW_POWER_ST,0x0C8,RTC_CNTL_XPD_WIFI,6,1,RO,idf,0x0,0x0,keep,RO,IDF v5.5.3 soc/esp32c3/register/soc/rtc_cntl_reg.h:1944,
rtc_cntl,RTC_CNTL_LOW_POWER_ST,0x0C8,RTC_CNTL_DIG_ISO,7,1,RO,idf,0x0,0x0,keep,RO,IDF v5.5.3 soc/esp32c3/register/soc/rtc_cntl_reg.h:1938,
rtc_cntl,RTC_CNTL_LOW_POWER_ST,0x0C8,RTC_CNTL_XPD_DIG,8,1,RO,idf,0x0,0x0,keep,RO,IDF v5.5.3 soc/esp32c3/register/soc/rtc_cntl_reg.h:1932,
rtc_cntl,RTC_CNTL_LOW_POWER_ST,0x0C8,RTC_CNTL_TOUCH_STATE_START,9,1,RO,idf,0x0,0x0,keep,RO,IDF v5.5.3 soc/esp32c3/register/soc/rtc_cntl_reg.h:1926,
rtc_cntl,RTC_CNTL_LOW_POWER_ST,0x0C8,RTC_CNTL_TOUCH_STATE_SWITCH,10,1,RO,idf,0x0,0x0,keep,RO,IDF v5.5.3 soc/esp32c3/register/soc/rtc_cntl_reg.h:1920,
rtc_cntl,RTC_CNTL_LOW_POWER_ST,0x0C8,RTC_CNTL_TOUCH_STATE_SLP,11,1,RO,idf,0x0,0x0,keep,RO,IDF v5.5.3 soc/esp32c3/register/soc/rtc_cntl_reg.h:1914,
rtc_cntl,RTC_CNTL_LOW_POWER_ST,0x0C8,RTC_CNTL_TOUCH_STATE_DONE,12,1,RO,idf,0x0,0x0,keep,RO,IDF v5.5.3 soc/esp32c3/register/soc/rtc_cntl_reg.h:1908,
rtc_cntl,RTC_CNTL_LOW_POWER_ST,0x0C8,RTC_CNTL_COCPU_STATE_START,13,1,RO,idf,0x0,0x0,keep,RO,IDF v5.5.3 soc/esp32c3/register/soc/rtc_cntl_reg.h:1902,
rtc_cntl,RTC_CNTL_LOW_POWER_ST,0x0C8,RTC_CNTL_COCPU_STATE_SWITCH,14,1,RO,idf,0x0,0x0,keep,RO,IDF v5.5.3 soc/esp32c3/register/soc/rtc_cntl_reg.h:1896,
rtc_cntl,RTC_CNTL_LOW_POWER_ST,0x0C8,RTC_CNTL_COCPU_STATE_SLP,15,1,RO,idf,0x0,0x0,keep,RO,IDF v5.5.3 soc/esp32c3/register/soc/rtc_cntl_reg.h:1890,
rtc_cntl,RTC_CNTL_LOW_POWER_ST,0x0C8,RTC_CNTL_COCPU_STATE_DONE,16,1,RO,idf,0x0,0x0,keep,RO,IDF v5.5.3 soc/esp32c3/register/soc/rtc_cntl_reg.h:1884,
rtc_cntl,RTC_CNTL_LOW_POWER_ST,0x0C8,RTC_CNTL_MAIN_STATE_XTAL_ISO,17,1,RO,idf,0x0,0x0,keep,RO,IDF v5.5.3 soc/esp32c3/register/soc/rtc_cntl_reg.h:1878,
rtc_cntl,RTC_CNTL_LOW_POWER_ST,0x0C8,RTC_CNTL_MAIN_STATE_PLL_ON,18,1,RO,idf,0x0,0x0,keep,RO,IDF v5.5.3 soc/esp32c3/register/soc/rtc_cntl_reg.h:1872,
rtc_cntl,RTC_CNTL_LOW_POWER_ST,0x0C8,RTC_CNTL_RDY_FOR_WAKEUP,19,1,RO,idf,0x0,0x0,keep,RO,IDF v5.5.3 soc/esp32c3/register/soc/rtc_cntl_reg.h:1866,
rtc_cntl,RTC_CNTL_LOW_POWER_ST,0x0C8,RTC_CNTL_MAIN_STATE_WAIT_END,20,1,RO,idf,0x0,0x0,keep,RO,IDF v5.5.3 soc/esp32c3/register/soc/rtc_cntl_reg.h:1860,
rtc_cntl,RTC_CNTL_LOW_POWER_ST,0x0C8,RTC_CNTL_IN_WAKEUP_STATE,21,1,RO,idf,0x0,0x0,keep,RO,IDF v5.5.3 soc/esp32c3/register/soc/rtc_cntl_reg.h:1854,
rtc_cntl,RTC_CNTL_LOW_POWER_ST,0x0C8,RTC_CNTL_IN_LOW_POWER_STATE,22,1,RO,idf,0x0,0x0,keep,RO,IDF v5.5.3 soc/esp32c3/register/soc/rtc_cntl_reg.h:1848,
rtc_cntl,RTC_CNTL_LOW_POWER_ST,0x0C8,RTC_CNTL_MAIN_STATE_IN_WAIT_8M,23,1,RO,idf,0x0,0x0,keep,RO,IDF v5.5.3 soc/esp32c3/register/soc/rtc_cntl_reg.h:1842,
rtc_cntl,RTC_CNTL_LOW_POWER_ST,0x0C8,RTC_CNTL_MAIN_STATE_IN_WAIT_PLL,24,1,RO,idf,0x0,0x0,keep,RO,IDF v5.5.3 soc/esp32c3/register/soc/rtc_cntl_reg.h:1836,
rtc_cntl,RTC_CNTL_LOW_POWER_ST,0x0C8,RTC_CNTL_MAIN_STATE_IN_WAIT_XTL,25,1,RO,idf,0x0,0x0,keep,RO,IDF v5.5.3 soc/esp32c3/register/soc/rtc_cntl_reg.h:1830,
rtc_cntl,RTC_CNTL_LOW_POWER_ST,0x0C8,RTC_CNTL_MAIN_STATE_IN_SLP,26,1,RO,idf,0x0,0x0,keep,RO,IDF v5.5.3 soc/esp32c3/register/soc/rtc_cntl_reg.h:1824,
rtc_cntl,RTC_CNTL_LOW_POWER_ST,0x0C8,RTC_CNTL_MAIN_STATE_IN_IDLE,27,1,RO,idf,0x0,0x0,keep,RO,IDF v5.5.3 soc/esp32c3/register/soc/rtc_cntl_reg.h:1818,
rtc_cntl,RTC_CNTL_LOW_POWER_ST,0x0C8,RTC_CNTL_MAIN_STATE,28,4,RO,idf,0x0,0x0,keep,RO,IDF v5.5.3 soc/esp32c3/register/soc/rtc_cntl_reg.h:1812,
rtc_cntl,RTC_CNTL_DIAG0,0x0CC,RTC_CNTL_LOW_POWER_DIAG1,0,32,RO,idf,0x0,0x0,keep,RO,IDF v5.5.3 soc/esp32c3/register/soc/rtc_cntl_reg.h:1982,
rtc_cntl,RTC_CNTL_PAD_HOLD,0x0D0,RTC_CNTL_GPIO_PIN0_HOLD,0,1,RW,idf,0x0,0x0,keep,R/W,IDF v5.5.3 soc/esp32c3/register/soc/rtc_cntl_reg.h:2020,
rtc_cntl,RTC_CNTL_PAD_HOLD,0x0D0,RTC_CNTL_GPIO_PIN1_HOLD,1,1,RW,idf,0x0,0x0,keep,R/W,IDF v5.5.3 soc/esp32c3/register/soc/rtc_cntl_reg.h:2014,
rtc_cntl,RTC_CNTL_PAD_HOLD,0x0D0,RTC_CNTL_GPIO_PIN2_HOLD,2,1,RW,idf,0x0,0x0,keep,R/W,IDF v5.5.3 soc/esp32c3/register/soc/rtc_cntl_reg.h:2008,
rtc_cntl,RTC_CNTL_PAD_HOLD,0x0D0,RTC_CNTL_GPIO_PIN3_HOLD,3,1,RW,idf,0x0,0x0,keep,R/W,IDF v5.5.3 soc/esp32c3/register/soc/rtc_cntl_reg.h:2002,
rtc_cntl,RTC_CNTL_PAD_HOLD,0x0D0,RTC_CNTL_GPIO_PIN4_HOLD,4,1,RW,idf,0x0,0x0,keep,R/W,IDF v5.5.3 soc/esp32c3/register/soc/rtc_cntl_reg.h:1996,
rtc_cntl,RTC_CNTL_PAD_HOLD,0x0D0,RTC_CNTL_GPIO_PIN5_HOLD,5,1,RW,idf,0x0,0x0,keep,R/W,IDF v5.5.3 soc/esp32c3/register/soc/rtc_cntl_reg.h:1990,
rtc_cntl,RTC_CNTL_DIG_PAD_HOLD,0x0D4,RTC_CNTL_DIG_PAD_HOLD,0,32,RW,idf,0x0,0x0,keep,R/W,IDF v5.5.3 soc/esp32c3/register/soc/rtc_cntl_reg.h:2028,
rtc_cntl,RTC_CNTL_BROWN_OUT,0x0D8,RTC_CNTL_BROWN_OUT_INT_WAIT,4,10,RW,idf,0x1,0x1,keep,R/W,IDF v5.5.3 soc/esp32c3/register/soc/rtc_cntl_reg.h:2090,
rtc_cntl,RTC_CNTL_BROWN_OUT,0x0D8,RTC_CNTL_BROWN_OUT_CLOSE_FLASH_ENA,14,1,RW,idf,0x0,0x0,keep,R/W,IDF v5.5.3 soc/esp32c3/register/soc/rtc_cntl_reg.h:2084,
rtc_cntl,RTC_CNTL_BROWN_OUT,0x0D8,RTC_CNTL_BROWN_OUT_PD_RF_ENA,15,1,RW,idf,0x0,0x0,keep,R/W,IDF v5.5.3 soc/esp32c3/register/soc/rtc_cntl_reg.h:2078,
rtc_cntl,RTC_CNTL_BROWN_OUT,0x0D8,RTC_CNTL_BROWN_OUT_RST_WAIT,16,10,RW,idf,0x3FF,0x3FF,keep,R/W,IDF v5.5.3 soc/esp32c3/register/soc/rtc_cntl_reg.h:2072,
rtc_cntl,RTC_CNTL_BROWN_OUT,0x0D8,RTC_CNTL_BROWN_OUT_RST_ENA,26,1,RW,idf,0x0,0x0,keep,R/W,IDF v5.5.3 soc/esp32c3/register/soc/rtc_cntl_reg.h:2066,
rtc_cntl,RTC_CNTL_BROWN_OUT,0x0D8,RTC_CNTL_BROWN_OUT_RST_SEL,27,1,RW,idf,0x0,0x0,keep,R/W,IDF v5.5.3 soc/esp32c3/register/soc/rtc_cntl_reg.h:2060,
rtc_cntl,RTC_CNTL_BROWN_OUT,0x0D8,RTC_CNTL_BROWN_OUT_ANA_RST_EN,28,1,RW,idf,0x0,0x0,keep,R/W,IDF v5.5.3 soc/esp32c3/register/soc/rtc_cntl_reg.h:2054,
rtc_cntl,RTC_CNTL_BROWN_OUT,0x0D8,RTC_CNTL_BROWN_OUT_CNT_CLR,29,1,WO,idf,0x0,0x0,keep,WO,IDF v5.5.3 soc/esp32c3/register/soc/rtc_cntl_reg.h:2048,
rtc_cntl,RTC_CNTL_BROWN_OUT,0x0D8,RTC_CNTL_BROWN_OUT_ENA,30,1,RW,idf,0x1,0x1,keep,R/W,IDF v5.5.3 soc/esp32c3/register/soc/rtc_cntl_reg.h:2042,
rtc_cntl,RTC_CNTL_BROWN_OUT,0x0D8,RTC_CNTL_BROWN_OUT_DET,31,1,RO,idf,0x0,0x0,keep,RO,IDF v5.5.3 soc/esp32c3/register/soc/rtc_cntl_reg.h:2036,
rtc_cntl,RTC_CNTL_TIME_LOW1,0x0DC,RTC_CNTL_TIMER_VALUE1_LOW,0,32,RO,idf,0x0,0x0,keep,RO,IDF v5.5.3 soc/esp32c3/register/soc/rtc_cntl_reg.h:2098,
rtc_cntl,RTC_CNTL_TIME_HIGH1,0x0E0,RTC_CNTL_TIMER_VALUE1_HIGH,0,16,RO,idf,0x0,0x0,keep,RO,IDF v5.5.3 soc/esp32c3/register/soc/rtc_cntl_reg.h:2106,
rtc_cntl,RTC_CNTL_XTAL32K_CLK_FACTOR,0x0E4,RTC_CNTL_XTAL32K_CLK_FACTOR,0,32,RW,idf,0x0,0x0,keep,R/W,IDF v5.5.3 soc/esp32c3/register/soc/rtc_cntl_reg.h:2114,
rtc_cntl,RTC_CNTL_XTAL32K_CONF,0x0E8,RTC_CNTL_XTAL32K_RETURN_WAIT,0,4,RW,idf,0x0,0x0,keep,R/W,IDF v5.5.3 soc/esp32c3/register/soc/rtc_cntl_reg.h:2140,
rtc_cntl,RTC_CNTL_XTAL32K_CONF,0x0E8,RTC_CNTL_XTAL32K_RESTART_WAIT,4,16,RW,idf,0x0,0x0,keep,R/W,IDF v5.5.3 soc/esp32c3/register/soc/rtc_cntl_reg.h:2134,
rtc_cntl,RTC_CNTL_XTAL32K_CONF,0x0E8,RTC_CNTL_XTAL32K_WDT_TIMEOUT,20,8,RW,idf,0xFF,0xFF,keep,R/W,IDF v5.5.3 soc/esp32c3/register/soc/rtc_cntl_reg.h:2128,
rtc_cntl,RTC_CNTL_XTAL32K_CONF,0x0E8,RTC_CNTL_XTAL32K_STABLE_THRES,28,4,RW,idf,0x0,0x0,keep,R/W,IDF v5.5.3 soc/esp32c3/register/soc/rtc_cntl_reg.h:2122,
rtc_cntl,RTC_CNTL_USB_CONF,0x0EC,RTC_CNTL_IO_MUX_RESET_DISABLE,18,1,RW,idf,0x0,0x0,keep,R/W,IDF v5.5.3 soc/esp32c3/register/soc/rtc_cntl_reg.h:2148,
rtc_cntl,RTC_CNTL_SLP_REJECT_CAUSE,0x0F0,RTC_CNTL_REJECT_CAUSE,0,18,RO,idf,0x0,0x0,keep,RO,IDF v5.5.3 soc/esp32c3/register/soc/rtc_cntl_reg.h:2156,
rtc_cntl,RTC_CNTL_OPTION1,0x0F4,RTC_CNTL_FORCE_DOWNLOAD_BOOT,0,1,RW,idf,0x0,0x0,keep,R/W,IDF v5.5.3 soc/esp32c3/register/soc/rtc_cntl_reg.h:2164,
rtc_cntl,RTC_CNTL_SLP_WAKEUP_CAUSE,0x0F8,RTC_CNTL_WAKEUP_CAUSE,0,17,RO,idf,0x0,0x0,keep,RO,IDF v5.5.3 soc/esp32c3/register/soc/rtc_cntl_reg.h:2172,
rtc_cntl,RTC_CNTL_ULP_CP_TIMER_1,0x0FC,RTC_CNTL_ULP_CP_TIMER_SLP_CYCLE,8,24,RW,idf,0xC8,0xC8,keep,R/W,IDF v5.5.3 soc/esp32c3/register/soc/rtc_cntl_reg.h:2180,
rtc_cntl,RTC_CNTL_INT_ENA_W1TS,0x100,RTC_CNTL_SLP_WAKEUP_INT_ENA_W1TS,0,1,WO,idf,0x0,0x0,keep,WO,IDF v5.5.3 soc/esp32c3/register/soc/rtc_cntl_reg.h:2236,
rtc_cntl,RTC_CNTL_INT_ENA_W1TS,0x100,RTC_CNTL_SLP_REJECT_INT_ENA_W1TS,1,1,WO,idf,0x0,0x0,keep,WO,IDF v5.5.3 soc/esp32c3/register/soc/rtc_cntl_reg.h:2230,
rtc_cntl,RTC_CNTL_INT_ENA_W1TS,0x100,RTC_CNTL_WDT_INT_ENA_W1TS,3,1,WO,idf,0x0,0x0,keep,WO,IDF v5.5.3 soc/esp32c3/register/soc/rtc_cntl_reg.h:2224,
rtc_cntl,RTC_CNTL_INT_ENA_W1TS,0x100,RTC_CNTL_BROWN_OUT_INT_ENA_W1TS,9,1,WO,idf,0x0,0x0,keep,WO,IDF v5.5.3 soc/esp32c3/register/soc/rtc_cntl_reg.h:2218,
rtc_cntl,RTC_CNTL_INT_ENA_W1TS,0x100,RTC_CNTL_MAIN_TIMER_INT_ENA_W1TS,10,1,WO,idf,0x0,0x0,keep,WO,IDF v5.5.3 soc/esp32c3/register/soc/rtc_cntl_reg.h:2212,
rtc_cntl,RTC_CNTL_INT_ENA_W1TS,0x100,RTC_CNTL_SWD_INT_ENA_W1TS,15,1,WO,idf,0x0,0x0,keep,WO,IDF v5.5.3 soc/esp32c3/register/soc/rtc_cntl_reg.h:2206,
rtc_cntl,RTC_CNTL_INT_ENA_W1TS,0x100,RTC_CNTL_XTAL32K_DEAD_INT_ENA_W1TS,16,1,WO,idf,0x0,0x0,keep,WO,IDF v5.5.3 soc/esp32c3/register/soc/rtc_cntl_reg.h:2200,
rtc_cntl,RTC_CNTL_INT_ENA_W1TS,0x100,RTC_CNTL_GLITCH_DET_INT_ENA_W1TS,19,1,WO,idf,0x0,0x0,keep,WO,IDF v5.5.3 soc/esp32c3/register/soc/rtc_cntl_reg.h:2194,
rtc_cntl,RTC_CNTL_INT_ENA_W1TS,0x100,RTC_CNTL_BBPLL_CAL_INT_ENA_W1TS,20,1,WO,idf,0x0,0x0,keep,WO,IDF v5.5.3 soc/esp32c3/register/soc/rtc_cntl_reg.h:2188,
rtc_cntl,RTC_CNTL_INT_ENA_W1TC,0x104,RTC_CNTL_SLP_WAKEUP_INT_ENA_W1TC,0,1,WO,idf,0x0,0x0,keep,WO,IDF v5.5.3 soc/esp32c3/register/soc/rtc_cntl_reg.h:2292,
rtc_cntl,RTC_CNTL_INT_ENA_W1TC,0x104,RTC_CNTL_SLP_REJECT_INT_ENA_W1TC,1,1,WO,idf,0x0,0x0,keep,WO,IDF v5.5.3 soc/esp32c3/register/soc/rtc_cntl_reg.h:2286,
rtc_cntl,RTC_CNTL_INT_ENA_W1TC,0x104,RTC_CNTL_WDT_INT_ENA_W1TC,3,1,WO,idf,0x0,0x0,keep,WO,IDF v5.5.3 soc/esp32c3/register/soc/rtc_cntl_reg.h:2280,
rtc_cntl,RTC_CNTL_INT_ENA_W1TC,0x104,RTC_CNTL_BROWN_OUT_INT_ENA_W1TC,9,1,WO,idf,0x0,0x0,keep,WO,IDF v5.5.3 soc/esp32c3/register/soc/rtc_cntl_reg.h:2274,
rtc_cntl,RTC_CNTL_INT_ENA_W1TC,0x104,RTC_CNTL_MAIN_TIMER_INT_ENA_W1TC,10,1,WO,idf,0x0,0x0,keep,WO,IDF v5.5.3 soc/esp32c3/register/soc/rtc_cntl_reg.h:2268,
rtc_cntl,RTC_CNTL_INT_ENA_W1TC,0x104,RTC_CNTL_SWD_INT_ENA_W1TC,15,1,WO,idf,0x0,0x0,keep,WO,IDF v5.5.3 soc/esp32c3/register/soc/rtc_cntl_reg.h:2262,
rtc_cntl,RTC_CNTL_INT_ENA_W1TC,0x104,RTC_CNTL_XTAL32K_DEAD_INT_ENA_W1TC,16,1,WO,idf,0x0,0x0,keep,WO,IDF v5.5.3 soc/esp32c3/register/soc/rtc_cntl_reg.h:2256,
rtc_cntl,RTC_CNTL_INT_ENA_W1TC,0x104,RTC_CNTL_GLITCH_DET_INT_ENA_W1TC,19,1,WO,idf,0x0,0x0,keep,WO,IDF v5.5.3 soc/esp32c3/register/soc/rtc_cntl_reg.h:2250,
rtc_cntl,RTC_CNTL_INT_ENA_W1TC,0x104,RTC_CNTL_BBPLL_CAL_INT_ENA_W1TC,20,1,WO,idf,0x0,0x0,keep,WO,IDF v5.5.3 soc/esp32c3/register/soc/rtc_cntl_reg.h:2244,
rtc_cntl,RTC_CNTL_RETENTION_CTRL,0x108,RTC_CNTL_RETENTION_CLK_SEL,18,1,RW,idf,0x0,0x0,keep,R/W,IDF v5.5.3 soc/esp32c3/register/soc/rtc_cntl_reg.h:2324,
rtc_cntl,RTC_CNTL_RETENTION_CTRL,0x108,RTC_CNTL_RETENTION_DONE_WAIT,19,3,RW,idf,0x2,0x2,keep,R/W,IDF v5.5.3 soc/esp32c3/register/soc/rtc_cntl_reg.h:2318,
rtc_cntl,RTC_CNTL_RETENTION_CTRL,0x108,RTC_CNTL_RETENTION_CLKOFF_WAIT,22,4,RW,idf,0x3,0x3,keep,R/W,IDF v5.5.3 soc/esp32c3/register/soc/rtc_cntl_reg.h:2312,
rtc_cntl,RTC_CNTL_RETENTION_CTRL,0x108,RTC_CNTL_RETENTION_EN,26,1,RW,idf,0x0,0x0,keep,R/W,IDF v5.5.3 soc/esp32c3/register/soc/rtc_cntl_reg.h:2306,
rtc_cntl,RTC_CNTL_RETENTION_CTRL,0x108,RTC_CNTL_RETENTION_WAIT,27,5,RW,idf,0x14,0x14,keep,R/W,IDF v5.5.3 soc/esp32c3/register/soc/rtc_cntl_reg.h:2300,
rtc_cntl,RTC_CNTL_FIB_SEL,0x10C,RTC_CNTL_FIB_SEL,0,3,RW,idf,0x7,0x7,keep,R/W,IDF v5.5.3 soc/esp32c3/register/soc/rtc_cntl_reg.h:2332,
rtc_cntl,RTC_CNTL_GPIO_WAKEUP,0x110,RTC_CNTL_GPIO_WAKEUP_STATUS,0,6,RO,idf,0x0,0x0,keep,RO,IDF v5.5.3 soc/esp32c3/register/soc/rtc_cntl_reg.h:2428,
rtc_cntl,RTC_CNTL_GPIO_WAKEUP,0x110,RTC_CNTL_GPIO_WAKEUP_STATUS_CLR,6,1,RW,idf,0x0,0x0,keep,R/W,IDF v5.5.3 soc/esp32c3/register/soc/rtc_cntl_reg.h:2422,
rtc_cntl,RTC_CNTL_GPIO_WAKEUP,0x110,RTC_CNTL_GPIO_PIN_CLK_GATE,7,1,RW,idf,0x0,0x0,keep,R/W,IDF v5.5.3 soc/esp32c3/register/soc/rtc_cntl_reg.h:2416,
rtc_cntl,RTC_CNTL_GPIO_WAKEUP,0x110,RTC_CNTL_GPIO_PIN5_INT_TYPE,8,3,RW,idf,0x0,0x0,keep,R/W,IDF v5.5.3 soc/esp32c3/register/soc/rtc_cntl_reg.h:2410,
rtc_cntl,RTC_CNTL_GPIO_WAKEUP,0x110,RTC_CNTL_GPIO_PIN4_INT_TYPE,11,3,RW,idf,0x0,0x0,keep,R/W,IDF v5.5.3 soc/esp32c3/register/soc/rtc_cntl_reg.h:2404,
rtc_cntl,RTC_CNTL_GPIO_WAKEUP,0x110,RTC_CNTL_GPIO_PIN3_INT_TYPE,14,3,RW,idf,0x0,0x0,keep,R/W,IDF v5.5.3 soc/esp32c3/register/soc/rtc_cntl_reg.h:2398,
rtc_cntl,RTC_CNTL_GPIO_WAKEUP,0x110,RTC_CNTL_GPIO_PIN2_INT_TYPE,17,3,RW,idf,0x0,0x0,keep,R/W,IDF v5.5.3 soc/esp32c3/register/soc/rtc_cntl_reg.h:2392,
rtc_cntl,RTC_CNTL_GPIO_WAKEUP,0x110,RTC_CNTL_GPIO_PIN1_INT_TYPE,20,3,RW,idf,0x0,0x0,keep,R/W,IDF v5.5.3 soc/esp32c3/register/soc/rtc_cntl_reg.h:2386,
rtc_cntl,RTC_CNTL_GPIO_WAKEUP,0x110,RTC_CNTL_GPIO_PIN0_INT_TYPE,23,3,RW,idf,0x0,0x0,keep,R/W,IDF v5.5.3 soc/esp32c3/register/soc/rtc_cntl_reg.h:2380,
rtc_cntl,RTC_CNTL_GPIO_WAKEUP,0x110,RTC_CNTL_GPIO_PIN5_WAKEUP_ENABLE,26,1,RW,idf,0x0,0x0,keep,R/W,IDF v5.5.3 soc/esp32c3/register/soc/rtc_cntl_reg.h:2374,
rtc_cntl,RTC_CNTL_GPIO_WAKEUP,0x110,RTC_CNTL_GPIO_PIN4_WAKEUP_ENABLE,27,1,RW,idf,0x0,0x0,keep,R/W,IDF v5.5.3 soc/esp32c3/register/soc/rtc_cntl_reg.h:2368,
rtc_cntl,RTC_CNTL_GPIO_WAKEUP,0x110,RTC_CNTL_GPIO_PIN3_WAKEUP_ENABLE,28,1,RW,idf,0x0,0x0,keep,R/W,IDF v5.5.3 soc/esp32c3/register/soc/rtc_cntl_reg.h:2362,
rtc_cntl,RTC_CNTL_GPIO_WAKEUP,0x110,RTC_CNTL_GPIO_PIN2_WAKEUP_ENABLE,29,1,RW,idf,0x0,0x0,keep,R/W,IDF v5.5.3 soc/esp32c3/register/soc/rtc_cntl_reg.h:2356,
rtc_cntl,RTC_CNTL_GPIO_WAKEUP,0x110,RTC_CNTL_GPIO_PIN1_WAKEUP_ENABLE,30,1,RW,idf,0x0,0x0,keep,R/W,IDF v5.5.3 soc/esp32c3/register/soc/rtc_cntl_reg.h:2350,
rtc_cntl,RTC_CNTL_GPIO_WAKEUP,0x110,RTC_CNTL_GPIO_PIN0_WAKEUP_ENABLE,31,1,RW,idf,0x0,0x0,keep,R/W,IDF v5.5.3 soc/esp32c3/register/soc/rtc_cntl_reg.h:2344,
rtc_cntl,RTC_CNTL_DBG_SEL,0x114,RTC_CNTL_DEBUG_12M_NO_GATING,1,1,RW,idf,0x0,0x0,keep,R/W,IDF v5.5.3 soc/esp32c3/register/soc/rtc_cntl_reg.h:2472,
rtc_cntl,RTC_CNTL_DBG_SEL,0x114,RTC_CNTL_DEBUG_BIT_SEL,2,5,RW,idf,0x0,0x0,keep,R/W,IDF v5.5.3 soc/esp32c3/register/soc/rtc_cntl_reg.h:2466,
rtc_cntl,RTC_CNTL_DBG_SEL,0x114,RTC_CNTL_DEBUG_SEL0,7,5,RW,idf,0x0,0x0,keep,R/W,IDF v5.5.3 soc/esp32c3/register/soc/rtc_cntl_reg.h:2460,
rtc_cntl,RTC_CNTL_DBG_SEL,0x114,RTC_CNTL_DEBUG_SEL1,12,5,RW,idf,0x0,0x0,keep,R/W,IDF v5.5.3 soc/esp32c3/register/soc/rtc_cntl_reg.h:2454,
rtc_cntl,RTC_CNTL_DBG_SEL,0x114,RTC_CNTL_DEBUG_SEL2,17,5,RW,idf,0x0,0x0,keep,R/W,IDF v5.5.3 soc/esp32c3/register/soc/rtc_cntl_reg.h:2448,
rtc_cntl,RTC_CNTL_DBG_SEL,0x114,RTC_CNTL_DEBUG_SEL3,22,5,RW,idf,0x0,0x0,keep,R/W,IDF v5.5.3 soc/esp32c3/register/soc/rtc_cntl_reg.h:2442,
rtc_cntl,RTC_CNTL_DBG_SEL,0x114,RTC_CNTL_DEBUG_SEL4,27,5,RW,idf,0x0,0x0,keep,R/W,IDF v5.5.3 soc/esp32c3/register/soc/rtc_cntl_reg.h:2436,
rtc_cntl,RTC_CNTL_DBG_MAP,0x118,RTC_CNTL_GPIO_PIN5_MUX_SEL,2,1,RW,idf,0x0,0x0,keep,R/W,IDF v5.5.3 soc/esp32c3/register/soc/rtc_cntl_reg.h:2546,
rtc_cntl,RTC_CNTL_DBG_MAP,0x118,RTC_CNTL_GPIO_PIN4_MUX_SEL,3,1,RW,idf,0x0,0x0,keep,R/W,IDF v5.5.3 soc/esp32c3/register/soc/rtc_cntl_reg.h:2540,
rtc_cntl,RTC_CNTL_DBG_MAP,0x118,RTC_CNTL_GPIO_PIN3_MUX_SEL,4,1,RW,idf,0x0,0x0,keep,R/W,IDF v5.5.3 soc/esp32c3/register/soc/rtc_cntl_reg.h:2534,
rtc_cntl,RTC_CNTL_DBG_MAP,0x118,RTC_CNTL_GPIO_PIN2_MUX_SEL,5,1,RW,idf,0x0,0x0,keep,R/W,IDF v5.5.3 soc/esp32c3/register/soc/rtc_cntl_reg.h:2528,
rtc_cntl,RTC_CNTL_DBG_MAP,0x118,RTC_CNTL_GPIO_PIN1_MUX_SEL,6,1,RW,idf,0x0,0x0,keep,R/W,IDF v5.5.3 soc/esp32c3/register/soc/rtc_cntl_reg.h:2522,
rtc_cntl,RTC_CNTL_DBG_MAP,0x118,RTC_CNTL_GPIO_PIN0_MUX_SEL,7,1,RW,idf,0x0,0x0,keep,R/W,IDF v5.5.3 soc/esp32c3/register/soc/rtc_cntl_reg.h:2516,
rtc_cntl,RTC_CNTL_DBG_MAP,0x118,RTC_CNTL_GPIO_PIN5_FUN_SEL,8,4,RW,idf,0x0,0x0,keep,R/W,IDF v5.5.3 soc/esp32c3/register/soc/rtc_cntl_reg.h:2510,
rtc_cntl,RTC_CNTL_DBG_MAP,0x118,RTC_CNTL_GPIO_PIN4_FUN_SEL,12,4,RW,idf,0x0,0x0,keep,R/W,IDF v5.5.3 soc/esp32c3/register/soc/rtc_cntl_reg.h:2504,
rtc_cntl,RTC_CNTL_DBG_MAP,0x118,RTC_CNTL_GPIO_PIN3_FUN_SEL,16,4,RW,idf,0x0,0x0,keep,R/W,IDF v5.5.3 soc/esp32c3/register/soc/rtc_cntl_reg.h:2498,
rtc_cntl,RTC_CNTL_DBG_MAP,0x118,RTC_CNTL_GPIO_PIN2_FUN_SEL,20,4,RW,idf,0x0,0x0,keep,R/W,IDF v5.5.3 soc/esp32c3/register/soc/rtc_cntl_reg.h:2492,
rtc_cntl,RTC_CNTL_DBG_MAP,0x118,RTC_CNTL_GPIO_PIN1_FUN_SEL,24,4,RW,idf,0x0,0x0,keep,R/W,IDF v5.5.3 soc/esp32c3/register/soc/rtc_cntl_reg.h:2486,
rtc_cntl,RTC_CNTL_DBG_MAP,0x118,RTC_CNTL_GPIO_PIN0_FUN_SEL,28,4,RW,idf,0x0,0x0,keep,R/W,IDF v5.5.3 soc/esp32c3/register/soc/rtc_cntl_reg.h:2480,
rtc_cntl,RTC_CNTL_SENSOR_CTRL,0x11C,RTC_CNTL_SAR2_PWDET_CCT,27,3,RW,idf,0x0,0x0,keep,R/W,IDF v5.5.3 soc/esp32c3/register/soc/rtc_cntl_reg.h:2560,
rtc_cntl,RTC_CNTL_SENSOR_CTRL,0x11C,RTC_CNTL_FORCE_XPD_SAR,30,2,RW,idf,0x0,0x0,keep,R/W,IDF v5.5.3 soc/esp32c3/register/soc/rtc_cntl_reg.h:2554,
rtc_cntl,RTC_CNTL_DBG_SAR_SEL,0x120,RTC_CNTL_SAR_DEBUG_SEL,27,5,RW,idf,0x0,0x0,keep,R/W,IDF v5.5.3 soc/esp32c3/register/soc/rtc_cntl_reg.h:2568,
rtc_cntl,RTC_CNTL_PG_CTRL,0x124,RTC_CNTL_POWER_GLITCH_DSENSE,26,2,RW,idf,0x0,0x0,keep,R/W,IDF v5.5.3 soc/esp32c3/register/soc/rtc_cntl_reg.h:2600,
rtc_cntl,RTC_CNTL_PG_CTRL,0x124,RTC_CNTL_POWER_GLITCH_FORCE_PD,28,1,RW,idf,0x0,0x0,keep,R/W,IDF v5.5.3 soc/esp32c3/register/soc/rtc_cntl_reg.h:2594,
rtc_cntl,RTC_CNTL_PG_CTRL,0x124,RTC_CNTL_POWER_GLITCH_FORCE_PU,29,1,RW,idf,0x0,0x0,keep,R/W,IDF v5.5.3 soc/esp32c3/register/soc/rtc_cntl_reg.h:2588,
rtc_cntl,RTC_CNTL_PG_CTRL,0x124,RTC_CNTL_POWER_GLITCH_EFUSE_SEL,30,1,RW,idf,0x0,0x0,keep,R/W,IDF v5.5.3 soc/esp32c3/register/soc/rtc_cntl_reg.h:2582,
rtc_cntl,RTC_CNTL_PG_CTRL,0x124,RTC_CNTL_POWER_GLITCH_EN,31,1,RW,idf,0x0,0x0,keep,R/W,IDF v5.5.3 soc/esp32c3/register/soc/rtc_cntl_reg.h:2576,
rtc_cntl,RTC_CNTL_DATE,0x1FC,RTC_CNTL_CNTL_DATE,0,28,RW,idf,0x2007270,0x2007270,keep,R/W,IDF v5.5.3 soc/esp32c3/register/soc/rtc_cntl_reg.h:2608,
efuse,EFUSE_PGM_DATA0,0x000,EFUSE_PGM_DATA_0,0,32,RW,idf,0x0,0x0,0x0,R/W,IDF v5.5.3 soc/esp32c3/register/soc/efuse_reg.h:19,
efuse,EFUSE_PGM_DATA1,0x004,EFUSE_PGM_DATA_1,0,32,RW,idf,0x0,0x0,0x0,R/W,IDF v5.5.3 soc/esp32c3/register/soc/efuse_reg.h:31,
efuse,EFUSE_PGM_DATA2,0x008,EFUSE_PGM_DATA_2,0,32,RW,idf,0x0,0x0,0x0,R/W,IDF v5.5.3 soc/esp32c3/register/soc/efuse_reg.h:43,
efuse,EFUSE_PGM_DATA3,0x00C,EFUSE_PGM_DATA_3,0,32,RW,idf,0x0,0x0,0x0,R/W,IDF v5.5.3 soc/esp32c3/register/soc/efuse_reg.h:55,
efuse,EFUSE_PGM_DATA4,0x010,EFUSE_PGM_DATA_4,0,32,RW,idf,0x0,0x0,0x0,R/W,IDF v5.5.3 soc/esp32c3/register/soc/efuse_reg.h:67,
efuse,EFUSE_PGM_DATA5,0x014,EFUSE_PGM_DATA_5,0,32,RW,idf,0x0,0x0,0x0,R/W,IDF v5.5.3 soc/esp32c3/register/soc/efuse_reg.h:79,
efuse,EFUSE_PGM_DATA6,0x018,EFUSE_PGM_DATA_6,0,32,RW,idf,0x0,0x0,0x0,R/W,IDF v5.5.3 soc/esp32c3/register/soc/efuse_reg.h:91,
efuse,EFUSE_PGM_DATA7,0x01C,EFUSE_PGM_DATA_7,0,32,RW,idf,0x0,0x0,0x0,R/W,IDF v5.5.3 soc/esp32c3/register/soc/efuse_reg.h:103,
efuse,EFUSE_PGM_CHECK_VALUE0,0x020,EFUSE_PGM_RS_DATA_0,0,32,RW,idf,0x0,0x0,0x0,R/W,IDF v5.5.3 soc/esp32c3/register/soc/efuse_reg.h:115,
efuse,EFUSE_PGM_CHECK_VALUE1,0x024,EFUSE_PGM_RS_DATA_1,0,32,RW,idf,0x0,0x0,0x0,R/W,IDF v5.5.3 soc/esp32c3/register/soc/efuse_reg.h:127,
efuse,EFUSE_PGM_CHECK_VALUE2,0x028,EFUSE_PGM_RS_DATA_2,0,32,RW,idf,0x0,0x0,0x0,R/W,IDF v5.5.3 soc/esp32c3/register/soc/efuse_reg.h:139,
efuse,EFUSE_RD_WR_DIS,0x02C,EFUSE_WR_DIS,0,32,RO,idf,0x0,0x0,0x0,RO,IDF v5.5.3 soc/esp32c3/register/soc/efuse_reg.h:151,
efuse,EFUSE_RD_REPEAT_DATA0,0x030,EFUSE_RD_DIS,0,7,RO,idf,0x0,0x0,0x0,RO,IDF v5.5.3 soc/esp32c3/register/soc/efuse_reg.h:163,
efuse,EFUSE_RD_REPEAT_DATA0,0x030,EFUSE_DIS_RTC_RAM_BOOT,7,1,RO,idf,0x0,0x0,0x0,RO,IDF v5.5.3 soc/esp32c3/register/soc/efuse_reg.h:170,
efuse,EFUSE_RD_REPEAT_DATA0,0x030,EFUSE_DIS_ICACHE,8,1,RO,idf,0x0,0x0,0x0,RO,IDF v5.5.3 soc/esp32c3/register/soc/efuse_reg.h:177,
efuse,EFUSE_RD_REPEAT_DATA0,0x030,EFUSE_DIS_USB_JTAG,9,1,RO,idf,0x0,0x0,0x0,RO,IDF v5.5.3 soc/esp32c3/register/soc/efuse_reg.h:184,
efuse,EFUSE_RD_REPEAT_DATA0,0x030,EFUSE_DIS_DOWNLOAD_ICACHE,10,1,RO,idf,0x0,0x0,0x0,RO,IDF v5.5.3 soc/esp32c3/register/soc/efuse_reg.h:191,
efuse,EFUSE_RD_REPEAT_DATA0,0x030,EFUSE_DIS_USB_SERIAL_JTAG,11,1,RO,idf,0x0,0x0,0x0,RO,IDF v5.5.3 soc/esp32c3/register/soc/efuse_reg.h:199,
efuse,EFUSE_RD_REPEAT_DATA0,0x030,EFUSE_DIS_FORCE_DOWNLOAD,12,1,RO,idf,0x0,0x0,0x0,RO,IDF v5.5.3 soc/esp32c3/register/soc/efuse_reg.h:206,
efuse,EFUSE_RD_REPEAT_DATA0,0x030,EFUSE_RPT4_RESERVED6,13,1,RO,idf,0x0,0x0,0x0,RO,IDF v5.5.3 soc/esp32c3/register/soc/efuse_reg.h:213,
efuse,EFUSE_RD_REPEAT_DATA0,0x030,EFUSE_DIS_TWAI,14,1,RO,idf,0x0,0x0,0x0,RO,IDF v5.5.3 soc/esp32c3/register/soc/efuse_reg.h:220,
efuse,EFUSE_RD_REPEAT_DATA0,0x030,EFUSE_JTAG_SEL_ENABLE,15,1,RO,idf,0x0,0x0,0x0,RO,IDF v5.5.3 soc/esp32c3/register/soc/efuse_reg.h:227,
efuse,EFUSE_RD_REPEAT_DATA0,0x030,EFUSE_SOFT_DIS_JTAG,16,3,RO,idf,0x0,0x0,0x0,RO,IDF v5.5.3 soc/esp32c3/register/soc/efuse_reg.h:235,
efuse,EFUSE_RD_REPEAT_DATA0,0x030,EFUSE_DIS_PAD_JTAG,19,1,RO,idf,0x0,0x0,0x0,RO,IDF v5.5.3 soc/esp32c3/register/soc/efuse_reg.h:243,
efuse,EFUSE_RD_REPEAT_DATA0,0x030,EFUSE_DIS_DOWNLOAD_MANUAL_ENCRYPT,20,1,RO,idf,0x0,0x0,0x0,RO,IDF v5.5.3 soc/esp32c3/register/soc/efuse_reg.h:250,
efuse,EFUSE_RD_REPEAT_DATA0,0x030,EFUSE_USB_DREFH,21,2,RO,idf,0x0,0x0,0x0,RO,IDF v5.5.3 soc/esp32c3/register/soc/efuse_reg.h:257,
efuse,EFUSE_RD_REPEAT_DATA0,0x030,EFUSE_USB_DREFL,23,2,RO,idf,0x0,0x0,0x0,RO,IDF v5.5.3 soc/esp32c3/register/soc/efuse_reg.h:265,
efuse,EFUSE_RD_REPEAT_DATA0,0x030,EFUSE_USB_EXCHG_PINS,25,1,RO,idf,0x0,0x0,0x0,RO,IDF v5.5.3 soc/esp32c3/register/soc/efuse_reg.h:273,
efuse,EFUSE_RD_REPEAT_DATA0,0x030,EFUSE_VDD_SPI_AS_GPIO,26,1,RO,idf,0x0,0x0,0x0,RO,IDF v5.5.3 soc/esp32c3/register/soc/efuse_reg.h:280,
efuse,EFUSE_RD_REPEAT_DATA0,0x030,EFUSE_BTLC_GPIO_ENABLE,27,2,RO,idf,0x0,0x0,0x0,RO,IDF v5.5.3 soc/esp32c3/register/soc/efuse_reg.h:287,
efuse,EFUSE_RD_REPEAT_DATA0,0x030,EFUSE_POWERGLITCH_EN,29,1,RO,idf,0x0,0x0,0x0,RO,IDF v5.5.3 soc/esp32c3/register/soc/efuse_reg.h:294,
efuse,EFUSE_RD_REPEAT_DATA0,0x030,EFUSE_POWER_GLITCH_DSENSE,30,2,RO,idf,0x0,0x0,0x0,RO,IDF v5.5.3 soc/esp32c3/register/soc/efuse_reg.h:301,
efuse,EFUSE_RD_REPEAT_DATA1,0x034,EFUSE_RPT4_RESERVED2,0,16,RO,idf,0x0,0x0,0x0,RO,IDF v5.5.3 soc/esp32c3/register/soc/efuse_reg.h:313,
efuse,EFUSE_RD_REPEAT_DATA1,0x034,EFUSE_WDT_DELAY_SEL,16,2,RO,idf,0x0,0x0,0x0,RO,IDF v5.5.3 soc/esp32c3/register/soc/efuse_reg.h:320,
efuse,EFUSE_RD_REPEAT_DATA1,0x034,EFUSE_SPI_BOOT_CRYPT_CNT,18,3,RO,idf,0x0,0x0,0x0,RO,IDF v5.5.3 soc/esp32c3/register/soc/efuse_reg.h:328,
efuse,EFUSE_RD_REPEAT_DATA1,0x034,EFUSE_SECURE_BOOT_KEY_REVOKE0,21,1,RO,idf,0x0,0x0,0x0,RO,IDF v5.5.3 soc/esp32c3/register/soc/efuse_reg.h:336,
efuse,EFUSE_RD_REPEAT_DATA1,0x034,EFUSE_SECURE_BOOT_KEY_REVOKE1,22,1,RO,idf,0x0,0x0,0x0,RO,IDF v5.5.3 soc/esp32c3/register/soc/efuse_reg.h:343,
efuse,EFUSE_RD_REPEAT_DATA1,0x034,EFUSE_SECURE_BOOT_KEY_REVOKE2,23,1,RO,idf,0x0,0x0,0x0,RO,IDF v5.5.3 soc/esp32c3/register/soc/efuse_reg.h:350,
efuse,EFUSE_RD_REPEAT_DATA1,0x034,EFUSE_KEY_PURPOSE_0,24,4,RO,idf,0x0,0x0,0x0,RO,IDF v5.5.3 soc/esp32c3/register/soc/efuse_reg.h:357,
efuse,EFUSE_RD_REPEAT_DATA1,0x034,EFUSE_KEY_PURPOSE_1,28,4,RO,idf,0x0,0x0,0x0,RO,IDF v5.5.3 soc/esp32c3/register/soc/efuse_reg.h:364,
efuse,EFUSE_RD_REPEAT_DATA2,0x038,EFUSE_KEY_PURPOSE_2,0,4,RO,idf,0x0,0x0,0x0,RO,IDF v5.5.3 soc/esp32c3/register/soc/efuse_reg.h:376,
efuse,EFUSE_RD_REPEAT_DATA2,0x038,EFUSE_KEY_PURPOSE_3,4,4,RO,idf,0x0,0x0,0x0,RO,IDF v5.5.3 soc/esp32c3/register/soc/efuse_reg.h:383,
efuse,EFUSE_RD_REPEAT_DATA2,0x038,EFUSE_KEY_PURPOSE_4,8,4,RO,idf,0x0,0x0,0x0,RO,IDF v5.5.3 soc/esp32c3/register/soc/efuse_reg.h:390,
efuse,EFUSE_RD_REPEAT_DATA2,0x038,EFUSE_KEY_PURPOSE_5,12,4,RO,idf,0x0,0x0,0x0,RO,IDF v5.5.3 soc/esp32c3/register/soc/efuse_reg.h:397,
efuse,EFUSE_RD_REPEAT_DATA2,0x038,EFUSE_RPT4_RESERVED3,16,4,RO,idf,0x0,0x0,0x0,RO,IDF v5.5.3 soc/esp32c3/register/soc/efuse_reg.h:404,
efuse,EFUSE_RD_REPEAT_DATA2,0x038,EFUSE_SECURE_BOOT_EN,20,1,RO,idf,0x0,0x0,0x0,RO,IDF v5.5.3 soc/esp32c3/register/soc/efuse_reg.h:411,
efuse,EFUSE_RD_REPEAT_DATA2,0x038,EFUSE_SECURE_BOOT_AGGRESSIVE_REVOKE,21,1,RO,idf,0x0,0x0,0x0,RO,IDF v5.5.3 soc/esp32c3/register/soc/efuse_reg.h:418,
efuse,EFUSE_RD_REPEAT_DATA2,0x038,EFUSE_RPT4_RESERVED0,22,6,RO,idf,0x0,0x0,0x0,RO,IDF v5.5.3 soc/esp32c3/register/soc/efuse_reg.h:425,
efuse,EFUSE_RD_REPEAT_DATA2,0x038,EFUSE_FLASH_TPUW,28,4,RO,idf,0x0,0x0,0x0,RO,IDF v5.5.3 soc/esp32c3/register/soc/efuse_reg.h:432,
efuse,EFUSE_RD_REPEAT_DATA3,0x03C,EFUSE_DIS_DOWNLOAD_MODE,0,1,RO,idf,0x0,0x0,0x0,RO,IDF v5.5.3 soc/esp32c3/register/soc/efuse_reg.h:446,
efuse,EFUSE_RD_REPEAT_DATA3,0x03C,EFUSE_DIS_DIRECT_BOOT,1,1,RO,idf,0x0,0x0,0x0,RO,IDF v5.5.3 soc/esp32c3/register/soc/efuse_reg.h:453,
efuse,EFUSE_RD_REPEAT_DATA3,0x03C,EFUSE_DIS_USB_SERIAL_JTAG_ROM_PRINT,2,1,RO,idf,0x0,0x0,0x0,RO,IDF v5.5.3 soc/esp32c3/register/soc/efuse_reg.h:460,
efuse,EFUSE_RD_REPEAT_DATA3,0x03C,EFUSE_FLASH_ECC_MODE,3,1,RO,idf,0x0,0x0,0x0,RO,IDF v5.5.3 soc/esp32c3/register/soc/efuse_reg.h:467,
efuse,EFUSE_RD_REPEAT_DATA3,0x03C,EFUSE_DIS_USB_SERIAL_JTAG_DOWNLOAD_MODE,4,1,RO,idf,0x0,0x0,0x0,RO,IDF v5.5.3 soc/esp32c3/register/soc/efuse_reg.h:475,
efuse,EFUSE_RD_REPEAT_DATA3,0x03C,EFUSE_ENABLE_SECURITY_DOWNLOAD,5,1,RO,idf,0x0,0x0,0x0,RO,IDF v5.5.3 soc/esp32c3/register/soc/efuse_reg.h:482,
efuse,EFUSE_RD_REPEAT_DATA3,0x03C,EFUSE_UART_PRINT_CONTROL,6,2,RO,idf,0x0,0x0,0x0,RO,IDF v5.5.3 soc/esp32c3/register/soc/efuse_reg.h:489,
efuse,EFUSE_RD_REPEAT_DATA3,0x03C,EFUSE_PIN_POWER_SELECTION,8,1,RO,idf,0x0,0x0,0x0,RO,IDF v5.5.3 soc/esp32c3/register/soc/efuse_reg.h:497,
efuse,EFUSE_RD_REPEAT_DATA3,0x03C,EFUSE_FLASH_TYPE,9,1,RO,idf,0x0,0x0,0x0,RO,IDF v5.5.3 soc/esp32c3/register/soc/efuse_reg.h:504,
efuse,EFUSE_RD_REPEAT_DATA3,0x03C,EFUSE_FLASH_PAGE_SIZE,10,2,RO,idf,0x0,0x0,0x0,RO,IDF v5.5.3 soc/esp32c3/register/soc/efuse_reg.h:511,
efuse,EFUSE_RD_REPEAT_DATA3,0x03C,EFUSE_FLASH_ECC_EN,12,1,RO,idf,0x0,0x0,0x0,RO,IDF v5.5.3 soc/esp32c3/register/soc/efuse_reg.h:518,
efuse,EFUSE_RD_REPEAT_DATA3,0x03C,EFUSE_FORCE_SEND_RESUME,13,1,RO,idf,0x0,0x0,0x0,RO,IDF v5.5.3 soc/esp32c3/register/soc/efuse_reg.h:525,
efuse,EFUSE_RD_REPEAT_DATA3,0x03C,EFUSE_SECURE_VERSION,14,16,RO,idf,0x0,0x0,0x0,RO,IDF v5.5.3 soc/esp32c3/register/soc/efuse_reg.h:532,
efuse,EFUSE_RD_REPEAT_DATA3,0x03C,EFUSE_RESERVED_0_158,30,1,RO,UNVERIFIED,0x0,0x0,0x0,R,IDF v5.5.3 soc/esp32c3/register/soc/efuse_reg.h:539,bare R read as RO
efuse,EFUSE_RD_REPEAT_DATA3,0x03C,EFUSE_ERR_RST_ENABLE,31,1,RO,UNVERIFIED,0x0,0x0,0x0,R,IDF v5.5.3 soc/esp32c3/register/soc/efuse_reg.h:546,bare R read as RO
efuse,EFUSE_RD_REPEAT_DATA4,0x040,EFUSE_DISABLE_WAFER_VERSION_MAJOR,0,1,RO,UNVERIFIED,0x0,0x0,0x0,R,IDF v5.5.3 soc/esp32c3/register/soc/efuse_reg.h:558,bare R read as RO
efuse,EFUSE_RD_REPEAT_DATA4,0x040,EFUSE_DISABLE_BLK_VERSION_MAJOR,1,1,RO,UNVERIFIED,0x0,0x0,0x0,R,IDF v5.5.3 soc/esp32c3/register/soc/efuse_reg.h:565,bare R read as RO
efuse,EFUSE_RD_REPEAT_DATA4,0x040,EFUSE_RESERVED_0_162,2,22,RO,UNVERIFIED,0x0,0x0,0x0,R,IDF v5.5.3 soc/esp32c3/register/soc/efuse_reg.h:572,bare R read as RO
efuse,EFUSE_RD_MAC_SPI_SYS_0,0x044,EFUSE_MAC_0,0,32,RO,idf,0x0,0x0,0x0,RO,IDF v5.5.3 soc/esp32c3/register/soc/efuse_reg.h:584,
efuse,EFUSE_RD_MAC_SPI_SYS_1,0x048,EFUSE_MAC_1,0,16,RO,idf,0x0,0x0,0x0,RO,IDF v5.5.3 soc/esp32c3/register/soc/efuse_reg.h:596,
efuse,EFUSE_RD_MAC_SPI_SYS_1,0x048,EFUSE_SPI_PAD_CONFIG_CLK,16,6,RO,UNVERIFIED,0x0,0x0,0x0,R,IDF v5.5.3 soc/esp32c3/register/soc/efuse_reg.h:603,bare R read as RO
efuse,EFUSE_RD_MAC_SPI_SYS_1,0x048,EFUSE_SPI_PAD_CONFIG_Q,22,6,RO,UNVERIFIED,0x0,0x0,0x0,R,IDF v5.5.3 soc/esp32c3/register/soc/efuse_reg.h:610,bare R read as RO
efuse,EFUSE_RD_MAC_SPI_SYS_1,0x048,EFUSE_SPI_PAD_CONFIG_D,28,4,RO,UNVERIFIED,0x0,0x0,0x0,R,IDF v5.5.3 soc/esp32c3/register/soc/efuse_reg.h:617,bare R read as RO
efuse,EFUSE_RD_MAC_SPI_SYS_2,0x04C,EFUSE_SPI_PAD_CONFIG_D_1,0,2,RO,UNVERIFIED,0x0,0x0,0x0,R,IDF v5.5.3 soc/esp32c3/register/soc/efuse_reg.h:629,bare R read as RO
efuse,EFUSE_RD_MAC_SPI_SYS_2,0x04C,EFUSE_SPI_PAD_CONFIG_CS,2,6,RO,UNVERIFIED,0x0,0x0,0x0,R,IDF v5.5.3 soc/esp32c3/register/soc/efuse_reg.h:636,bare R read as RO
efuse,EFUSE_RD_MAC_SPI_SYS_2,0x04C,EFUSE_SPI_PAD_CONFIG_HD,8,6,RO,UNVERIFIED,0x0,0x0,0x0,R,IDF v5.5.3 soc/esp32c3/register/soc/efuse_reg.h:643,bare R read as RO
efuse,EFUSE_RD_MAC_SPI_SYS_2,0x04C,EFUSE_SPI_PAD_CONFIG_WP,14,6,RO,UNVERIFIED,0x0,0x0,0x0,R,IDF v5.5.3 soc/esp32c3/register/soc/efuse_reg.h:650,bare R read as RO
efuse,EFUSE_RD_MAC_SPI_SYS_2,0x04C,EFUSE_SPI_PAD_CONFIG_DQS,20,6,RO,UNVERIFIED,0x0,0x0,0x0,R,IDF v5.5.3 soc/esp32c3/register/soc/efuse_reg.h:657,bare R read as RO
efuse,EFUSE_RD_MAC_SPI_SYS_2,0x04C,EFUSE_SPI_PAD_CONFIG_D4,26,6,RO,UNVERIFIED,0x0,0x0,0x0,R,IDF v5.5.3 soc/esp32c3/register/soc/efuse_reg.h:664,bare R read as RO
efuse,EFUSE_RD_MAC_SPI_SYS_3,0x050,EFUSE_SPI_PAD_CONFIG_D5,0,6,RO,UNVERIFIED,0x0,0x0,0x0,R,IDF v5.5.3 soc/esp32c3/register/soc/efuse_reg.h:676,bare R read as RO
efuse,EFUSE_RD_MAC_SPI_SYS_3,0x050,EFUSE_SPI_PAD_CONFIG_D6,6,6,RO,UNVERIFIED,0x0,0x0,0x0,R,IDF v5.5.3 soc/esp32c3/register/soc/efuse_reg.h:683,bare R read as RO
efuse,EFUSE_RD_MAC_SPI_SYS_3,0x050,EFUSE_SPI_PAD_CONFIG_D7,12,6,RO,UNVERIFIED,0x0,0x0,0x0,R,IDF v5.5.3 soc/esp32c3/register/soc/efuse_reg.h:690,bare R read as RO
efuse,EFUSE_RD_MAC_SPI_SYS_3,0x050,EFUSE_WAFER_VERSION_MINOR_LO,18,3,RO,UNVERIFIED,0x0,0x0,0x0,R,IDF v5.5.3 soc/esp32c3/register/soc/efuse_reg.h:697,bare R read as RO
efuse,EFUSE_RD_MAC_SPI_SYS_3,0x050,EFUSE_PKG_VERSION,21,3,RO,UNVERIFIED,0x0,0x0,0x0,R,IDF v5.5.3 soc/esp32c3/register/soc/efuse_reg.h:704,bare R read as RO
efuse,EFUSE_RD_MAC_SPI_SYS_3,0x050,EFUSE_BLK_VERSION_MINOR,24,3,RO,UNVERIFIED,0x0,0x0,0x0,R,IDF v5.5.3 soc/esp32c3/register/soc/efuse_reg.h:711,bare R read as RO
efuse,EFUSE_RD_MAC_SPI_SYS_3,0x050,EFUSE_FLASH_CAP,27,3,RO,UNVERIFIED,0x0,0x0,0x0,R,IDF v5.5.3 soc/esp32c3/register/soc/efuse_reg.h:718,bare R read as RO
efuse,EFUSE_RD_MAC_SPI_SYS_3,0x050,EFUSE_FLASH_TEMP,30,2,RO,UNVERIFIED,0x0,0x0,0x0,R,IDF v5.5.3 soc/esp32c3/register/soc/efuse_reg.h:725,bare R read as RO
efuse,EFUSE_RD_MAC_SPI_SYS_4,0x054,EFUSE_FLASH_VENDOR,0,3,RO,UNVERIFIED,0x0,0x0,0x0,R,IDF v5.5.3 soc/esp32c3/register/soc/efuse_reg.h:737,bare R read as RO
efuse,EFUSE_RD_MAC_SPI_SYS_4,0x054,EFUSE_RESERVED_1_131,3,4,RO,UNVERIFIED,0x0,0x0,0x0,R,IDF v5.5.3 soc/esp32c3/register/soc/efuse_reg.h:744,bare R read as RO
efuse,EFUSE_RD_MAC_SPI_SYS_4,0x054,EFUSE_K_RTC_LDO,7,7,RO,UNVERIFIED,0x0,0x0,0x0,R,IDF v5.5.3 soc/esp32c3/register/soc/efuse_reg.h:751,bare R read as RO
efuse,EFUSE_RD_MAC_SPI_SYS_4,0x054,EFUSE_K_DIG_LDO,14,7,RO,UNVERIFIED,0x0,0x0,0x0,R,IDF v5.5.3 soc/esp32c3/register/soc/efuse_reg.h:758,bare R read as RO
efuse,EFUSE_RD_MAC_SPI_SYS_4,0x054,EFUSE_V_RTC_DBIAS20,21,8,RO,UNVERIFIED,0x0,0x0,0x0,R,IDF v5.5.3 soc/esp32c3/register/soc/efuse_reg.h:765,bare R read as RO
efuse,EFUSE_RD_MAC_SPI_SYS_4,0x054,EFUSE_V_DIG_DBIAS20,29,3,RO,UNVERIFIED,0x0,0x0,0x0,R,IDF v5.5.3 soc/esp32c3/register/soc/efuse_reg.h:772,bare R read as RO
efuse,EFUSE_RD_MAC_SPI_SYS_5,0x058,EFUSE_V_DIG_DBIAS20_1,0,5,RO,UNVERIFIED,0x0,0x0,0x0,R,IDF v5.5.3 soc/esp32c3/register/soc/efuse_reg.h:784,bare R read as RO
efuse,EFUSE_RD_MAC_SPI_SYS_5,0x058,EFUSE_DIG_DBIAS_HVT,5,5,RO,UNVERIFIED,0x0,0x0,0x0,R,IDF v5.5.3 soc/esp32c3/register/soc/efuse_reg.h:791,bare R read as RO
efuse,EFUSE_RD_MAC_SPI_SYS_5,0x058,EFUSE_THRES_HVT,10,10,RO,UNVERIFIED,0x0,0x0,0x0,R,IDF v5.5.3 soc/esp32c3/register/soc/efuse_reg.h:798,bare R read as RO
efuse,EFUSE_RD_MAC_SPI_SYS_5,0x058,EFUSE_RESERVED_1_180,20,3,RO,UNVERIFIED,0x0,0x0,0x0,R,IDF v5.5.3 soc/esp32c3/register/soc/efuse_reg.h:805,bare R read as RO
efuse,EFUSE_RD_MAC_SPI_SYS_5,0x058,EFUSE_WAFER_VERSION_MINOR_HI,23,1,RO,UNVERIFIED,0x0,0x0,0x0,R,IDF v5.5.3 soc/esp32c3/register/soc/efuse_reg.h:812,bare R read as RO
efuse,EFUSE_RD_MAC_SPI_SYS_5,0x058,EFUSE_WAFER_VERSION_MAJOR,24,2,RO,UNVERIFIED,0x0,0x0,0x0,R,IDF v5.5.3 soc/esp32c3/register/soc/efuse_reg.h:819,bare R read as RO
efuse,EFUSE_RD_MAC_SPI_SYS_5,0x058,EFUSE_RESERVED_1_186,26,6,RO,UNVERIFIED,0x0,0x0,0x0,R,IDF v5.5.3 soc/esp32c3/register/soc/efuse_reg.h:826,bare R read as RO
efuse,EFUSE_RD_SYS_PART1_DATA0,0x05C,EFUSE_OPTIONAL_UNIQUE_ID,0,32,RO,UNVERIFIED,0x0,0x0,0x0,R,IDF v5.5.3 soc/esp32c3/register/soc/efuse_reg.h:838,bare R read as RO
efuse,EFUSE_RD_SYS_PART1_DATA1,0x060,EFUSE_OPTIONAL_UNIQUE_ID_1,0,32,RO,UNVERIFIED,0x0,0x0,0x0,R,IDF v5.5.3 soc/esp32c3/register/soc/efuse_reg.h:850,bare R read as RO
efuse,EFUSE_RD_SYS_PART1_DATA2,0x064,EFUSE_OPTIONAL_UNIQUE_ID_2,0,32,RO,UNVERIFIED,0x0,0x0,0x0,R,IDF v5.5.3 soc/esp32c3/register/soc/efuse_reg.h:862,bare R read as RO
efuse,EFUSE_RD_SYS_PART1_DATA3,0x068,EFUSE_OPTIONAL_UNIQUE_ID_3,0,32,RO,UNVERIFIED,0x0,0x0,0x0,R,IDF v5.5.3 soc/esp32c3/register/soc/efuse_reg.h:874,bare R read as RO
efuse,EFUSE_RD_SYS_PART1_DATA4,0x06C,EFUSE_BLK_VERSION_MAJOR,0,2,RO,UNVERIFIED,0x0,0x0,0x0,R,IDF v5.5.3 soc/esp32c3/register/soc/efuse_reg.h:886,bare R read as RO
efuse,EFUSE_RD_SYS_PART1_DATA4,0x06C,EFUSE_RESERVED_2_130,2,1,RO,UNVERIFIED,0x0,0x0,0x0,R,IDF v5.5.3 soc/esp32c3/register/soc/efuse_reg.h:893,bare R read as RO
efuse,EFUSE_RD_SYS_PART1_DATA4,0x06C,EFUSE_TEMP_CALIB,3,9,RO,UNVERIFIED,0x0,0x0,0x0,R,IDF v5.5.3 soc/esp32c3/register/soc/efuse_reg.h:900,bare R read as RO
efuse,EFUSE_RD_SYS_PART1_DATA4,0x06C,EFUSE_OCODE,12,8,RO,UNVERIFIED,0x0,0x0,0x0,R,IDF v5.5.3 soc/esp32c3/register/soc/efuse_reg.h:907,bare R read as RO
efuse,EFUSE_RD_SYS_PART1_DATA4,0x06C,EFUSE_ADC1_INIT_CODE_ATTEN0,20,10,RO,UNVERIFIED,0x0,0x0,0x0,R,IDF v5.5.3 soc/esp32c3/register/soc/efuse_reg.h:914,bare R read as RO
efuse,EFUSE_RD_SYS_PART1_DATA4,0x06C,EFUSE_ADC1_INIT_CODE_ATTEN1,30,2,RO,UNVERIFIED,0x0,0x0,0x0,R,IDF v5.5.3 soc/esp32c3/register/soc/efuse_reg.h:921,bare R read as RO
efuse,EFUSE_RD_SYS_PART1_DATA5,0x070,EFUSE_ADC1_INIT_CODE_ATTEN1_1,0,8,RO,UNVERIFIED,0x0,0x0,0x0,R,IDF v5.5.3 soc/esp32c3/register/soc/efuse_reg.h:933,bare R read as RO
efuse,EFUSE_RD_SYS_PART1_DATA5,0x070,EFUSE_ADC1_INIT_CODE_ATTEN2,8,10,RO,UNVERIFIED,0x0,0x0,0x0,R,IDF v5.5.3 soc/esp32c3/register/soc/efuse_reg.h:940,bare R read as RO
efuse,EFUSE_RD_SYS_PART1_DATA5,0x070,EFUSE_ADC1_INIT_CODE_ATTEN3,18,10,RO,UNVERIFIED,0x0,0x0,0x0,R,IDF v5.5.3 soc/esp32c3/register/soc/efuse_reg.h:947,bare R read as RO
efuse,EFUSE_RD_SYS_PART1_DATA5,0x070,EFUSE_ADC1_CAL_VOL_ATTEN0,28,4,RO,UNVERIFIED,0x0,0x0,0x0,R,IDF v5.5.3 soc/esp32c3/register/soc/efuse_reg.h:954,bare R read as RO
efuse,EFUSE_RD_SYS_PART1_DATA6,0x074,EFUSE_ADC1_CAL_VOL_ATTEN0_1,0,6,RO,UNVERIFIED,0x0,0x0,0x0,R,IDF v5.5.3 soc/esp32c3/register/soc/efuse_reg.h:966,bare R read as RO
efuse,EFUSE_RD_SYS_PART1_DATA6,0x074,EFUSE_ADC1_CAL_VOL_ATTEN1,6,10,RO,UNVERIFIED,0x0,0x0,0x0,R,IDF v5.5.3 soc/esp32c3/register/soc/efuse_reg.h:973,bare R read as RO
efuse,EFUSE_RD_SYS_PART1_DATA6,0x074,EFUSE_ADC1_CAL_VOL_ATTEN2,16,10,RO,UNVERIFIED,0x0,0x0,0x0,R,IDF v5.5.3 soc/esp32c3/register/soc/efuse_reg.h:980,bare R read as RO
efuse,EFUSE_RD_SYS_PART1_DATA6,0x074,EFUSE_ADC1_CAL_VOL_ATTEN3,26,6,RO,UNVERIFIED,0x0,0x0,0x0,R,IDF v5.5.3 soc/esp32c3/register/soc/efuse_reg.h:987,bare R read as RO
efuse,EFUSE_RD_SYS_PART1_DATA7,0x078,EFUSE_ADC1_CAL_VOL_ATTEN3_1,0,4,RO,UNVERIFIED,0x0,0x0,0x0,R,IDF v5.5.3 soc/esp32c3/register/soc/efuse_reg.h:999,bare R read as RO
efuse,EFUSE_RD_SYS_PART1_DATA7,0x078,EFUSE_RESERVED_2_228,4,28,RO,UNVERIFIED,0x0,0x0,0x0,R,IDF v5.5.3 soc/esp32c3/register/soc/efuse_reg.h:1006,bare R read as RO
efuse,EFUSE_RD_USR_DATA0,0x07C,EFUSE_USR_DATA0,0,32,RO,idf,0x0,0x0,0x0,RO,IDF v5.5.3 soc/esp32c3/register/soc/efuse_reg.h:1018,
efuse,EFUSE_RD_USR_DATA1,0x080,EFUSE_USR_DATA1,0,32,RO,idf,0x0,0x0,0x0,RO,IDF v5.5.3 soc/esp32c3/register/soc/efuse_reg.h:1030,
efuse,EFUSE_RD_USR_DATA2,0x084,EFUSE_USR_DATA2,0,32,RO,idf,0x0,0x0,0x0,RO,IDF v5.5.3 soc/esp32c3/register/soc/efuse_reg.h:1042,
efuse,EFUSE_RD_USR_DATA3,0x088,EFUSE_USR_DATA3,0,32,RO,idf,0x0,0x0,0x0,RO,IDF v5.5.3 soc/esp32c3/register/soc/efuse_reg.h:1054,
efuse,EFUSE_RD_USR_DATA4,0x08C,EFUSE_USR_DATA4,0,32,RO,idf,0x0,0x0,0x0,RO,IDF v5.5.3 soc/esp32c3/register/soc/efuse_reg.h:1066,
efuse,EFUSE_RD_USR_DATA5,0x090,EFUSE_USR_DATA5,0,32,RO,idf,0x0,0x0,0x0,RO,IDF v5.5.3 soc/esp32c3/register/soc/efuse_reg.h:1078,
efuse,EFUSE_RD_USR_DATA6,0x094,EFUSE_RESERVED_3_192,0,8,RO,UNVERIFIED,0x0,0x0,0x0,R,IDF v5.5.3 soc/esp32c3/register/soc/efuse_reg.h:1090,bare R read as RO
efuse,EFUSE_RD_USR_DATA6,0x094,EFUSE_CUSTOM_MAC,8,24,RO,UNVERIFIED,0x0,0x0,0x0,R,IDF v5.5.3 soc/esp32c3/register/soc/efuse_reg.h:1097,bare R read as RO
efuse,EFUSE_RD_USR_DATA7,0x098,EFUSE_CUSTOM_MAC_1,0,24,RO,UNVERIFIED,0x0,0x0,0x0,R,IDF v5.5.3 soc/esp32c3/register/soc/efuse_reg.h:1109,bare R read as RO
efuse,EFUSE_RD_USR_DATA7,0x098,EFUSE_RESERVED_3_248,24,8,RO,UNVERIFIED,0x0,0x0,0x0,R,IDF v5.5.3 soc/esp32c3/register/soc/efuse_reg.h:1116,bare R read as RO
efuse,EFUSE_RD_KEY0_DATA0,0x09C,EFUSE_KEY0_DATA0,0,32,RO,idf,0x0,0x0,0x0,RO,IDF v5.5.3 soc/esp32c3/register/soc/efuse_reg.h:1128,
efuse,EFUSE_RD_KEY0_DATA1,0x0A0,EFUSE_KEY0_DATA1,0,32,RO,idf,0x0,0x0,0x0,RO,IDF v5.5.3 soc/esp32c3/register/soc/efuse_reg.h:1140,
efuse,EFUSE_RD_KEY0_DATA2,0x0A4,EFUSE_KEY0_DATA2,0,32,RO,idf,0x0,0x0,0x0,RO,IDF v5.5.3 soc/esp32c3/register/soc/efuse_reg.h:1152,
efuse,EFUSE_RD_KEY0_DATA3,0x0A8,EFUSE_KEY0_DATA3,0,32,RO,idf,0x0,0x0,0x0,RO,IDF v5.5.3 soc/esp32c3/register/soc/efuse_reg.h:1164,
efuse,EFUSE_RD_KEY0_DATA4,0x0AC,EFUSE_KEY0_DATA4,0,32,RO,idf,0x0,0x0,0x0,RO,IDF v5.5.3 soc/esp32c3/register/soc/efuse_reg.h:1176,
efuse,EFUSE_RD_KEY0_DATA5,0x0B0,EFUSE_KEY0_DATA5,0,32,RO,idf,0x0,0x0,0x0,RO,IDF v5.5.3 soc/esp32c3/register/soc/efuse_reg.h:1188,
efuse,EFUSE_RD_KEY0_DATA6,0x0B4,EFUSE_KEY0_DATA6,0,32,RO,idf,0x0,0x0,0x0,RO,IDF v5.5.3 soc/esp32c3/register/soc/efuse_reg.h:1200,
efuse,EFUSE_RD_KEY0_DATA7,0x0B8,EFUSE_KEY0_DATA7,0,32,RO,idf,0x0,0x0,0x0,RO,IDF v5.5.3 soc/esp32c3/register/soc/efuse_reg.h:1212,
efuse,EFUSE_RD_KEY1_DATA0,0x0BC,EFUSE_KEY1_DATA0,0,32,RO,idf,0x0,0x0,0x0,RO,IDF v5.5.3 soc/esp32c3/register/soc/efuse_reg.h:1224,
efuse,EFUSE_RD_KEY1_DATA1,0x0C0,EFUSE_KEY1_DATA1,0,32,RO,idf,0x0,0x0,0x0,RO,IDF v5.5.3 soc/esp32c3/register/soc/efuse_reg.h:1236,
efuse,EFUSE_RD_KEY1_DATA2,0x0C4,EFUSE_KEY1_DATA2,0,32,RO,idf,0x0,0x0,0x0,RO,IDF v5.5.3 soc/esp32c3/register/soc/efuse_reg.h:1248,
efuse,EFUSE_RD_KEY1_DATA3,0x0C8,EFUSE_KEY1_DATA3,0,32,RO,idf,0x0,0x0,0x0,RO,IDF v5.5.3 soc/esp32c3/register/soc/efuse_reg.h:1260,
efuse,EFUSE_RD_KEY1_DATA4,0x0CC,EFUSE_KEY1_DATA4,0,32,RO,idf,0x0,0x0,0x0,RO,IDF v5.5.3 soc/esp32c3/register/soc/efuse_reg.h:1272,
efuse,EFUSE_RD_KEY1_DATA5,0x0D0,EFUSE_KEY1_DATA5,0,32,RO,idf,0x0,0x0,0x0,RO,IDF v5.5.3 soc/esp32c3/register/soc/efuse_reg.h:1284,
efuse,EFUSE_RD_KEY1_DATA6,0x0D4,EFUSE_KEY1_DATA6,0,32,RO,idf,0x0,0x0,0x0,RO,IDF v5.5.3 soc/esp32c3/register/soc/efuse_reg.h:1296,
efuse,EFUSE_RD_KEY1_DATA7,0x0D8,EFUSE_KEY1_DATA7,0,32,RO,idf,0x0,0x0,0x0,RO,IDF v5.5.3 soc/esp32c3/register/soc/efuse_reg.h:1308,
efuse,EFUSE_RD_KEY2_DATA0,0x0DC,EFUSE_KEY2_DATA0,0,32,RO,idf,0x0,0x0,0x0,RO,IDF v5.5.3 soc/esp32c3/register/soc/efuse_reg.h:1320,
efuse,EFUSE_RD_KEY2_DATA1,0x0E0,EFUSE_KEY2_DATA1,0,32,RO,idf,0x0,0x0,0x0,RO,IDF v5.5.3 soc/esp32c3/register/soc/efuse_reg.h:1332,
efuse,EFUSE_RD_KEY2_DATA2,0x0E4,EFUSE_KEY2_DATA2,0,32,RO,idf,0x0,0x0,0x0,RO,IDF v5.5.3 soc/esp32c3/register/soc/efuse_reg.h:1344,
efuse,EFUSE_RD_KEY2_DATA3,0x0E8,EFUSE_KEY2_DATA3,0,32,RO,idf,0x0,0x0,0x0,RO,IDF v5.5.3 soc/esp32c3/register/soc/efuse_reg.h:1356,
efuse,EFUSE_RD_KEY2_DATA4,0x0EC,EFUSE_KEY2_DATA4,0,32,RO,idf,0x0,0x0,0x0,RO,IDF v5.5.3 soc/esp32c3/register/soc/efuse_reg.h:1368,
efuse,EFUSE_RD_KEY2_DATA5,0x0F0,EFUSE_KEY2_DATA5,0,32,RO,idf,0x0,0x0,0x0,RO,IDF v5.5.3 soc/esp32c3/register/soc/efuse_reg.h:1380,
efuse,EFUSE_RD_KEY2_DATA6,0x0F4,EFUSE_KEY2_DATA6,0,32,RO,idf,0x0,0x0,0x0,RO,IDF v5.5.3 soc/esp32c3/register/soc/efuse_reg.h:1392,
efuse,EFUSE_RD_KEY2_DATA7,0x0F8,EFUSE_KEY2_DATA7,0,32,RO,idf,0x0,0x0,0x0,RO,IDF v5.5.3 soc/esp32c3/register/soc/efuse_reg.h:1404,
efuse,EFUSE_RD_KEY3_DATA0,0x0FC,EFUSE_KEY3_DATA0,0,32,RO,idf,0x0,0x0,0x0,RO,IDF v5.5.3 soc/esp32c3/register/soc/efuse_reg.h:1416,
efuse,EFUSE_RD_KEY3_DATA1,0x100,EFUSE_KEY3_DATA1,0,32,RO,idf,0x0,0x0,0x0,RO,IDF v5.5.3 soc/esp32c3/register/soc/efuse_reg.h:1428,
efuse,EFUSE_RD_KEY3_DATA2,0x104,EFUSE_KEY3_DATA2,0,32,RO,idf,0x0,0x0,0x0,RO,IDF v5.5.3 soc/esp32c3/register/soc/efuse_reg.h:1440,
efuse,EFUSE_RD_KEY3_DATA3,0x108,EFUSE_KEY3_DATA3,0,32,RO,idf,0x0,0x0,0x0,RO,IDF v5.5.3 soc/esp32c3/register/soc/efuse_reg.h:1452,
efuse,EFUSE_RD_KEY3_DATA4,0x10C,EFUSE_KEY3_DATA4,0,32,RO,idf,0x0,0x0,0x0,RO,IDF v5.5.3 soc/esp32c3/register/soc/efuse_reg.h:1464,
efuse,EFUSE_RD_KEY3_DATA5,0x110,EFUSE_KEY3_DATA5,0,32,RO,idf,0x0,0x0,0x0,RO,IDF v5.5.3 soc/esp32c3/register/soc/efuse_reg.h:1476,
efuse,EFUSE_RD_KEY3_DATA6,0x114,EFUSE_KEY3_DATA6,0,32,RO,idf,0x0,0x0,0x0,RO,IDF v5.5.3 soc/esp32c3/register/soc/efuse_reg.h:1488,
efuse,EFUSE_RD_KEY3_DATA7,0x118,EFUSE_KEY3_DATA7,0,32,RO,idf,0x0,0x0,0x0,RO,IDF v5.5.3 soc/esp32c3/register/soc/efuse_reg.h:1500,
efuse,EFUSE_RD_KEY4_DATA0,0x11C,EFUSE_KEY4_DATA0,0,32,RO,idf,0x0,0x0,0x0,RO,IDF v5.5.3 soc/esp32c3/register/soc/efuse_reg.h:1512,
efuse,EFUSE_RD_KEY4_DATA1,0x120,EFUSE_KEY4_DATA1,0,32,RO,idf,0x0,0x0,0x0,RO,IDF v5.5.3 soc/esp32c3/register/soc/efuse_reg.h:1524,
efuse,EFUSE_RD_KEY4_DATA2,0x124,EFUSE_KEY4_DATA2,0,32,RO,idf,0x0,0x0,0x0,RO,IDF v5.5.3 soc/esp32c3/register/soc/efuse_reg.h:1536,
efuse,EFUSE_RD_KEY4_DATA3,0x128,EFUSE_KEY4_DATA3,0,32,RO,idf,0x0,0x0,0x0,RO,IDF v5.5.3 soc/esp32c3/register/soc/efuse_reg.h:1548,
efuse,EFUSE_RD_KEY4_DATA4,0x12C,EFUSE_KEY4_DATA4,0,32,RO,idf,0x0,0x0,0x0,RO,IDF v5.5.3 soc/esp32c3/register/soc/efuse_reg.h:1560,
efuse,EFUSE_RD_KEY4_DATA5,0x130,EFUSE_KEY4_DATA5,0,32,RO,idf,0x0,0x0,0x0,RO,IDF v5.5.3 soc/esp32c3/register/soc/efuse_reg.h:1572,
efuse,EFUSE_RD_KEY4_DATA6,0x134,EFUSE_KEY4_DATA6,0,32,RO,idf,0x0,0x0,0x0,RO,IDF v5.5.3 soc/esp32c3/register/soc/efuse_reg.h:1584,
efuse,EFUSE_RD_KEY4_DATA7,0x138,EFUSE_KEY4_DATA7,0,32,RO,idf,0x0,0x0,0x0,RO,IDF v5.5.3 soc/esp32c3/register/soc/efuse_reg.h:1596,
efuse,EFUSE_RD_KEY5_DATA0,0x13C,EFUSE_KEY5_DATA0,0,32,RO,idf,0x0,0x0,0x0,RO,IDF v5.5.3 soc/esp32c3/register/soc/efuse_reg.h:1608,
efuse,EFUSE_RD_KEY5_DATA1,0x140,EFUSE_KEY5_DATA1,0,32,RO,idf,0x0,0x0,0x0,RO,IDF v5.5.3 soc/esp32c3/register/soc/efuse_reg.h:1620,
efuse,EFUSE_RD_KEY5_DATA2,0x144,EFUSE_KEY5_DATA2,0,32,RO,idf,0x0,0x0,0x0,RO,IDF v5.5.3 soc/esp32c3/register/soc/efuse_reg.h:1632,
efuse,EFUSE_RD_KEY5_DATA3,0x148,EFUSE_KEY5_DATA3,0,32,RO,idf,0x0,0x0,0x0,RO,IDF v5.5.3 soc/esp32c3/register/soc/efuse_reg.h:1644,
efuse,EFUSE_RD_KEY5_DATA4,0x14C,EFUSE_KEY5_DATA4,0,32,RO,idf,0x0,0x0,0x0,RO,IDF v5.5.3 soc/esp32c3/register/soc/efuse_reg.h:1656,
efuse,EFUSE_RD_KEY5_DATA5,0x150,EFUSE_KEY5_DATA5,0,32,RO,idf,0x0,0x0,0x0,RO,IDF v5.5.3 soc/esp32c3/register/soc/efuse_reg.h:1668,
efuse,EFUSE_RD_KEY5_DATA6,0x154,EFUSE_KEY5_DATA6,0,32,RO,idf,0x0,0x0,0x0,RO,IDF v5.5.3 soc/esp32c3/register/soc/efuse_reg.h:1680,
efuse,EFUSE_RD_KEY5_DATA7,0x158,EFUSE_KEY5_DATA7,0,32,RO,idf,0x0,0x0,0x0,RO,IDF v5.5.3 soc/esp32c3/register/soc/efuse_reg.h:1692,
efuse,EFUSE_RD_SYS_PART2_DATA0,0x15C,EFUSE_SYS_DATA_PART2_0,0,32,RO,idf,0x0,0x0,0x0,RO,IDF v5.5.3 soc/esp32c3/register/soc/efuse_reg.h:1704,
efuse,EFUSE_RD_SYS_PART2_DATA1,0x160,EFUSE_SYS_DATA_PART2_1,0,32,RO,idf,0x0,0x0,0x0,RO,IDF v5.5.3 soc/esp32c3/register/soc/efuse_reg.h:1716,
efuse,EFUSE_RD_SYS_PART2_DATA2,0x164,EFUSE_SYS_DATA_PART2_2,0,32,RO,idf,0x0,0x0,0x0,RO,IDF v5.5.3 soc/esp32c3/register/soc/efuse_reg.h:1728,
efuse,EFUSE_RD_SYS_PART2_DATA3,0x168,EFUSE_SYS_DATA_PART2_3,0,32,RO,idf,0x0,0x0,0x0,RO,IDF v5.5.3 soc/esp32c3/register/soc/efuse_reg.h:1740,
efuse,EFUSE_RD_SYS_PART2_DATA4,0x16C,EFUSE_SYS_DATA_PART2_4,0,32,RO,idf,0x0,0x0,0x0,RO,IDF v5.5.3 soc/esp32c3/register/soc/efuse_reg.h:1752,
efuse,EFUSE_RD_SYS_PART2_DATA5,0x170,EFUSE_SYS_DATA_PART2_5,0,32,RO,idf,0x0,0x0,0x0,RO,IDF v5.5.3 soc/esp32c3/register/soc/efuse_reg.h:1764,
efuse,EFUSE_RD_SYS_PART2_DATA6,0x174,EFUSE_SYS_DATA_PART2_6,0,32,RO,idf,0x0,0x0,0x0,RO,IDF v5.5.3 soc/esp32c3/register/soc/efuse_reg.h:1776,
efuse,EFUSE_RD_SYS_PART2_DATA7,0x178,EFUSE_SYS_DATA_PART2_7,0,32,RO,idf,0x0,0x0,0x0,RO,IDF v5.5.3 soc/esp32c3/register/soc/efuse_reg.h:1788,
efuse,EFUSE_RD_REPEAT_ERR0,0x17C,EFUSE_RD_DIS_ERR,0,7,RO,idf,0x0,0x0,0x0,RO,IDF v5.5.3 soc/esp32c3/register/soc/efuse_reg.h:1800,
efuse,EFUSE_RD_REPEAT_ERR0,0x17C,EFUSE_DIS_RTC_RAM_BOOT_ERR,7,1,RO,idf,0x0,0x0,0x0,RO,IDF v5.5.3 soc/esp32c3/register/soc/efuse_reg.h:1807,
efuse,EFUSE_RD_REPEAT_ERR0,0x17C,EFUSE_DIS_ICACHE_ERR,8,1,RO,idf,0x0,0x0,0x0,RO,IDF v5.5.3 soc/esp32c3/register/soc/efuse_reg.h:1814,
efuse,EFUSE_RD_REPEAT_ERR0,0x17C,EFUSE_DIS_USB_JTAG_ERR,9,1,RO,idf,0x0,0x0,0x0,RO,IDF v5.5.3 soc/esp32c3/register/soc/efuse_reg.h:1821,
efuse,EFUSE_RD_REPEAT_ERR0,0x17C,EFUSE_DIS_DOWNLOAD_ICACHE_ERR,10,1,RO,idf,0x0,0x0,0x0,RO,IDF v5.5.3 soc/esp32c3/register/soc/efuse_reg.h:1828,
efuse,EFUSE_RD_REPEAT_ERR0,0x17C,EFUSE_DIS_USB_DEVICE_ERR,11,1,RO,idf,0x0,0x0,0x0,RO,IDF v5.5.3 soc/esp32c3/register/soc/efuse_reg.h:1835,
efuse,EFUSE_RD_REPEAT_ERR0,0x17C,EFUSE_DIS_FORCE_DOWNLOAD_ERR,12,1,RO,idf,0x0,0x0,0x0,RO,IDF v5.5.3 soc/esp32c3/register/soc/efuse_reg.h:1842,
efuse,EFUSE_RD_REPEAT_ERR0,0x17C,EFUSE_RPT4_RESERVED6_ERR,13,1,RO,idf,0x0,0x0,0x0,RO,IDF v5.5.3 soc/esp32c3/register/soc/efuse_reg.h:1849,
efuse,EFUSE_RD_REPEAT_ERR0,0x17C,EFUSE_DIS_CAN_ERR,14,1,RO,idf,0x0,0x0,0x0,RO,IDF v5.5.3 soc/esp32c3/register/soc/efuse_reg.h:1856,
efuse,EFUSE_RD_REPEAT_ERR0,0x17C,EFUSE_JTAG_SEL_ENABLE_ERR,15,1,RO,idf,0x0,0x0,0x0,RO,IDF v5.5.3 soc/esp32c3/register/soc/efuse_reg.h:1863,
efuse,EFUSE_RD_REPEAT_ERR0,0x17C,EFUSE_SOFT_DIS_JTAG_ERR,16,3,RO,idf,0x0,0x0,0x0,RO,IDF v5.5.3 soc/esp32c3/register/soc/efuse_reg.h:1870,
efuse,EFUSE_RD_REPEAT_ERR0,0x17C,EFUSE_DIS_PAD_JTAG_ERR,19,1,RO,idf,0x0,0x0,0x0,RO,IDF v5.5.3 soc/esp32c3/register/soc/efuse_reg.h:1877,
efuse,EFUSE_RD_REPEAT_ERR0,0x17C,EFUSE_DIS_DOWNLOAD_MANUAL_ENCRYPT_ERR,20,1,RO,idf,0x0,0x0,0x0,RO,IDF v5.5.3 soc/esp32c3/register/soc/efuse_reg.h:1884,
efuse,EFUSE_RD_REPEAT_ERR0,0x17C,EFUSE_USB_DREFH_ERR,21,2,RO,idf,0x0,0x0,0x0,RO,IDF v5.5.3 soc/esp32c3/register/soc/efuse_reg.h:1891,
efuse,EFUSE_RD_REPEAT_ERR0,0x17C,EFUSE_USB_DREFL_ERR,23,2,RO,idf,0x0,0x0,0x0,RO,IDF v5.5.3 soc/esp32c3/register/soc/efuse_reg.h:1898,
efuse,EFUSE_RD_REPEAT_ERR0,0x17C,EFUSE_USB_EXCHG_PINS_ERR,25,1,RO,idf,0x0,0x0,0x0,RO,IDF v5.5.3 soc/esp32c3/register/soc/efuse_reg.h:1905,
efuse,EFUSE_RD_REPEAT_ERR0,0x17C,EFUSE_VDD_SPI_AS_GPIO_ERR,26,1,RO,idf,0x0,0x0,0x0,RO,IDF v5.5.3 soc/esp32c3/register/soc/efuse_reg.h:1912,
efuse,EFUSE_RD_REPEAT_ERR0,0x17C,EFUSE_BTLC_GPIO_ENABLE_ERR,27,2,RO,idf,0x0,0x0,0x0,RO,IDF v5.5.3 soc/esp32c3/register/soc/efuse_reg.h:1919,
efuse,EFUSE_RD_REPEAT_ERR0,0x17C,EFUSE_POWERGLITCH_EN_ERR,29,1,RO,idf,0x0,0x0,0x0,RO,IDF v5.5.3 soc/esp32c3/register/soc/efuse_reg.h:1926,
efuse,EFUSE_RD_REPEAT_ERR0,0x17C,EFUSE_POWER_GLITCH_DSENSE_ERR,30,2,RO,idf,0x0,0x0,0x0,RO,IDF v5.5.3 soc/esp32c3/register/soc/efuse_reg.h:1933,
efuse,EFUSE_RD_REPEAT_ERR1,0x180,EFUSE_RPT4_RESERVED2_ERR,0,16,RO,idf,0x0,0x0,0x0,RO,IDF v5.5.3 soc/esp32c3/register/soc/efuse_reg.h:1945,
efuse,EFUSE_RD_REPEAT_ERR1,0x180,EFUSE_WDT_DELAY_SEL_ERR,16,2,RO,idf,0x0,0x0,0x0,RO,IDF v5.5.3 soc/esp32c3/register/soc/efuse_reg.h:1952,
efuse,EFUSE_RD_REPEAT_ERR1,0x180,EFUSE_SPI_BOOT_CRYPT_CNT_ERR,18,3,RO,idf,0x0,0x0,0x0,RO,IDF v5.5.3 soc/esp32c3/register/soc/efuse_reg.h:1959,
efuse,EFUSE_RD_REPEAT_ERR1,0x180,EFUSE_SECURE_BOOT_KEY_REVOKE0_ERR,21,1,RO,idf,0x0,0x0,0x0,RO,IDF v5.5.3 soc/esp32c3/register/soc/efuse_reg.h:1966,
efuse,EFUSE_RD_REPEAT_ERR1,0x180,EFUSE_SECURE_BOOT_KEY_REVOKE1_ERR,22,1,RO,idf,0x0,0x0,0x0,RO,IDF v5.5.3 soc/esp32c3/register/soc/efuse_reg.h:1973,
efuse,EFUSE_RD_REPEAT_ERR1,0x180,EFUSE_SECURE_BOOT_KEY_REVOKE2_ERR,23,1,RO,idf,0x0,0x0,0x0,RO,IDF v5.5.3 soc/esp32c3/register/soc/efuse_reg.h:1980,
efuse,EFUSE_RD_REPEAT_ERR1,0x180,EFUSE_KEY_PURPOSE_0_ERR,24,4,RO,idf,0x0,0x0,0x0,RO,IDF v5.5.3 soc/esp32c3/register/soc/efuse_reg.h:1987,
efuse,EFUSE_RD_REPEAT_ERR1,0x180,EFUSE_KEY_PURPOSE_1_ERR,28,4,RO,idf,0x0,0x0,0x0,RO,IDF v5.5.3 soc/esp32c3/register/soc/efuse_reg.h:1994,
efuse,EFUSE_RD_REPEAT_ERR2,0x184,EFUSE_KEY_PURPOSE_2_ERR,0,4,RO,idf,0x0,0x0,0x0,RO,IDF v5.5.3 soc/esp32c3/register/soc/efuse_reg.h:2006,
efuse,EFUSE_RD_REPEAT_ERR2,0x184,EFUSE_KEY_PURPOSE_3_ERR,4,4,RO,idf,0x0,0x0,0x0,RO,IDF v5.5.3 soc/esp32c3/register/soc/efuse_reg.h:2013,
efuse,EFUSE_RD_REPEAT_ERR2,0x184,EFUSE_KEY_PURPOSE_4_ERR,8,4,RO,idf,0x0,0x0,0x0,RO,IDF v5.5.3 soc/esp32c3/register/soc/efuse_reg.h:2020,
efuse,EFUSE_RD_REPEAT_ERR2,0x184,EFUSE_KEY_PURPOSE_5_ERR,12,4,RO,idf,0x0,0x0,0x0,RO,IDF v5.5.3 soc/esp32c3/register/soc/efuse_reg.h:2027,
efuse,EFUSE_RD_REPEAT_ERR2,0x184,EFUSE_RPT4_RESERVED3_ERR,16,4,RO,idf,0x0,0x0,0x0,RO,IDF v5.5.3 soc/esp32c3/register/soc/efuse_reg.h:2034,
efuse,EFUSE_RD_REPEAT_ERR2,0x184,EFUSE_SECURE_BOOT_EN_ERR,20,1,RO,idf,0x0,0x0,0x0,RO,IDF v5.5.3 soc/esp32c3/register/soc/efuse_reg.h:2041,
efuse,EFUSE_RD_REPEAT_ERR2,0x184,EFUSE_SECURE_BOOT_AGGRESSIVE_REVOKE_ERR,21,1,RO,idf,0x0,0x0,0x0,RO,IDF v5.5.3 soc/esp32c3/register/soc/efuse_reg.h:2048,
efuse,EFUSE_RD_REPEAT_ERR2,0x184,EFUSE_RPT4_RESERVED0_ERR,22,6,RO,idf,0x0,0x0,0x0,RO,IDF v5.5.3 soc/esp32c3/register/soc/efuse_reg.h:2055,
efuse,EFUSE_RD_REPEAT_ERR2,0x184,EFUSE_FLASH_TPUW_ERR,28,4,RO,idf,0x0,0x0,0x0,RO,IDF v5.5.3 soc/esp32c3/register/soc/efuse_reg.h:2062,
efuse,EFUSE_RD_REPEAT_ERR3,0x188,EFUSE_DIS_DOWNLOAD_MODE_ERR,0,1,RO,idf,0x0,0x0,0x0,RO,IDF v5.5.3 soc/esp32c3/register/soc/efuse_reg.h:2074,
efuse,EFUSE_RD_REPEAT_ERR3,0x188,EFUSE_DIS_LEGACY_SPI_BOOT_ERR,1,1,RO,idf,0x0,0x0,0x0,RO,IDF v5.5.3 soc/esp32c3/register/soc/efuse_reg.h:2081,
efuse,EFUSE_RD_REPEAT_ERR3,0x188,EFUSE_UART_PRINT_CHANNEL_ERR,2,1,RO,idf,0x0,0x0,0x0,RO,IDF v5.5.3 soc/esp32c3/register/soc/efuse_reg.h:2088,
efuse,EFUSE_RD_REPEAT_ERR3,0x188,EFUSE_FLASH_ECC_MODE_ERR,3,1,RO,idf,0x0,0x0,0x0,RO,IDF v5.5.3 soc/esp32c3/register/soc/efuse_reg.h:2095,
efuse,EFUSE_RD_REPEAT_ERR3,0x188,EFUSE_DIS_USB_DOWNLOAD_MODE_ERR,4,1,RO,idf,0x0,0x0,0x0,RO,IDF v5.5.3 soc/esp32c3/register/soc/efuse_reg.h:2102,
efuse,EFUSE_RD_REPEAT_ERR3,0x188,EFUSE_ENABLE_SECURITY_DOWNLOAD_ERR,5,1,RO,idf,0x0,0x0,0x0,RO,IDF v5.5.3 soc/esp32c3/register/soc/efuse_reg.h:2109,
efuse,EFUSE_RD_REPEAT_ERR3,0x188,EFUSE_UART_PRINT_CONTROL_ERR,6,2,RO,idf,0x0,0x0,0x0,RO,IDF v5.5.3 soc/esp32c3/register/soc/efuse_reg.h:2116,
efuse,EFUSE_RD_REPEAT_ERR3,0x188,EFUSE_PIN_POWER_SELECTION_ERR,8,1,RO,idf,0x0,0x0,0x0,RO,IDF v5.5.3 soc/esp32c3/register/soc/efuse_reg.h:2123,
efuse,EFUSE_RD_REPEAT_ERR3,0x188,EFUSE_FLASH_TYPE_ERR,9,1,RO,idf,0x0,0x0,0x0,RO,IDF v5.5.3 soc/esp32c3/register/soc/efuse_reg.h:2130,
efuse,EFUSE_RD_REPEAT_ERR3,0x188,EFUSE_FLASH_PAGE_SIZE_ERR,10,2,RO,idf,0x0,0x0,0x0,RO,IDF v5.5.3 soc/esp32c3/register/soc/efuse_reg.h:2137,
efuse,EFUSE_RD_REPEAT_ERR3,0x188,EFUSE_FLASH_ECC_EN_ERR,12,1,RO,idf,0x0,0x0,0x0,RO,IDF v5.5.3 soc/esp32c3/register/soc/efuse_reg.h:2144,
efuse,EFUSE_RD_REPEAT_ERR3,0x188,EFUSE_FORCE_SEND_RESUME_ERR,13,1,RO,idf,0x0,0x0,0x0,RO,IDF v5.5.3 soc/esp32c3/register/soc/efuse_reg.h:2151,
efuse,EFUSE_RD_REPEAT_ERR3,0x188,EFUSE_SECURE_VERSION_ERR,14,16,RO,idf,0x0,0x0,0x0,RO,IDF v5.5.3 soc/esp32c3/register/soc/efuse_reg.h:2158,
efuse,EFUSE_RD_REPEAT_ERR3,0x188,EFUSE_RPT4_RESERVED1_ERR,30,2,RO,idf,0x0,0x0,0x0,RO,IDF v5.5.3 soc/esp32c3/register/soc/efuse_reg.h:2165,
efuse,EFUSE_RD_REPEAT_ERR4,0x190,EFUSE_RPT4_RESERVED4_ERR,0,24,RO,idf,0x0,0x0,0x0,RO,IDF v5.5.3 soc/esp32c3/register/soc/efuse_reg.h:2177,
efuse,EFUSE_RD_RS_ERR0,0x1C0,EFUSE_MAC_SPI_8M_ERR_NUM,0,3,RO,idf,0x0,0x0,0x0,RO,IDF v5.5.3 soc/esp32c3/register/soc/efuse_reg.h:2189,
efuse,EFUSE_RD_RS_ERR0,0x1C0,EFUSE_RESERVED_FAIL,3,1,RO,idf,0x0,0x0,0x0,RO,IDF v5.5.3 soc/esp32c3/register/soc/efuse_reg.h:2196,
efuse,EFUSE_RD_RS_ERR0,0x1C0,EFUSE_SYS_PART1_NUM,4,3,RO,idf,0x0,0x0,0x0,RO,IDF v5.5.3 soc/esp32c3/register/soc/efuse_reg.h:2204,
efuse,EFUSE_RD_RS_ERR0,0x1C0,EFUSE_MAC_SPI_8M_FAIL,7,1,RO,idf,0x0,0x0,0x0,RO,IDF v5.5.3 soc/esp32c3/register/soc/efuse_reg.h:2211,
efuse,EFUSE_RD_RS_ERR0,0x1C0,EFUSE_USR_DATA_ERR_NUM,8,3,RO,idf,0x0,0x0,0x0,RO,IDF v5.5.3 soc/esp32c3/register/soc/efuse_reg.h:2219,
efuse,EFUSE_RD_RS_ERR0,0x1C0,EFUSE_SYS_PART1_FAIL,11,1,RO,idf,0x0,0x0,0x0,RO,IDF v5.5.3 soc/esp32c3/register/soc/efuse_reg.h:2226,
efuse,EFUSE_RD_RS_ERR0,0x1C0,EFUSE_KEY0_ERR_NUM,12,3,RO,idf,0x0,0x0,0x0,RO,IDF v5.5.3 soc/esp32c3/register/soc/efuse_reg.h:2234,
efuse,EFUSE_RD_RS_ERR0,0x1C0,EFUSE_USR_DATA_FAIL,15,1,RO,idf,0x0,0x0,0x0,RO,IDF v5.5.3 soc/esp32c3/register/soc/efuse_reg.h:2241,
efuse,EFUSE_RD_RS_ERR0,0x1C0,EFUSE_KEY1_ERR_NUM,16,3,RO,idf,0x0,0x0,0x0,RO,IDF v5.5.3 soc/esp32c3/register/soc/efuse_reg.h:2249,
efuse,EFUSE_RD_RS_ERR0,0x1C0,EFUSE_KEY0_FAIL,19,1,RO,idf,0x0,0x0,0x0,RO,IDF v5.5.3 soc/esp32c3/register/soc/efuse_reg.h:2256,
efuse,EFUSE_RD_RS_ERR0,0x1C0,EFUSE_KEY2_ERR_NUM,20,3,RO,idf,0x0,0x0,0x0,RO,IDF v5.5.3 soc/esp32c3/register/soc/efuse_reg.h:2264,
efuse,EFUSE_RD_RS_ERR0,0x1C0,EFUSE_KEY1_FAIL,23,1,RO,idf,0x0,0x0,0x0,RO,IDF v5.5.3 soc/esp32c3/register/soc/efuse_reg.h:2271,
efuse,EFUSE_RD_RS_ERR0,0x1C0,EFUSE_KEY3_ERR_NUM,24,3,RO,idf,0x0,0x0,0x0,RO,IDF v5.5.3 soc/esp32c3/register/soc/efuse_reg.h:2279,
efuse,EFUSE_RD_RS_ERR0,0x1C0,EFUSE_KEY2_FAIL,27,1,RO,idf,0x0,0x0,0x0,RO,IDF v5.5.3 soc/esp32c3/register/soc/efuse_reg.h:2286,
efuse,EFUSE_RD_RS_ERR0,0x1C0,EFUSE_KEY4_ERR_NUM,28,3,RO,idf,0x0,0x0,0x0,RO,IDF v5.5.3 soc/esp32c3/register/soc/efuse_reg.h:2294,
efuse,EFUSE_RD_RS_ERR0,0x1C0,EFUSE_KEY3_FAIL,31,1,RO,idf,0x0,0x0,0x0,RO,IDF v5.5.3 soc/esp32c3/register/soc/efuse_reg.h:2301,
efuse,EFUSE_RD_RS_ERR1,0x1C4,EFUSE_KEY5_ERR_NUM,0,3,RO,idf,0x0,0x0,0x0,RO,IDF v5.5.3 soc/esp32c3/register/soc/efuse_reg.h:2314,
efuse,EFUSE_RD_RS_ERR1,0x1C4,EFUSE_KEY4_FAIL,3,1,RO,idf,0x0,0x0,0x0,RO,IDF v5.5.3 soc/esp32c3/register/soc/efuse_reg.h:2321,
efuse,EFUSE_RD_RS_ERR1,0x1C4,EFUSE_SYS_PART2_ERR_NUM,4,3,RO,idf,0x0,0x0,0x0,RO,IDF v5.5.3 soc/esp32c3/register/soc/efuse_reg.h:2329,
efuse,EFUSE_RD_RS_ERR1,0x1C4,EFUSE_KEY5_FAIL,7,1,RO,idf,0x0,0x0,0x0,RO,IDF v5.5.3 soc/esp32c3/register/soc/efuse_reg.h:2336,
efuse,EFUSE_CLK,0x1C8,EFUSE_EFUSE_MEM_FORCE_PD,0,1,RW,idf,0x0,0x0,0x0,R/W,IDF v5.5.3 soc/esp32c3/register/soc/efuse_reg.h:2349,
efuse,EFUSE_CLK,0x1C8,EFUSE_MEM_CLK_FORCE_ON,1,1,RW,idf,0x1,0x1,0x1,R/W,IDF v5.5.3 soc/esp32c3/register/soc/efuse_reg.h:2356,
efuse,EFUSE_CLK,0x1C8,EFUSE_EFUSE_MEM_FORCE_PU,2,1,RW,idf,0x0,0x0,0x0,R/W,IDF v5.5.3 soc/esp32c3/register/soc/efuse_reg.h:2363,
efuse,EFUSE_CLK,0x1C8,EFUSE_CLK_EN,16,1,RW,idf,0x0,0x0,0x0,R/W,IDF v5.5.3 soc/esp32c3/register/soc/efuse_reg.h:2370,
efuse,EFUSE_CONF,0x1CC,EFUSE_OP_CODE,0,16,RW,idf,0x0,0x0,0x0,R/W,IDF v5.5.3 soc/esp32c3/register/soc/efuse_reg.h:2382,
efuse,EFUSE_STATUS,0x1D0,EFUSE_STATE,0,4,RO,idf,0x0,0x0,0x0,RO,IDF v5.5.3 soc/esp32c3/register/soc/efuse_reg.h:2394,
efuse,EFUSE_STATUS,0x1D0,EFUSE_OTP_LOAD_SW,4,1,RO,idf,0x0,0x0,0x0,RO,IDF v5.5.3 soc/esp32c3/register/soc/efuse_reg.h:2401,
efuse,EFUSE_STATUS,0x1D0,EFUSE_OTP_VDDQ_C_SYNC2,5,1,RO,idf,0x0,0x0,0x0,RO,IDF v5.5.3 soc/esp32c3/register/soc/efuse_reg.h:2408,
efuse,EFUSE_STATUS,0x1D0,EFUSE_OTP_STROBE_SW,6,1,RO,idf,0x0,0x0,0x0,RO,IDF v5.5.3 soc/esp32c3/register/soc/efuse_reg.h:2415,
efuse,EFUSE_STATUS,0x1D0,EFUSE_OTP_CSB_SW,7,1,RO,idf,0x0,0x0,0x0,RO,IDF v5.5.3 soc/esp32c3/register/soc/efuse_reg.h:2422,
efuse,EFUSE_STATUS,0x1D0,EFUSE_OTP_PGENB_SW,8,1,RO,idf,0x0,0x0,0x0,RO,IDF v5.5.3 soc/esp32c3/register/soc/efuse_reg.h:2429,
efuse,EFUSE_STATUS,0x1D0,EFUSE_OTP_VDDQ_IS_SW,9,1,RO,idf,0x0,0x0,0x0,RO,IDF v5.5.3 soc/esp32c3/register/soc/efuse_reg.h:2436,
efuse,EFUSE_STATUS,0x1D0,EFUSE_REPEAT_ERR_CNT,10,8,RO,idf,0x0,0x0,0x0,RO,IDF v5.5.3 soc/esp32c3/register/soc/efuse_reg.h:2443,
efuse,EFUSE_CMD,0x1D4,EFUSE_READ_CMD,0,1,SC,UNVERIFIED,0x0,0x0,0x0,R/WS/SC,IDF v5.5.3 soc/esp32c3/register/soc/efuse_reg.h:2455,WS: any write sets; SC: hardware clears it after the effect
efuse,EFUSE_CMD,0x1D4,EFUSE_PGM_CMD,1,1,SC,UNVERIFIED,0x0,0x0,0x0,R/WS/SC,IDF v5.5.3 soc/esp32c3/register/soc/efuse_reg.h:2462,WS: any write sets; SC: hardware clears it after the effect
efuse,EFUSE_CMD,0x1D4,EFUSE_BLK_NUM,2,4,RW,idf,0x0,0x0,0x0,R/W,IDF v5.5.3 soc/esp32c3/register/soc/efuse_reg.h:2469,
efuse,EFUSE_INT_RAW,0x1D8,EFUSE_READ_DONE_INT_RAW,0,1,W1C,UNVERIFIED,0x0,0x0,0x0,R/WC/SS,IDF v5.5.3 soc/esp32c3/register/soc/efuse_reg.h:2482,WC: any write clears; read as W1C
efuse,EFUSE_INT_RAW,0x1D8,EFUSE_PGM_DONE_INT_RAW,1,1,W1C,UNVERIFIED,0x0,0x0,0x0,R/WC/SS,IDF v5.5.3 soc/esp32c3/register/soc/efuse_reg.h:2489,WC: any write clears; read as W1C
efuse,EFUSE_INT_ST,0x1DC,EFUSE_READ_DONE_INT_ST,0,1,RO,idf,0x0,0x0,0x0,RO,IDF v5.5.3 soc/esp32c3/register/soc/efuse_reg.h:2501,
efuse,EFUSE_INT_ST,0x1DC,EFUSE_PGM_DONE_INT_ST,1,1,RO,idf,0x0,0x0,0x0,RO,IDF v5.5.3 soc/esp32c3/register/soc/efuse_reg.h:2508,
efuse,EFUSE_INT_ENA,0x1E0,EFUSE_READ_DONE_INT_ENA,0,1,RW,idf,0x0,0x0,0x0,R/W,IDF v5.5.3 soc/esp32c3/register/soc/efuse_reg.h:2520,
efuse,EFUSE_INT_ENA,0x1E0,EFUSE_PGM_DONE_INT_ENA,1,1,RW,idf,0x0,0x0,0x0,R/W,IDF v5.5.3 soc/esp32c3/register/soc/efuse_reg.h:2527,
efuse,EFUSE_INT_CLR,0x1E4,EFUSE_READ_DONE_INT_CLR,0,1,WO,idf,0x0,0x0,0x0,WO,IDF v5.5.3 soc/esp32c3/register/soc/efuse_reg.h:2539,
efuse,EFUSE_INT_CLR,0x1E4,EFUSE_PGM_DONE_INT_CLR,1,1,WO,idf,0x0,0x0,0x0,WO,IDF v5.5.3 soc/esp32c3/register/soc/efuse_reg.h:2546,
efuse,EFUSE_DAC_CONF,0x1E8,EFUSE_DAC_CLK_DIV,0,8,RW,idf,0x1C,0x1C,0x1C,R/W,IDF v5.5.3 soc/esp32c3/register/soc/efuse_reg.h:2558,
efuse,EFUSE_DAC_CONF,0x1E8,EFUSE_DAC_CLK_PAD_SEL,8,1,RW,idf,0x0,0x0,0x0,R/W,IDF v5.5.3 soc/esp32c3/register/soc/efuse_reg.h:2565,
efuse,EFUSE_DAC_CONF,0x1E8,EFUSE_DAC_NUM,9,8,RW,idf,0xFF,0xFF,0xFF,R/W,IDF v5.5.3 soc/esp32c3/register/soc/efuse_reg.h:2572,
efuse,EFUSE_DAC_CONF,0x1E8,EFUSE_OE_CLR,17,1,RW,idf,0x0,0x0,0x0,R/W,IDF v5.5.3 soc/esp32c3/register/soc/efuse_reg.h:2579,
efuse,EFUSE_RD_TIM_CONF,0x1EC,EFUSE_READ_INIT_NUM,24,8,RW,idf,0x12,0x12,0x12,R/W,IDF v5.5.3 soc/esp32c3/register/soc/efuse_reg.h:2591,
efuse,EFUSE_WR_TIM_CONF1,0x1F0,EFUSE_PWR_ON_NUM,8,16,RW,idf,0x2880,0x2880,0x2880,R/W,IDF v5.5.3 soc/esp32c3/register/soc/efuse_reg.h:2603,
efuse,EFUSE_WR_TIM_CONF2,0x1F4,EFUSE_PWR_OFF_NUM,0,16,RW,idf,0x190,0x190,0x190,R/W,IDF v5.5.3 soc/esp32c3/register/soc/efuse_reg.h:2615,
efuse,EFUSE_DATE,0x1FC,EFUSE_DATE,0,28,RW,idf,0x2007200,0x2007200,0x2007200,R/W,IDF v5.5.3 soc/esp32c3/register/soc/efuse_reg.h:2627,
uart1,UART_FIFO,0x000,UART_RXFIFO_RD_BYTE,0,8,RO,idf,0x0,0x0,0x0,RO,IDF v5.5.3 soc/esp32c3/register/soc/uart_reg.h:15,
uart1,UART_INT_RAW,0x004,UART_RXFIFO_FULL_INT_RAW,0,1,RO,UNVERIFIED,0x0,0x0,0x0,R/WTC/SS,IDF v5.5.3 soc/esp32c3/register/soc/uart_reg.h:156,WTC: cleared by writing the corresponding WT field; SS: hardware sets it
uart1,UART_INT_RAW,0x004,UART_TXFIFO_EMPTY_INT_RAW,1,1,RO,UNVERIFIED,0x1,0x1,0x1,R/WTC/SS,IDF v5.5.3 soc/esp32c3/register/soc/uart_reg.h:149,WTC: cleared by writing the corresponding WT field; SS: hardware sets it
uart1,UART_INT_RAW,0x004,UART_PARITY_ERR_INT_RAW,2,1,RO,UNVERIFIED,0x0,0x0,0x0,R/WTC/SS,IDF v5.5.3 soc/esp32c3/register/soc/uart_reg.h:142,WTC: cleared by writing the corresponding WT field; SS: hardware sets it
uart1,UART_INT_RAW,0x004,UART_FRM_ERR_INT_RAW,3,1,RO,UNVERIFIED,0x0,0x0,0x0,R/WTC/SS,IDF v5.5.3 soc/esp32c3/register/soc/uart_reg.h:135,WTC: cleared by writing the corresponding WT field; SS: hardware sets it
uart1,UART_INT_RAW,0x004,UART_RXFIFO_OVF_INT_RAW,4,1,RO,UNVERIFIED,0x0,0x0,0x0,R/WTC/SS,IDF v5.5.3 soc/esp32c3/register/soc/uart_reg.h:128,WTC: cleared by writing the corresponding WT field; SS: hardware sets it
uart1,UART_INT_RAW,0x004,UART_DSR_CHG_INT_RAW,5,1,RO,UNVERIFIED,0x0,0x0,0x0,R/WTC/SS,IDF v5.5.3 soc/esp32c3/register/soc/uart_reg.h:121,WTC: cleared by writing the corresponding WT field; SS: hardware sets it
uart1,UART_INT_RAW,0x004,UART_CTS_CHG_INT_RAW,6,1,RO,UNVERIFIED,0x0,0x0,0x0,R/WTC/SS,IDF v5.5.3 soc/esp32c3/register/soc/uart_reg.h:114,WTC: cleared by writing the corresponding WT field; SS: hardware sets it
uart1,UART_INT_RAW,0x004,UART_BRK_DET_INT_RAW,7,1,RO,UNVERIFIED,0x0,0x0,0x0,R/WTC/SS,IDF v5.5.3 soc/esp32c3/register/soc/uart_reg.h:107,WTC: cleared by writing the corresponding WT field; SS: hardware sets it
uart1,UART_INT_RAW,0x004,UART_RXFIFO_TOUT_INT_RAW,8,1,RO,UNVERIFIED,0x0,0x0,0x0,R/WTC/SS,IDF v5.5.3 soc/esp32c3/register/soc/uart_reg.h:100,WTC: cleared by writing the corresponding WT field; SS: hardware sets it
uart1,UART_INT_RAW,0x004,UART_SW_XON_INT_RAW,9,1,RO,UNVERIFIED,0x0,0x0,0x0,R/WTC/SS,IDF v5.5.3 soc/esp32c3/register/soc/uart_reg.h:93,WTC: cleared by writing the corresponding WT field; SS: hardware sets it
uart1,UART_INT_RAW,0x004,UART_SW_XOFF_INT_RAW,10,1,RO,UNVERIFIED,0x0,0x0,0x0,R/WTC/SS,IDF v5.5.3 soc/esp32c3/register/soc/uart_reg.h:86,WTC: cleared by writing the corresponding WT field; SS: hardware sets it
uart1,UART_INT_RAW,0x004,UART_GLITCH_DET_INT_RAW,11,1,RO,UNVERIFIED,0x0,0x0,0x0,R/WTC/SS,IDF v5.5.3 soc/esp32c3/register/soc/uart_reg.h:79,WTC: cleared by writing the corresponding WT field; SS: hardware sets it
uart1,UART_INT_RAW,0x004,UART_TX_BRK_DONE_INT_RAW,12,1,RO,UNVERIFIED,0x0,0x0,0x0,R/WTC/SS,IDF v5.5.3 soc/esp32c3/register/soc/uart_reg.h:72,WTC: cleared by writing the corresponding WT field; SS: hardware sets it
uart1,UART_INT_RAW,0x004,UART_TX_BRK_IDLE_DONE_INT_RAW,13,1,RO,UNVERIFIED,0x0,0x0,0x0,R/WTC/SS,IDF v5.5.3 soc/esp32c3/register/soc/uart_reg.h:65,WTC: cleared by writing the corresponding WT field; SS: hardware sets it
uart1,UART_INT_RAW,0x004,UART_TX_DONE_INT_RAW,14,1,RO,UNVERIFIED,0x0,0x0,0x0,R/WTC/SS,IDF v5.5.3 soc/esp32c3/register/soc/uart_reg.h:58,WTC: cleared by writing the corresponding WT field; SS: hardware sets it
uart1,UART_INT_RAW,0x004,UART_RS485_PARITY_ERR_INT_RAW,15,1,RO,UNVERIFIED,0x0,0x0,0x0,R/WTC/SS,IDF v5.5.3 soc/esp32c3/register/soc/uart_reg.h:51,WTC: cleared by writing the corresponding WT field; SS: hardware sets it
uart1,UART_INT_RAW,0x004,UART_RS485_FRM_ERR_INT_RAW,16,1,RO,UNVERIFIED,0x0,0x0,0x0,R/WTC/SS,IDF v5.5.3 soc/esp32c3/register/soc/uart_reg.h:44,WTC: cleared by writing the corresponding WT field; SS: hardware sets it
uart1,UART_INT_RAW,0x004,UART_RS485_CLASH_INT_RAW,17,1,RO,UNVERIFIED,0x0,0x0,0x0,R/WTC/SS,IDF v5.5.3 soc/esp32c3/register/soc/uart_reg.h:37,WTC: cleared by writing the corresponding WT field; SS: hardware sets it
uart1,UART_INT_RAW,0x004,UART_AT_CMD_CHAR_DET_INT_RAW,18,1,RO,UNVERIFIED,0x0,0x0,0x0,R/WTC/SS,IDF v5.5.3 soc/esp32c3/register/soc/uart_reg.h:30,WTC: cleared by writing the corresponding WT field; SS: hardware sets it
uart1,UART_INT_RAW,0x004,UART_WAKEUP_INT_RAW,19,1,RO,UNVERIFIED,0x0,0x0,0x0,R/WTC/SS,IDF v5.5.3 soc/esp32c3/register/soc/uart_reg.h:23,WTC: cleared by writing the corresponding WT field; SS: hardware sets it
uart1,UART_INT_ST,0x008,UART_RXFIFO_FULL_INT_ST,0,1,RO,idf,0x0,0x0,0x0,RO,IDF v5.5.3 soc/esp32c3/register/soc/uart_reg.h:291,
uart1,UART_INT_ST,0x008,UART_TXFIFO_EMPTY_INT_ST,1,1,RO,idf,0x0,0x0,0x0,RO,IDF v5.5.3 soc/esp32c3/register/soc/uart_reg.h:284,
uart1,UART_INT_ST,0x008,UART_PARITY_ERR_INT_ST,2,1,RO,idf,0x0,0x0,0x0,RO,IDF v5.5.3 soc/esp32c3/register/soc/uart_reg.h:277,
uart1,UART_INT_ST,0x008,UART_FRM_ERR_INT_ST,3,1,RO,idf,0x0,0x0,0x0,RO,IDF v5.5.3 soc/esp32c3/register/soc/uart_reg.h:271,
uart1,UART_INT_ST,0x008,UART_RXFIFO_OVF_INT_ST,4,1,RO,idf,0x0,0x0,0x0,RO,IDF v5.5.3 soc/esp32c3/register/soc/uart_reg.h:264,
uart1,UART_INT_ST,0x008,UART_DSR_CHG_INT_ST,5,1,RO,idf,0x0,0x0,0x0,RO,IDF v5.5.3 soc/esp32c3/register/soc/uart_reg.h:258,
uart1,UART_INT_ST,0x008,UART_CTS_CHG_INT_ST,6,1,RO,idf,0x0,0x0,0x0,RO,IDF v5.5.3 soc/esp32c3/register/soc/uart_reg.h:252,
uart1,UART_INT_ST,0x008,UART_BRK_DET_INT_ST,7,1,RO,idf,0x0,0x0,0x0,RO,IDF v5.5.3 soc/esp32c3/register/soc/uart_reg.h:246,
uart1,UART_INT_ST,0x008,UART_RXFIFO_TOUT_INT_ST,8,1,RO,idf,0x0,0x0,0x0,RO,IDF v5.5.3 soc/esp32c3/register/soc/uart_reg.h:239,
uart1,UART_INT_ST,0x008,UART_SW_XON_INT_ST,9,1,RO,idf,0x0,0x0,0x0,RO,IDF v5.5.3 soc/esp32c3/register/soc/uart_reg.h:233,
uart1,UART_INT_ST,0x008,UART_SW_XOFF_INT_ST,10,1,RO,idf,0x0,0x0,0x0,RO,IDF v5.5.3 soc/esp32c3/register/soc/uart_reg.h:227,
uart1,UART_INT_ST,0x008,UART_GLITCH_DET_INT_ST,11,1,RO,idf,0x0,0x0,0x0,RO,IDF v5.5.3 soc/esp32c3/register/soc/uart_reg.h:220,
uart1,UART_INT_ST,0x008,UART_TX_BRK_DONE_INT_ST,12,1,RO,idf,0x0,0x0,0x0,RO,IDF v5.5.3 soc/esp32c3/register/soc/uart_reg.h:213,
uart1,UART_INT_ST,0x008,UART_TX_BRK_IDLE_DONE_INT_ST,13,1,RO,idf,0x0,0x0,0x0,RO,IDF v5.5.3 soc/esp32c3/register/soc/uart_reg.h:206,
uart1,UART_INT_ST,0x008,UART_TX_DONE_INT_ST,14,1,RO,idf,0x0,0x0,0x0,RO,IDF v5.5.3 soc/esp32c3/register/soc/uart_reg.h:200,
uart1,UART_INT_ST,0x008,UART_RS485_PARITY_ERR_INT_ST,15,1,RO,idf,0x0,0x0,0x0,RO,IDF v5.5.3 soc/esp32c3/register/soc/uart_reg.h:193,
uart1,UART_INT_ST,0x008,UART_RS485_FRM_ERR_INT_ST,16,1,RO,idf,0x0,0x0,0x0,RO,IDF v5.5.3 soc/esp32c3/register/soc/uart_reg.h:186,
uart1,UART_INT_ST,0x008,UART_RS485_CLASH_INT_ST,17,1,RO,idf,0x0,0x0,0x0,RO,IDF v5.5.3 soc/esp32c3/register/soc/uart_reg.h:179,
uart1,UART_INT_ST,0x008,UART_AT_CMD_CHAR_DET_INT_ST,18,1,RO,idf,0x0,0x0,0x0,RO,IDF v5.5.3 soc/esp32c3/register/soc/uart_reg.h:172,
uart1,UART_INT_ST,0x008,UART_WAKEUP_INT_ST,19,1,RO,idf,0x0,0x0,0x0,RO,IDF v5.5.3 soc/esp32c3/register/soc/uart_reg.h:165,
uart1,UART_INT_ENA,0x00C,UART_RXFIFO_FULL_INT_ENA,0,1,RW,idf,0x0,0x0,0x0,R/W,IDF v5.5.3 soc/esp32c3/register/soc/uart_reg.h:414,
uart1,UART_INT_ENA,0x00C,UART_TXFIFO_EMPTY_INT_ENA,1,1,RW,idf,0x0,0x0,0x0,R/W,IDF v5.5.3 soc/esp32c3/register/soc/uart_reg.h:408,
uart1,UART_INT_ENA,0x00C,UART_PARITY_ERR_INT_ENA,2,1,RW,idf,0x0,0x0,0x0,R/W,IDF v5.5.3 soc/esp32c3/register/soc/uart_reg.h:402,
uart1,UART_INT_ENA,0x00C,UART_FRM_ERR_INT_ENA,3,1,RW,idf,0x0,0x0,0x0,R/W,IDF v5.5.3 soc/esp32c3/register/soc/uart_reg.h:396,
uart1,UART_INT_ENA,0x00C,UART_RXFIFO_OVF_INT_ENA,4,1,RW,idf,0x0,0x0,0x0,R/W,IDF v5.5.3 soc/esp32c3/register/soc/uart_reg.h:390,
uart1,UART_INT_ENA,0x00C,UART_DSR_CHG_INT_ENA,5,1,RW,idf,0x0,0x0,0x0,R/W,IDF v5.5.3 soc/esp32c3/register/soc/uart_reg.h:384,
uart1,UART_INT_ENA,0x00C,UART_CTS_CHG_INT_ENA,6,1,RW,idf,0x0,0x0,0x0,R/W,IDF v5.5.3 soc/esp32c3/register/soc/uart_reg.h:378,
uart1,UART_INT_ENA,0x00C,UART_BRK_DET_INT_ENA,7,1,RW,idf,0x0,0x0,0x0,R/W,IDF v5.5.3 soc/esp32c3/register/soc/uart_reg.h:372,
uart1,UART_INT_ENA,0x00C,UART_RXFIFO_TOUT_INT_ENA,8,1,RW,idf,0x0,0x0,0x0,R/W,IDF v5.5.3 soc/esp32c3/register/soc/uart_reg.h:366,
uart1,UART_INT_ENA,0x00C,UART_SW_XON_INT_ENA,9,1,RW,idf,0x0,0x0,0x0,R/W,IDF v5.5.3 soc/esp32c3/register/soc/uart_reg.h:360,
uart1,UART_INT_ENA,0x00C,UART_SW_XOFF_INT_ENA,10,1,RW,idf,0x0,0x0,0x0,R/W,IDF v5.5.3 soc/esp32c3/register/soc/uart_reg.h:354,
uart1,UART_INT_ENA,0x00C,UART_GLITCH_DET_INT_ENA,11,1,RW,idf,0x0,0x0,0x0,R/W,IDF v5.5.3 soc/esp32c3/register/soc/uart_reg.h:348,
uart1,UART_INT_ENA,0x00C,UART_TX_BRK_DONE_INT_ENA,12,1,RW,idf,0x0,0x0,0x0,R/W,IDF v5.5.3 soc/esp32c3/register/soc/uart_reg.h:342,
uart1,UART_INT_ENA,0x00C,UART_TX_BRK_IDLE_DONE_INT_ENA,13,1,RW,idf,0x0,0x0,0x0,R/W,IDF v5.5.3 soc/esp32c3/register/soc/uart_reg.h:336,
uart1,UART_INT_ENA,0x00C,UART_TX_DONE_INT_ENA,14,1,RW,idf,0x0,0x0,0x0,R/W,IDF v5.5.3 soc/esp32c3/register/soc/uart_reg.h:330,
uart1,UART_INT_ENA,0x00C,UART_RS485_PARITY_ERR_INT_ENA,15,1,RW,idf,0x0,0x0,0x0,R/W,IDF v5.5.3 soc/esp32c3/register/soc/uart_reg.h:324,
uart1,UART_INT_ENA,0x00C,UART_RS485_FRM_ERR_INT_ENA,16,1,RW,idf,0x0,0x0,0x0,R/W,IDF v5.5.3 soc/esp32c3/register/soc/uart_reg.h:318,
uart1,UART_INT_ENA,0x00C,UART_RS485_CLASH_INT_ENA,17,1,RW,idf,0x0,0x0,0x0,R/W,IDF v5.5.3 soc/esp32c3/register/soc/uart_reg.h:312,
uart1,UART_INT_ENA,0x00C,UART_AT_CMD_CHAR_DET_INT_ENA,18,1,RW,idf,0x0,0x0,0x0,R/W,IDF v5.5.3 soc/esp32c3/register/soc/uart_reg.h:306,
uart1,UART_INT_ENA,0x00C,UART_WAKEUP_INT_ENA,19,1,RW,idf,0x0,0x0,0x0,R/W,IDF v5.5.3 soc/esp32c3/register/soc/uart_reg.h:300,
uart1,UART_INT_CLR,0x010,UART_RXFIFO_FULL_INT_CLR,0,1,WT,idf,0x0,0x0,0x0,WT,IDF v5.5.3 soc/esp32c3/register/soc/uart_reg.h:536,
uart1,UART_INT_CLR,0x010,UART_TXFIFO_EMPTY_INT_CLR,1,1,WT,idf,0x0,0x0,0x0,WT,IDF v5.5.3 soc/esp32c3/register/soc/uart_reg.h:530,
uart1,UART_INT_CLR,0x010,UART_PARITY_ERR_INT_CLR,2,1,WT,idf,0x0,0x0,0x0,WT,IDF v5.5.3 soc/esp32c3/register/soc/uart_reg.h:524,
uart1,UART_INT_CLR,0x010,UART_FRM_ERR_INT_CLR,3,1,WT,idf,0x0,0x0,0x0,WT,IDF v5.5.3 soc/esp32c3/register/soc/uart_reg.h:518,
uart1,UART_INT_CLR,0x010,UART_RXFIFO_OVF_INT_CLR,4,1,WT,idf,0x0,0x0,0x0,WT,IDF v5.5.3 soc/esp32c3/register/soc/uart_reg.h:512,
uart1,UART_INT_CLR,0x010,UART_DSR_CHG_INT_CLR,5,1,WT,idf,0x0,0x0,0x0,WT,IDF v5.5.3 soc/esp32c3/register/soc/uart_reg.h:506,
uart1,UART_INT_CLR,0x010,UART_CTS_CHG_INT_CLR,6,1,WT,idf,0x0,0x0,0x0,WT,IDF v5.5.3 soc/esp32c3/register/soc/uart_reg.h:500,
uart1,UART_INT_CLR,0x010,UART_BRK_DET_INT_CLR,7,1,WT,idf,0x0,0x0,0x0,WT,IDF v5.5.3 soc/esp32c3/register/soc/uart_reg.h:494,
uart1,UART_INT_CLR,0x010,UART_RXFIFO_TOUT_INT_CLR,8,1,WT,idf,0x0,0x0,0x0,WT,IDF v5.5.3 soc/esp32c3/register/soc/uart_reg.h:488,
uart1,UART_INT_CLR,0x010,UART_SW_XON_INT_CLR,9,1,WT,idf,0x0,0x0,0x0,WT,IDF v5.5.3 soc/esp32c3/register/soc/uart_reg.h:482,
uart1,UART_INT_CLR,0x010,UART_SW_XOFF_INT_CLR,10,1,WT,idf,0x0,0x0,0x0,WT,IDF v5.5.3 soc/esp32c3/register/soc/uart_reg.h:476,
uart1,UART_INT_CLR,0x010,UART_GLITCH_DET_INT_CLR,11,1,WT,idf,0x0,0x0,0x0,WT,IDF v5.5.3 soc/esp32c3/register/soc/uart_reg.h:470,
uart1,UART_INT_CLR,0x010,UART_TX_BRK_DONE_INT_CLR,12,1,WT,idf,0x0,0x0,0x0,WT,IDF v5.5.3 soc/esp32c3/register/soc/uart_reg.h:464,
uart1,UART_INT_CLR,0x010,UART_TX_BRK_IDLE_DONE_INT_CLR,13,1,WT,idf,0x0,0x0,0x0,WT,IDF v5.5.3 soc/esp32c3/register/soc/uart_reg.h:458,
uart1,UART_INT_CLR,0x010,UART_TX_DONE_INT_CLR,14,1,WT,idf,0x0,0x0,0x0,WT,IDF v5.5.3 soc/esp32c3/register/soc/uart_reg.h:452,
uart1,UART_INT_CLR,0x010,UART_RS485_PARITY_ERR_INT_CLR,15,1,WT,idf,0x0,0x0,0x0,WT,IDF v5.5.3 soc/esp32c3/register/soc/uart_reg.h:446,
uart1,UART_INT_CLR,0x010,UART_RS485_FRM_ERR_INT_CLR,16,1,WT,idf,0x0,0x0,0x0,WT,IDF v5.5.3 soc/esp32c3/register/soc/uart_reg.h:440,
uart1,UART_INT_CLR,0x010,UART_RS485_CLASH_INT_CLR,17,1,WT,idf,0x0,0x0,0x0,WT,IDF v5.5.3 soc/esp32c3/register/soc/uart_reg.h:434,
uart1,UART_INT_CLR,0x010,UART_AT_CMD_CHAR_DET_INT_CLR,18,1,WT,idf,0x0,0x0,0x0,WT,IDF v5.5.3 soc/esp32c3/register/soc/uart_reg.h:428,
uart1,UART_INT_CLR,0x010,UART_WAKEUP_INT_CLR,19,1,WT,idf,0x0,0x0,0x0,WT,IDF v5.5.3 soc/esp32c3/register/soc/uart_reg.h:422,
uart1,UART_CLKDIV,0x014,UART_CLKDIV,0,12,RW,idf,0x2B6,0x2B6,0x2B6,R/W,IDF v5.5.3 soc/esp32c3/register/soc/uart_reg.h:550,
uart1,UART_CLKDIV,0x014,UART_CLKDIV_FRAG,20,4,RW,idf,0x0,0x0,0x0,R/W,IDF v5.5.3 soc/esp32c3/register/soc/uart_reg.h:544,
uart1,UART_RX_FILT,0x018,UART_GLITCH_FILT,0,8,RW,idf,0x8,0x8,0x8,R/W,IDF v5.5.3 soc/esp32c3/register/soc/uart_reg.h:564,
uart1,UART_RX_FILT,0x018,UART_GLITCH_FILT_EN,8,1,RW,idf,0x0,0x0,0x0,R/W,IDF v5.5.3 soc/esp32c3/register/soc/uart_reg.h:558,
uart1,UART_STATUS,0x01C,UART_RXFIFO_CNT,0,10,RO,idf,0x0,0x0,0x0,RO,IDF v5.5.3 soc/esp32c3/register/soc/uart_reg.h:614,
uart1,UART_STATUS,0x01C,UART_DSRN,13,1,RO,idf,0x0,0x0,0x0,RO,IDF v5.5.3 soc/esp32c3/register/soc/uart_reg.h:608,
uart1,UART_STATUS,0x01C,UART_CTSN,14,1,RO,idf,0x1,0x1,0x1,RO,IDF v5.5.3 soc/esp32c3/register/soc/uart_reg.h:602,
uart1,UART_STATUS,0x01C,UART_RXD,15,1,RO,idf,0x1,0x1,0x1,RO,IDF v5.5.3 soc/esp32c3/register/soc/uart_reg.h:596,
uart1,UART_STATUS,0x01C,UART_TXFIFO_CNT,16,10,RO,idf,0x0,0x0,0x0,RO,IDF v5.5.3 soc/esp32c3/register/soc/uart_reg.h:590,
uart1,UART_STATUS,0x01C,UART_DTRN,29,1,RO,idf,0x1,0x1,0x1,RO,IDF v5.5.3 soc/esp32c3/register/soc/uart_reg.h:584,
uart1,UART_STATUS,0x01C,UART_RTSN,30,1,RO,idf,0x1,0x1,0x1,RO,IDF v5.5.3 soc/esp32c3/register/soc/uart_reg.h:578,
uart1,UART_STATUS,0x01C,UART_TXD,31,1,RO,idf,0x1,0x1,0x1,RO,IDF v5.5.3 soc/esp32c3/register/soc/uart_reg.h:572,
uart1,UART_CONF0,0x020,UART_PARITY,0,1,RW,idf,0x0,0x0,0x0,R/W,IDF v5.5.3 soc/esp32c3/register/soc/uart_reg.h:784,
uart1,UART_CONF0,0x020,UART_PARITY_EN,1,1,RW,idf,0x0,0x0,0x0,R/W,IDF v5.5.3 soc/esp32c3/register/soc/uart_reg.h:778,
uart1,UART_CONF0,0x020,UART_BIT_NUM,2,2,RW,idf,0x3,0x3,0x3,R/W,IDF v5.5.3 soc/esp32c3/register/soc/uart_reg.h:772,
uart1,UART_CONF0,0x020,UART_STOP_BIT_NUM,4,2,RW,idf,0x1,0x1,0x1,R/W,IDF v5.5.3 soc/esp32c3/register/soc/uart_reg.h:766,
uart1,UART_CONF0,0x020,UART_SW_RTS,6,1,RW,idf,0x0,0x0,0x0,R/W,IDF v5.5.3 soc/esp32c3/register/soc/uart_reg.h:759,
uart1,UART_CONF0,0x020,UART_SW_DTR,7,1,RW,idf,0x0,0x0,0x0,R/W,IDF v5.5.3 soc/esp32c3/register/soc/uart_reg.h:752,
uart1,UART_CONF0,0x020,UART_TXD_BRK,8,1,RW,idf,0x0,0x0,0x0,R/W,IDF v5.5.3 soc/esp32c3/register/soc/uart_reg.h:745,
uart1,UART_CONF0,0x020,UART_IRDA_DPLX,9,1,RW,idf,0x0,0x0,0x0,R/W,IDF v5.5.3 soc/esp32c3/register/soc/uart_reg.h:739,
uart1,UART_CONF0,0x020,UART_IRDA_TX_EN,10,1,RW,idf,0x0,0x0,0x0,R/W,IDF v5.5.3 soc/esp32c3/register/soc/uart_reg.h:733,
uart1,UART_CONF0,0x020,UART_IRDA_WCTL,11,1,RW,idf,0x0,0x0,0x0,R/W,IDF v5.5.3 soc/esp32c3/register/soc/uart_reg.h:726,
uart1,UART_CONF0,0x020,UART_IRDA_TX_INV,12,1,RW,idf,0x0,0x0,0x0,R/W,IDF v5.5.3 soc/esp32c3/register/soc/uart_reg.h:720,
uart1,UART_CONF0,0x020,UART_IRDA_RX_INV,13,1,RW,idf,0x0,0x0,0x0,R/W,IDF v5.5.3 soc/esp32c3/register/soc/uart_reg.h:714,
uart1,UART_CONF0,0x020,UART_LOOPBACK,14,1,RW,idf,0x0,0x0,0x0,R/W,IDF v5.5.3 soc/esp32c3/register/soc/uart_reg.h:708,
uart1,UART_CONF0,0x020,UART_TX_FLOW_EN,15,1,RW,idf,0x0,0x0,0x0,R/W,IDF v5.5.3 soc/esp32c3/register/soc/uart_reg.h:702,
uart1,UART_CONF0,0x020,UART_IRDA_EN,16,1,RW,idf,0x0,0x0,0x0,R/W,IDF v5.5.3 soc/esp32c3/register/soc/uart_reg.h:696,
uart1,UART_CONF0,0x020,UART_RXFIFO_RST,17,1,RW,idf,0x0,0x0,0x0,R/W,IDF v5.5.3 soc/esp32c3/register/soc/uart_reg.h:690,
uart1,UART_CONF0,0x020,UART_TXFIFO_RST,18,1,RW,idf,0x0,0x0,0x0,R/W,IDF v5.5.3 soc/esp32c3/register/soc/uart_reg.h:684,
uart1,UART_CONF0,0x020,UART_RXD_INV,19,1,RW,idf,0x0,0x0,0x0,R/W,IDF v5.5.3 soc/esp32c3/register/soc/uart_reg.h:678,
uart1,UART_CONF0,0x020,UART_CTS_INV,20,1,RW,idf,0x0,0x0,0x0,R/W,IDF v5.5.3 soc/esp32c3/register/soc/uart_reg.h:672,
uart1,UART_CONF0,0x020,UART_DSR_INV,21,1,RW,idf,0x0,0x0,0x0,R/W,IDF v5.5.3 soc/esp32c3/register/soc/uart_reg.h:666,
uart1,UART_CONF0,0x020,UART_TXD_INV,22,1,RW,idf,0x0,0x0,0x0,R/W,IDF v5.5.3 soc/esp32c3/register/soc/uart_reg.h:660,
uart1,UART_CONF0,0x020,UART_RTS_INV,23,1,RW,idf,0x0,0x0,0x0,R/W,IDF v5.5.3 soc/esp32c3/register/soc/uart_reg.h:654,
uart1,UART_CONF0,0x020,UART_DTR_INV,24,1,RW,idf,0x0,0x0,0x0,R/W,IDF v5.5.3 soc/esp32c3/register/soc/uart_reg.h:648,
uart1,UART_CONF0,0x020,UART_CLK_EN,25,1,RW,idf,0x0,0x0,0x0,R/W,IDF v5.5.3 soc/esp32c3/register/soc/uart_reg.h:641,
uart1,UART_CONF0,0x020,UART_ERR_WR_MASK,26,1,RW,idf,0x0,0x0,0x0,R/W,IDF v5.5.3 soc/esp32c3/register/soc/uart_reg.h:634,
uart1,UART_CONF0,0x020,UART_AUTOBAUD_EN,27,1,RW,idf,0x0,0x0,0x0,R/W,IDF v5.5.3 soc/esp32c3/register/soc/uart_reg.h:628,
uart1,UART_CONF0,0x020,UART_MEM_CLK_EN,28,1,RW,idf,0x1,0x1,0x1,R/W,IDF v5.5.3 soc/esp32c3/register/soc/uart_reg.h:622,
uart1,UART_CONF1,0x024,UART_RXFIFO_FULL_THRHD,0,9,RW,idf,0x60,0x60,0x60,R/W,IDF v5.5.3 soc/esp32c3/register/soc/uart_reg.h:823,
uart1,UART_CONF1,0x024,UART_TXFIFO_EMPTY_THRHD,9,9,RW,idf,0x60,0x60,0x60,R/W,IDF v5.5.3 soc/esp32c3/register/soc/uart_reg.h:816,
uart1,UART_CONF1,0x024,UART_DIS_RX_DAT_OVF,18,1,RW,idf,0x0,0x0,0x0,R/W,IDF v5.5.3 soc/esp32c3/register/soc/uart_reg.h:810,
uart1,UART_CONF1,0x024,UART_RX_TOUT_FLOW_DIS,19,1,RW,idf,0x0,0x0,0x0,R/W,IDF v5.5.3 soc/esp32c3/register/soc/uart_reg.h:804,
uart1,UART_CONF1,0x024,UART_RX_FLOW_EN,20,1,RW,idf,0x0,0x0,0x0,R/W,IDF v5.5.3 soc/esp32c3/register/soc/uart_reg.h:798,
uart1,UART_CONF1,0x024,UART_RX_TOUT_EN,21,1,RW,idf,0x0,0x0,0x0,R/W,IDF v5.5.3 soc/esp32c3/register/soc/uart_reg.h:792,
uart1,UART_LOWPULSE,0x028,UART_LOWPULSE_MIN_CNT,0,12,RO,idf,0xFFF,0xFFF,0xFFF,RO,IDF v5.5.3 soc/esp32c3/register/soc/uart_reg.h:832,
uart1,UART_HIGHPULSE,0x02C,UART_HIGHPULSE_MIN_CNT,0,12,RO,idf,0xFFF,0xFFF,0xFFF,RO,IDF v5.5.3 soc/esp32c3/register/soc/uart_reg.h:841,
uart1,UART_RXD_CNT,0x030,UART_RXD_EDGE_CNT,0,10,RO,idf,0x0,0x0,0x0,RO,IDF v5.5.3 soc/esp32c3/register/soc/uart_reg.h:850,
uart1,UART_FLOW_CONF,0x034,UART_SW_FLOW_CON_EN,0,1,RW,idf,0x0,0x0,0x0,R/W,IDF v5.5.3 soc/esp32c3/register/soc/uart_reg.h:889,
uart1,UART_FLOW_CONF,0x034,UART_XONOFF_DEL,1,1,RW,idf,0x0,0x0,0x0,R/W,IDF v5.5.3 soc/esp32c3/register/soc/uart_reg.h:883,
uart1,UART_FLOW_CONF,0x034,UART_FORCE_XON,2,1,RW,idf,0x0,0x0,0x0,R/W,IDF v5.5.3 soc/esp32c3/register/soc/uart_reg.h:877,
uart1,UART_FLOW_CONF,0x034,UART_FORCE_XOFF,3,1,RW,idf,0x0,0x0,0x0,R/W,IDF v5.5.3 soc/esp32c3/register/soc/uart_reg.h:871,
uart1,UART_FLOW_CONF,0x034,UART_SEND_XON,4,1,SC,UNVERIFIED,0x0,0x0,0x0,R/W/SS/SC,IDF v5.5.3 soc/esp32c3/register/soc/uart_reg.h:865,SS (hardware sets the field) is not modeled by the access type
uart1,UART_FLOW_CONF,0x034,UART_SEND_XOFF,5,1,SC,UNVERIFIED,0x0,0x0,0x0,R/W/SS/SC,IDF v5.5.3 soc/esp32c3/register/soc/uart_reg.h:859,SS (hardware sets the field) is not modeled by the access type
uart1,UART_SLEEP_CONF,0x038,UART_ACTIVE_THRESHOLD,0,10,RW,idf,0xF0,0xF0,0xF0,R/W,IDF v5.5.3 soc/esp32c3/register/soc/uart_reg.h:898,
uart1,UART_SWFC_CONF0,0x03C,UART_XOFF_THRESHOLD,0,9,RW,idf,0xE0,0xE0,0xE0,R/W,IDF v5.5.3 soc/esp32c3/register/soc/uart_reg.h:913,
uart1,UART_SWFC_CONF0,0x03C,UART_XOFF_CHAR,9,8,RW,idf,0x13,0x13,0x13,R/W,IDF v5.5.3 soc/esp32c3/register/soc/uart_reg.h:907,
uart1,UART_SWFC_CONF1,0x040,UART_XON_THRESHOLD,0,9,RW,idf,0x0,0x0,0x0,R/W,IDF v5.5.3 soc/esp32c3/register/soc/uart_reg.h:928,
uart1,UART_SWFC_CONF1,0x040,UART_XON_CHAR,9,8,RW,idf,0x11,0x11,0x11,R/W,IDF v5.5.3 soc/esp32c3/register/soc/uart_reg.h:922,
uart1,UART_TXBRK_CONF,0x044,UART_TX_BRK_NUM,0,8,RW,idf,0xA,0xA,0xA,R/W,IDF v5.5.3 soc/esp32c3/register/soc/uart_reg.h:937,
uart1,UART_IDLE_CONF,0x048,UART_RX_IDLE_THRHD,0,10,RW,idf,0x100,0x100,0x100,R/W,IDF v5.5.3 soc/esp32c3/register/soc/uart_reg.h:952,
uart1,UART_IDLE_CONF,0x048,UART_TX_IDLE_NUM,10,10,RW,idf,0x100,0x100,0x100,R/W,IDF v5.5.3 soc/esp32c3/register/soc/uart_reg.h:946,
uart1,UART_RS485_CONF,0x04C,UART_RS485_EN,0,1,RW,idf,0x0,0x0,0x0,R/W,IDF v5.5.3 soc/esp32c3/register/soc/uart_reg.h:998,
uart1,UART_RS485_CONF,0x04C,UART_DL0_EN,1,1,RW,idf,0x0,0x0,0x0,R/W,IDF v5.5.3 soc/esp32c3/register/soc/uart_reg.h:992,
uart1,UART_RS485_CONF,0x04C,UART_DL1_EN,2,1,RW,idf,0x0,0x0,0x0,R/W,IDF v5.5.3 soc/esp32c3/register/soc/uart_reg.h:986,
uart1,UART_RS485_CONF,0x04C,UART_RS485TX_RX_EN,3,1,RW,idf,0x0,0x0,0x0,R/W,IDF v5.5.3 soc/esp32c3/register/soc/uart_reg.h:979,
uart1,UART_RS485_CONF,0x04C,UART_RS485RXBY_TX_EN,4,1,RW,idf,0x0,0x0,0x0,R/W,IDF v5.5.3 soc/esp32c3/register/soc/uart_reg.h:973,
uart1,UART_RS485_CONF,0x04C,UART_RS485_RX_DLY_NUM,5,1,RW,idf,0x0,0x0,0x0,R/W,IDF v5.5.3 soc/esp32c3/register/soc/uart_reg.h:967,
uart1,UART_RS485_CONF,0x04C,UART_RS485_TX_DLY_NUM,6,4,RW,idf,0x0,0x0,0x0,R/W,IDF v5.5.3 soc/esp32c3/register/soc/uart_reg.h:961,
uart1,UART_AT_CMD_PRECNT,0x050,UART_PRE_IDLE_NUM,0,16,RW,idf,0x901,0x901,0x901,R/W,IDF v5.5.3 soc/esp32c3/register/soc/uart_reg.h:1006,
uart1,UART_AT_CMD_POSTCNT,0x054,UART_POST_IDLE_NUM,0,16,RW,idf,0x901,0x901,0x901,R/W,IDF v5.5.3 soc/esp32c3/register/soc/uart_reg.h:1015,
uart1,UART_AT_CMD_GAPTOUT,0x058,UART_RX_GAP_TOUT,0,16,RW,idf,0xB,0xB,0xB,R/W,IDF v5.5.3 soc/esp32c3/register/soc/uart_reg.h:1024,
uart1,UART_AT_CMD_CHAR,0x05C,UART_AT_CMD_CHAR,0,8,RW,idf,0x2B,0x2B,0x2B,R/W,IDF v5.5.3 soc/esp32c3/register/soc/uart_reg.h:1039,
uart1,UART_AT_CMD_CHAR,0x05C,UART_CHAR_NUM,8,8,RW,idf,0x3,0x3,0x3,R/W,IDF v5.5.3 soc/esp32c3/register/soc/uart_reg.h:1032,
uart1,UART_MEM_CONF,0x060,UART_RX_SIZE,1,3,RW,idf,0x1,0x1,0x1,R/W,IDF v5.5.3 soc/esp32c3/register/soc/uart_reg.h:1080,
uart1,UART_MEM_CONF,0x060,UART_TX_SIZE,4,3,RW,idf,0x1,0x1,0x1,R/W,IDF v5.5.3 soc/esp32c3/register/soc/uart_reg.h:1073,
uart1,UART_MEM_CONF,0x060,UART_RX_FLOW_THRHD,7,9,RW,idf,0x0,0x0,0x0,R/W,IDF v5.5.3 soc/esp32c3/register/soc/uart_reg.h:1066,
uart1,UART_MEM_CONF,0x060,UART_RX_TOUT_THRHD,16,10,RW,idf,0xA,0xA,0xA,R/W,IDF v5.5.3 soc/esp32c3/register/soc/uart_reg.h:1059,
uart1,UART_MEM_CONF,0x060,UART_MEM_FORCE_PD,26,1,RW,idf,0x0,0x0,0x0,R/W,IDF v5.5.3 soc/esp32c3/register/soc/uart_reg.h:1053,
uart1,UART_MEM_CONF,0x060,UART_MEM_FORCE_PU,27,1,RW,idf,0x0,0x0,0x0,R/W,IDF v5.5.3 soc/esp32c3/register/soc/uart_reg.h:1047,
uart1,UART_MEM_TX_STATUS,0x064,UART_APB_TX_WADDR,0,10,RO,idf,0x0,0x0,0x0,RO,IDF v5.5.3 soc/esp32c3/register/soc/uart_reg.h:1096,
uart1,UART_MEM_TX_STATUS,0x064,UART_TX_RADDR,11,10,RO,idf,0x0,0x0,0x0,RO,IDF v5.5.3 soc/esp32c3/register/soc/uart_reg.h:1089,
uart1,UART_MEM_RX_STATUS,0x068,UART_APB_RX_RADDR,0,10,RO,idf,0x100,0x100,0x100,RO,IDF v5.5.3 soc/esp32c3/register/soc/uart_reg.h:1112,
uart1,UART_MEM_RX_STATUS,0x068,UART_RX_WADDR,11,10,RO,idf,0x100,0x100,0x100,RO,IDF v5.5.3 soc/esp32c3/register/soc/uart_reg.h:1105,
uart1,UART_FSM_STATUS,0x06C,UART_ST_URX_OUT,0,4,RO,idf,0x0,0x0,0x0,RO,IDF v5.5.3 soc/esp32c3/register/soc/uart_reg.h:1127,
uart1,UART_FSM_STATUS,0x06C,UART_ST_UTX_OUT,4,4,RO,idf,0x0,0x0,0x0,RO,IDF v5.5.3 soc/esp32c3/register/soc/uart_reg.h:1121,
uart1,UART_POSPULSE,0x070,UART_POSEDGE_MIN_CNT,0,12,RO,idf,0xFFF,0xFFF,0xFFF,RO,IDF v5.5.3 soc/esp32c3/register/soc/uart_reg.h:1135,
uart1,UART_NEGPULSE,0x074,UART_NEGEDGE_MIN_CNT,0,12,RO,idf,0xFFF,0xFFF,0xFFF,RO,IDF v5.5.3 soc/esp32c3/register/soc/uart_reg.h:1144,
uart1,UART_CLK_CONF,0x078,UART_SCLK_DIV_B,0,6,RW,idf,0x0,0x0,0x0,R/W,IDF v5.5.3 soc/esp32c3/register/soc/uart_reg.h:1207,
uart1,UART_CLK_CONF,0x078,UART_SCLK_DIV_A,6,6,RW,idf,0x0,0x0,0x0,R/W,IDF v5.5.3 soc/esp32c3/register/soc/uart_reg.h:1201,
uart1,UART_CLK_CONF,0x078,UART_SCLK_DIV_NUM,12,8,RW,idf,0x1,0x1,0x1,R/W,IDF v5.5.3 soc/esp32c3/register/soc/uart_reg.h:1195,
uart1,UART_CLK_CONF,0x078,UART_SCLK_SEL,20,2,RW,idf,0x3,0x3,0x3,R/W,IDF v5.5.3 soc/esp32c3/register/soc/uart_reg.h:1189,
uart1,UART_CLK_CONF,0x078,UART_SCLK_EN,22,1,RW,idf,0x1,0x1,0x1,R/W,IDF v5.5.3 soc/esp32c3/register/soc/uart_reg.h:1183,
uart1,UART_CLK_CONF,0x078,UART_RST_CORE,23,1,RW,idf,0x0,0x0,0x0,R/W,IDF v5.5.3 soc/esp32c3/register/soc/uart_reg.h:1177,
uart1,UART_CLK_CONF,0x078,UART_TX_SCLK_EN,24,1,RW,idf,0x1,0x1,0x1,R/W,IDF v5.5.3 soc/esp32c3/register/soc/uart_reg.h:1171,
uart1,UART_CLK_CONF,0x078,UART_RX_SCLK_EN,25,1,RW,idf,0x1,0x1,0x1,R/W,IDF v5.5.3 soc/esp32c3/register/soc/uart_reg.h:1165,
uart1,UART_CLK_CONF,0x078,UART_TX_RST_CORE,26,1,RW,idf,0x0,0x0,0x0,R/W,IDF v5.5.3 soc/esp32c3/register/soc/uart_reg.h:1159,
uart1,UART_CLK_CONF,0x078,UART_RX_RST_CORE,27,1,RW,idf,0x0,0x0,0x0,R/W,IDF v5.5.3 soc/esp32c3/register/soc/uart_reg.h:1153,
uart1,UART_DATE,0x07C,UART_DATE,0,32,RW,idf,0x2008270,0x2008270,0x2008270,R/W,IDF v5.5.3 soc/esp32c3/register/soc/uart_reg.h:1215,
uart1,UART_ID,0x080,UART_ID,0,30,RW,idf,0x500,0x500,0x500,R/W,IDF v5.5.3 soc/esp32c3/register/soc/uart_reg.h:1237,
uart1,UART_ID,0x080,UART_HIGH_SPEED,30,1,RW,idf,0x1,0x1,0x1,R/W,IDF v5.5.3 soc/esp32c3/register/soc/uart_reg.h:1230,
uart1,UART_ID,0x080,UART_UPDATE,31,1,SC,idf,0x0,0x0,0x0,R/W/SC,IDF v5.5.3 soc/esp32c3/register/soc/uart_reg.h:1223,
i2c0,I2C_SCL_LOW_PERIOD,0x000,I2C_SCL_LOW_PERIOD,0,9,RW,idf,0x0,0x0,0x0,R/W,IDF v5.5.3 soc/esp32c3/register/soc/i2c_reg.h:16,
i2c0,I2C_CTR,0x004,I2C_SDA_FORCE_OUT,0,1,RW,idf,0x1,0x1,0x1,R/W,IDF v5.5.3 soc/esp32c3/register/soc/i2c_reg.h:108,
i2c0,I2C_CTR,0x004,I2C_SCL_FORCE_OUT,1,1,RW,idf,0x1,0x1,0x1,R/W,IDF v5.5.3 soc/esp32c3/register/soc/i2c_reg.h:102,
i2c0,I2C_CTR,0x004,I2C_SAMPLE_SCL_LEVEL,2,1,RW,idf,0x0,0x0,0x0,R/W,IDF v5.5.3 soc/esp32c3/register/soc/i2c_reg.h:96,
i2c0,I2C_CTR,0x004,I2C_RX_FULL_ACK_LEVEL,3,1,RW,idf,0x1,0x1,0x1,R/W,IDF v5.5.3 soc/esp32c3/register/soc/i2c_reg.h:90,
i2c0,I2C_CTR,0x004,I2C_MS_MODE,4,1,RW,idf,0x0,0x0,0x0,R/W,IDF v5.5.3 soc/esp32c3/register/soc/i2c_reg.h:84,
i2c0,I2C_CTR,0x004,I2C_TRANS_START,5,1,WT,idf,0x0,0x0,0x0,WT,IDF v5.5.3 soc/esp32c3/register/soc/i2c_reg.h:78,
i2c0,I2C_CTR,0x004,I2C_TX_LSB_FIRST,6,1,RW,idf,0x0,0x0,0x0,R/W,IDF v5.5.3 soc/esp32c3/register/soc/i2c_reg.h:72,
i2c0,I2C_CTR,0x004,I2C_RX_LSB_FIRST,7,1,RW,idf,0x0,0x0,0x0,R/W,IDF v5.5.3 soc/esp32c3/register/soc/i2c_reg.h:66,
i2c0,I2C_CTR,0x004,I2C_CLK_EN,8,1,RW,idf,0x0,0x0,0x0,R/W,IDF v5.5.3 soc/esp32c3/register/soc/i2c_reg.h:60,
i2c0,I2C_CTR,0x004,I2C_ARBITRATION_EN,9,1,RW,idf,0x1,0x1,0x1,R/W,IDF v5.5.3 soc/esp32c3/register/soc/i2c_reg.h:54,
i2c0,I2C_CTR,0x004,I2C_FSM_RST,10,1,WT,idf,0x0,0x0,0x0,WT,IDF v5.5.3 soc/esp32c3/register/soc/i2c_reg.h:48,
i2c0,I2C_CTR,0x004,I2C_CONF_UPGATE,11,1,WT,idf,0x0,0x0,0x0,WT,IDF v5.5.3 soc/esp32c3/register/soc/i2c_reg.h:42,
i2c0,I2C_CTR,0x004,I2C_SLV_TX_AUTO_START_EN,12,1,RW,idf,0x0,0x0,0x0,R/W,IDF v5.5.3 soc/esp32c3/register/soc/i2c_reg.h:36,
i2c0,I2C_CTR,0x004,I2C_ADDR_10BIT_RW_CHECK_EN,13,1,RW,idf,0x0,0x0,0x0,R/W,IDF v5.5.3 soc/esp32c3/register/soc/i2c_reg.h:30,
i2c0,I2C_CTR,0x004,I2C_ADDR_BROADCASTING_EN,14,1,RW,idf,0x0,0x0,0x0,R/W,IDF v5.5.3 soc/esp32c3/register/soc/i2c_reg.h:24,
i2c0,I2C_SR,0x008,I2C_RESP_REC,0,1,RO,idf,0x0,0x0,0x0,RO,IDF v5.5.3 soc/esp32c3/register/soc/i2c_reg.h:170,
i2c0,I2C_SR,0x008,I2C_SLAVE_RW,1,1,RO,idf,0x0,0x0,0x0,RO,IDF v5.5.3 soc/esp32c3/register/soc/i2c_reg.h:164,
i2c0,I2C_SR,0x008,I2C_ARB_LOST,3,1,RO,idf,0x0,0x0,0x0,RO,IDF v5.5.3 soc/esp32c3/register/soc/i2c_reg.h:158,
i2c0,I2C_SR,0x008,I2C_BUS_BUSY,4,1,RO,idf,0x0,0x0,0x0,RO,IDF v5.5.3 soc/esp32c3/register/soc/i2c_reg.h:152,
i2c0,I2C_SR,0x008,I2C_SLAVE_ADDRESSED,5,1,RO,idf,0x0,0x0,0x0,RO,IDF v5.5.3 soc/esp32c3/register/soc/i2c_reg.h:146,
i2c0,I2C_SR,0x008,I2C_RXFIFO_CNT,8,6,RO,idf,0x0,0x0,0x0,RO,IDF v5.5.3 soc/esp32c3/register/soc/i2c_reg.h:140,
i2c0,I2C_SR,0x008,I2C_STRETCH_CAUSE,14,2,RO,idf,0x3,0x3,0x3,RO,IDF v5.5.3 soc/esp32c3/register/soc/i2c_reg.h:134,
i2c0,I2C_SR,0x008,I2C_TXFIFO_CNT,18,6,RO,idf,0x0,0x0,0x0,RO,IDF v5.5.3 soc/esp32c3/register/soc/i2c_reg.h:128,
i2c0,I2C_SR,0x008,I2C_SCL_MAIN_STATE_LAST,24,3,RO,idf,0x0,0x0,0x0,RO,IDF v5.5.3 soc/esp32c3/register/soc/i2c_reg.h:122,
i2c0,I2C_SR,0x008,I2C_SCL_STATE_LAST,28,3,RO,idf,0x0,0x0,0x0,RO,IDF v5.5.3 soc/esp32c3/register/soc/i2c_reg.h:116,
i2c0,I2C_TO,0x00C,I2C_TIME_OUT_REG,0,5,RW,idf,0x10,0x10,0x10,R/W,IDF v5.5.3 soc/esp32c3/register/soc/i2c_reg.h:184,
i2c0,I2C_TO,0x00C,I2C_TIME_OUT_EN,5,1,RW,idf,0x0,0x0,0x0,R/W,IDF v5.5.3 soc/esp32c3/register/soc/i2c_reg.h:178,
i2c0,I2C_SLAVE_ADDR,0x010,I2C_SLAVE_ADDR,0,15,RW,idf,0x0,0x0,0x0,R/W,IDF v5.5.3 soc/esp32c3/register/soc/i2c_reg.h:198,
i2c0,I2C_SLAVE_ADDR,0x010,I2C_ADDR_10BIT_EN,31,1,RW,idf,0x0,0x0,0x0,R/W,IDF v5.5.3 soc/esp32c3/register/soc/i2c_reg.h:192,
i2c0,I2C_FIFO_ST,0x014,I2C_RXFIFO_RADDR,0,5,RO,idf,0x0,0x0,0x0,RO,IDF v5.5.3 soc/esp32c3/register/soc/i2c_reg.h:230,
i2c0,I2C_FIFO_ST,0x014,I2C_RXFIFO_WADDR,5,5,RO,idf,0x0,0x0,0x0,RO,IDF v5.5.3 soc/esp32c3/register/soc/i2c_reg.h:224,
i2c0,I2C_FIFO_ST,0x014,I2C_TXFIFO_RADDR,10,5,RO,idf,0x0,0x0,0x0,RO,IDF v5.5.3 soc/esp32c3/register/soc/i2c_reg.h:218,
i2c0,I2C_FIFO_ST,0x014,I2C_TXFIFO_WADDR,15,5,RO,idf,0x0,0x0,0x0,RO,IDF v5.5.3 soc/esp32c3/register/soc/i2c_reg.h:212,
i2c0,I2C_FIFO_ST,0x014,I2C_SLAVE_RW_POINT,22,8,RO,idf,0x0,0x0,0x0,RO,IDF v5.5.3 soc/esp32c3/register/soc/i2c_reg.h:206,
i2c0,I2C_FIFO_CONF,0x018,I2C_RXFIFO_WM_THRHD,0,5,RW,idf,0xB,0xB,0xB,R/W,IDF v5.5.3 soc/esp32c3/register/soc/i2c_reg.h:274,
i2c0,I2C_FIFO_CONF,0x018,I2C_TXFIFO_WM_THRHD,5,5,RW,idf,0x4,0x4,0x4,R/W,IDF v5.5.3 soc/esp32c3/register/soc/i2c_reg.h:268,
i2c0,I2C_FIFO_CONF,0x018,I2C_NONFIFO_EN,10,1,RW,idf,0x0,0x0,0x0,R/W,IDF v5.5.3 soc/esp32c3/register/soc/i2c_reg.h:262,
i2c0,I2C_FIFO_CONF,0x018,I2C_FIFO_ADDR_CFG_EN,11,1,RW,idf,0x0,0x0,0x0,R/W,IDF v5.5.3 soc/esp32c3/register/soc/i2c_reg.h:256,
i2c0,I2C_FIFO_CONF,0x018,I2C_RX_FIFO_RST,12,1,RW,idf,0x0,0x0,0x0,R/W,IDF v5.5.3 soc/esp32c3/register/soc/i2c_reg.h:250,
i2c0,I2C_FIFO_CONF,0x018,I2C_TX_FIFO_RST,13,1,RW,idf,0x0,0x0,0x0,R/W,IDF v5.5.3 soc/esp32c3/register/soc/i2c_reg.h:244,
i2c0,I2C_FIFO_CONF,0x018,I2C_FIFO_PRT_EN,14,1,RW,idf,0x1,0x1,0x1,R/W,IDF v5.5.3 soc/esp32c3/register/soc/i2c_reg.h:238,
i2c0,I2C_DATA,0x01C,I2C_FIFO_RDATA,0,8,RO,idf,0x0,0x0,0x0,RO,IDF v5.5.3 soc/esp32c3/register/soc/i2c_reg.h:282,
i2c0,I2C_INT_RAW,0x020,I2C_RXFIFO_WM_INT_RAW,0,1,RO,UNVERIFIED,0x0,0x0,0x0,R/SS/WTC,IDF v5.5.3 soc/esp32c3/register/soc/i2c_reg.h:392,WTC: cleared by writing the corresponding WT field; SS: hardware sets it
i2c0,I2C_INT_RAW,0x020,I2C_TXFIFO_WM_INT_RAW,1,1,RO,UNVERIFIED,0x1,0x1,0x1,R/SS/WTC,IDF v5.5.3 soc/esp32c3/register/soc/i2c_reg.h:386,WTC: cleared by writing the corresponding WT field; SS: hardware sets it
i2c0,I2C_INT_RAW,0x020,I2C_RXFIFO_OVF_INT_RAW,2,1,RO,UNVERIFIED,0x0,0x0,0x0,R/SS/WTC,IDF v5.5.3 soc/esp32c3/register/soc/i2c_reg.h:380,WTC: cleared by writing the corresponding WT field; SS: hardware sets it
i2c0,I2C_INT_RAW,0x020,I2C_END_DETECT_INT_RAW,3,1,RO,UNVERIFIED,0x0,0x0,0x0,R/SS/WTC,IDF v5.5.3 soc/esp32c3/register/soc/i2c_reg.h:374,WTC: cleared by writing the corresponding WT field; SS: hardware sets it
i2c0,I2C_INT_RAW,0x020,I2C_BYTE_TRANS_DONE_INT_RAW,4,1,RO,UNVERIFIED,0x0,0x0,0x0,R/SS/WTC,IDF v5.5.3 soc/esp32c3/register/soc/i2c_reg.h:368,WTC: cleared by writing the corresponding WT field; SS: hardware sets it
i2c0,I2C_INT_RAW,0x020,I2C_ARBITRATION_LOST_INT_RAW,5,1,RO,UNVERIFIED,0x0,0x0,0x0,R/SS/WTC,IDF v5.5.3 soc/esp32c3/register/soc/i2c_reg.h:362,WTC: cleared by writing the corresponding WT field; SS: hardware sets it
i2c0,I2C_INT_RAW,0x020,I2C_MST_TXFIFO_UDF_INT_RAW,6,1,RO,UNVERIFIED,0x0,0x0,0x0,R/SS/WTC,IDF v5.5.3 soc/esp32c3/register/soc/i2c_reg.h:356,WTC: cleared by writing the corresponding WT field; SS: hardware sets it
i2c0,I2C_INT_RAW,0x020,I2C_TRANS_COMPLETE_INT_RAW,7,1,RO,UNVERIFIED,0x0,0x0,0x0,R/SS/WTC,IDF v5.5.3 soc/esp32c3/register/soc/i2c_reg.h:350,WTC: cleared by writing the corresponding WT field; SS: hardware sets it
i2c0,I2C_INT_RAW,0x020,I2C_TIME_OUT_INT_RAW,8,1,RO,UNVERIFIED,0x0,0x0,0x0,R/SS/WTC,IDF v5.5.3 soc/esp32c3/register/soc/i2c_reg.h:344,WTC: cleared by writing the corresponding WT field; SS: hardware sets it
i2c0,I2C_INT_RAW,0x020,I2C_TRANS_START_INT_RAW,9,1,RO,UNVERIFIED,0x0,0x0,0x0,R/SS/WTC,IDF v5.5.3 soc/esp32c3/register/soc/i2c_reg.h:338,WTC: cleared by writing the corresponding WT field; SS: hardware sets it
i2c0,I2C_INT_RAW,0x020,I2C_NACK_INT_RAW,10,1,RO,UNVERIFIED,0x0,0x0,0x0,R/SS/WTC,IDF v5.5.3 soc/esp32c3/register/soc/i2c_reg.h:332,WTC: cleared by writing the corresponding WT field; SS: hardware sets it
i2c0,I2C_INT_RAW,0x020,I2C_TXFIFO_OVF_INT_RAW,11,1,RO,UNVERIFIED,0x0,0x0,0x0,R/SS/WTC,IDF v5.5.3 soc/esp32c3/register/soc/i2c_reg.h:326,WTC: cleared by writing the corresponding WT field; SS: hardware sets it
i2c0,I2C_INT_RAW,0x020,I2C_RXFIFO_UDF_INT_RAW,12,1,RO,UNVERIFIED,0x0,0x0,0x0,R/SS/WTC,IDF v5.5.3 soc/esp32c3/register/soc/i2c_reg.h:320,WTC: cleared by writing the corresponding WT field; SS: hardware sets it
i2c0,I2C_INT_RAW,0x020,I2C_SCL_ST_TO_INT_RAW,13,1,RO,UNVERIFIED,0x0,0x0,0x0,R/SS/WTC,IDF v5.5.3 soc/esp32c3/register/soc/i2c_reg.h:314,WTC: cleared by writing the corresponding WT field; SS: hardware sets it
i2c0,I2C_INT_RAW,0x020,I2C_SCL_MAIN_ST_TO_INT_RAW,14,1,RO,UNVERIFIED,0x0,0x0,0x0,R/SS/WTC,IDF v5.5.3 soc/esp32c3/register/soc/i2c_reg.h:308,WTC: cleared by writing the corresponding WT field; SS: hardware sets it
i2c0,I2C_INT_RAW,0x020,I2C_DET_START_INT_RAW,15,1,RO,UNVERIFIED,0x0,0x0,0x0,R/SS/WTC,IDF v5.5.3 soc/esp32c3/register/soc/i2c_reg.h:302,WTC: cleared by writing the corresponding WT field; SS: hardware sets it
i2c0,I2C_INT_RAW,0x020,I2C_SLAVE_STRETCH_INT_RAW,16,1,RO,UNVERIFIED,0x0,0x0,0x0,R/SS/WTC,IDF v5.5.3 soc/esp32c3/register/soc/i2c_reg.h:296,WTC: cleared by writing the corresponding WT field; SS: hardware sets it
i2c0,I2C_INT_RAW,0x020,I2C_GENERAL_CALL_INT_RAW,17,1,RO,UNVERIFIED,0x0,0x0,0x0,R/SS/WTC,IDF v5.5.3 soc/esp32c3/register/soc/i2c_reg.h:290,WTC: cleared by writing the corresponding WT field; SS: hardware sets it
i2c0,I2C_INT_CLR,0x024,I2C_RXFIFO_WM_INT_CLR,0,1,WT,idf,0x0,0x0,0x0,WT,IDF v5.5.3 soc/esp32c3/register/soc/i2c_reg.h:502,
i2c0,I2C_INT_CLR,0x024,I2C_TXFIFO_WM_INT_CLR,1,1,WT,idf,0x0,0x0,0x0,WT,IDF v5.5.3 soc/esp32c3/register/soc/i2c_reg.h:496,
i2c0,I2C_INT_CLR,0x024,I2C_RXFIFO_OVF_INT_CLR,2,1,WT,idf,0x0,0x0,0x0,WT,IDF v5.5.3 soc/esp32c3/register/soc/i2c_reg.h:490,
i2c0,I2C_INT_CLR,0x024,I2C_END_DETECT_INT_CLR,3,1,WT,idf,0x0,0x0,0x0,WT,IDF v5.5.3 soc/esp32c3/register/soc/i2c_reg.h:484,
i2c0,I2C_INT_CLR,0x024,I2C_BYTE_TRANS_DONE_INT_CLR,4,1,WT,idf,0x0,0x0,0x0,WT,IDF v5.5.3 soc/esp32c3/register/soc/i2c_reg.h:478,
i2c0,I2C_INT_CLR,0x024,I2C_ARBITRATION_LOST_INT_CLR,5,1,WT,idf,0x0,0x0,0x0,WT,IDF v5.5.3 soc/esp32c3/register/soc/i2c_reg.h:472,
i2c0,I2C_INT_CLR,0x024,I2C_MST_TXFIFO_UDF_INT_CLR,6,1,WT,idf,0x0,0x0,0x0,WT,IDF v5.5.3 soc/esp32c3/register/soc/i2c_reg.h:466,
i2c0,I2C_INT_CLR,0x024,I2C_TRANS_COMPLETE_INT_CLR,7,1,WT,idf,0x0,0x0,0x0,WT,IDF v5.5.3 soc/esp32c3/register/soc/i2c_reg.h:460,
i2c0,I2C_INT_CLR,0x024,I2C_TIME_OUT_INT_CLR,8,1,WT,idf,0x0,0x0,0x0,WT,IDF v5.5.3 soc/esp32c3/register/soc/i2c_reg.h:454,
i2c0,I2C_INT_CLR,0x024,I2C_TRANS_START_INT_CLR,9,1,WT,idf,0x0,0x0,0x0,WT,IDF v5.5.3 soc/esp32c3/register/soc/i2c_reg.h:448,
i2c0,I2C_INT_CLR,0x024,I2C_NACK_INT_CLR,10,1,WT,idf,0x0,0x0,0x0,WT,IDF v5.5.3 soc/esp32c3/register/soc/i2c_reg.h:442,
i2c0,I2C_INT_CLR,0x024,I2C_TXFIFO_OVF_INT_CLR,11,1,WT,idf,0x0,0x0,0x0,WT,IDF v5.5.3 soc/esp32c3/register/soc/i2c_reg.h:436,
i2c0,I2C_INT_CLR,0x024,I2C_RXFIFO_UDF_INT_CLR,12,1,WT,idf,0x0,0x0,0x0,WT,IDF v5.5.3 soc/esp32c3/register/soc/i2c_reg.h:430,
i2c0,I2C_INT_CLR,0x024,I2C_SCL_ST_TO_INT_CLR,13,1,WT,idf,0x0,0x0,0x0,WT,IDF v5.5.3 soc/esp32c3/register/soc/i2c_reg.h:424,
i2c0,I2C_INT_CLR,0x024,I2C_SCL_MAIN_ST_TO_INT_CLR,14,1,WT,idf,0x0,0x0,0x0,WT,IDF v5.5.3 soc/esp32c3/register/soc/i2c_reg.h:418,
i2c0,I2C_INT_CLR,0x024,I2C_DET_START_INT_CLR,15,1,WT,idf,0x0,0x0,0x0,WT,IDF v5.5.3 soc/esp32c3/register/soc/i2c_reg.h:412,
i2c0,I2C_INT_CLR,0x024,I2C_SLAVE_STRETCH_INT_CLR,16,1,WT,idf,0x0,0x0,0x0,WT,IDF v5.5.3 soc/esp32c3/register/soc/i2c_reg.h:406,
i2c0,I2C_INT_CLR,0x024,I2C_GENERAL_CALL_INT_CLR,17,1,WT,idf,0x0,0x0,0x0,WT,IDF v5.5.3 soc/esp32c3/register/soc/i2c_reg.h:400,
i2c0,I2C_INT_ENA,0x028,I2C_RXFIFO_WM_INT_ENA,0,1,RW,idf,0x0,0x0,0x0,R/W,IDF v5.5.3 soc/esp32c3/register/soc/i2c_reg.h:612,
i2c0,I2C_INT_ENA,0x028,I2C_TXFIFO_WM_INT_ENA,1,1,RW,idf,0x0,0x0,0x0,R/W,IDF v5.5.3 soc/esp32c3/register/soc/i2c_reg.h:606,
i2c0,I2C_INT_ENA,0x028,I2C_RXFIFO_OVF_INT_ENA,2,1,RW,idf,0x0,0x0,0x0,R/W,IDF v5.5.3 soc/esp32c3/register/soc/i2c_reg.h:600,
i2c0,I2C_INT_ENA,0x028,I2C_END_DETECT_INT_ENA,3,1,RW,idf,0x0,0x0,0x0,R/W,IDF v5.5.3 soc/esp32c3/register/soc/i2c_reg.h:594,
i2c0,I2C_INT_ENA,0x028,I2C_BYTE_TRANS_DONE_INT_ENA,4,1,RW,idf,0x0,0x0,0x0,R/W,IDF v5.5.3 soc/esp32c3/register/soc/i2c_reg.h:588,
i2c0,I2C_INT_ENA,0x028,I2C_ARBITRATION_LOST_INT_ENA,5,1,RW,idf,0x0,0x0,0x0,R/W,IDF v5.5.3 soc/esp32c3/register/soc/i2c_reg.h:582,
i2c0,I2C_INT_ENA,0x028,I2C_MST_TXFIFO_UDF_INT_ENA,6,1,RW,idf,0x0,0x0,0x0,R/W,IDF v5.5.3 soc/esp32c3/register/soc/i2c_reg.h:576,
i2c0,I2C_INT_ENA,0x028,I2C_TRANS_COMPLETE_INT_ENA,7,1,RW,idf,0x0,0x0,0x0,R/W,IDF v5.5.3 soc/esp32c3/register/soc/i2c_reg.h:570,
i2c0,I2C_INT_ENA,0x028,I2C_TIME_OUT_INT_ENA,8,1,RW,idf,0x0,0x0,0x0,R/W,IDF v5.5.3 soc/esp32c3/register/soc/i2c_reg.h:564,
i2c0,I2C_INT_ENA,0x028,I2C_TRANS_START_INT_ENA,9,1,RW,idf,0x0,0x0,0x0,R/W,IDF v5.5.3 soc/esp32c3/register/soc/i2c_reg.h:558,
i2c0,I2C_INT_ENA,0x028,I2C_NACK_INT_ENA,10,1,RW,idf,0x0,0x0,0x0,R/W,IDF v5.5.3 soc/esp32c3/register/soc/i2c_reg.h:552,
i2c0,I2C_INT_ENA,0x028,I2C_TXFIFO_OVF_INT_ENA,11,1,RW,idf,0x0,0x0,0x0,R/W,IDF v5.5.3 soc/esp32c3/register/soc/i2c_reg.h:546,
i2c0,I2C_INT_ENA,0x028,I2C_RXFIFO_UDF_INT_ENA,12,1,RW,idf,0x0,0x0,0x0,R/W,IDF v5.5.3 soc/esp32c3/register/soc/i2c_reg.h:540,
i2c0,I2C_INT_ENA,0x028,I2C_SCL_ST_TO_INT_ENA,13,1,RW,idf,0x0,0x0,0x0,R/W,IDF v5.5.3 soc/esp32c3/register/soc/i2c_reg.h:534,
i2c0,I2C_INT_ENA,0x028,I2C_SCL_MAIN_ST_TO_INT_ENA,14,1,RW,idf,0x0,0x0,0x0,R/W,IDF v5.5.3 soc/esp32c3/register/soc/i2c_reg.h:528,
i2c0,I2C_INT_ENA,0x028,I2C_DET_START_INT_ENA,15,1,RW,idf,0x0,0x0,0x0,R/W,IDF v5.5.3 soc/esp32c3/register/soc/i2c_reg.h:522,
i2c0,I2C_INT_ENA,0x028,I2C_SLAVE_STRETCH_INT_ENA,16,1,RW,idf,0x0,0x0,0x0,R/W,IDF v5.5.3 soc/esp32c3/register/soc/i2c_reg.h:516,
i2c0,I2C_INT_ENA,0x028,I2C_GENERAL_CALL_INT_ENA,17,1,RW,idf,0x0,0x0,0x0,R/W,IDF v5.5.3 soc/esp32c3/register/soc/i2c_reg.h:510,
i2c0,I2C_INT_STATUS,0x02C,I2C_RXFIFO_WM_INT_ST,0,1,RO,idf,0x0,0x0,0x0,RO,IDF v5.5.3 soc/esp32c3/register/soc/i2c_reg.h:722,
i2c0,I2C_INT_STATUS,0x02C,I2C_TXFIFO_WM_INT_ST,1,1,RO,idf,0x0,0x0,0x0,RO,IDF v5.5.3 soc/esp32c3/register/soc/i2c_reg.h:716,
i2c0,I2C_INT_STATUS,0x02C,I2C_RXFIFO_OVF_INT_ST,2,1,RO,idf,0x0,0x0,0x0,RO,IDF v5.5.3 soc/esp32c3/register/soc/i2c_reg.h:710,
i2c0,I2C_INT_STATUS,0x02C,I2C_END_DETECT_INT_ST,3,1,RO,idf,0x0,0x0,0x0,RO,IDF v5.5.3 soc/esp32c3/register/soc/i2c_reg.h:704,
i2c0,I2C_INT_STATUS,0x02C,I2C_BYTE_TRANS_DONE_INT_ST,4,1,RO,idf,0x0,0x0,0x0,RO,IDF v5.5.3 soc/esp32c3/register/soc/i2c_reg.h:698,
i2c0,I2C_INT_STATUS,0x02C,I2C_ARBITRATION_LOST_INT_ST,5,1,RO,idf,0x0,0x0,0x0,RO,IDF v5.5.3 soc/esp32c3/register/soc/i2c_reg.h:692,
i2c0,I2C_INT_STATUS,0x02C,I2C_MST_TXFIFO_UDF_INT_ST,6,1,RO,idf,0x0,0x0,0x0,RO,IDF v5.5.3 soc/esp32c3/register/soc/i2c_reg.h:686,
i2c0,I2C_INT_STATUS,0x02C,I2C_TRANS_COMPLETE_INT_ST,7,1,RO,idf,0x0,0x0,0x0,RO,IDF v5.5.3 soc/esp32c3/register/soc/i2c_reg.h:680,
i2c0,I2C_INT_STATUS,0x02C,I2C_TIME_OUT_INT_ST,8,1,RO,idf,0x0,0x0,0x0,RO,IDF v5.5.3 soc/esp32c3/register/soc/i2c_reg.h:674,
i2c0,I2C_INT_STATUS,0x02C,I2C_TRANS_START_INT_ST,9,1,RO,idf,0x0,0x0,0x0,RO,IDF v5.5.3 soc/esp32c3/register/soc/i2c_reg.h:668,
i2c0,I2C_INT_STATUS,0x02C,I2C_NACK_INT_ST,10,1,RO,idf,0x0,0x0,0x0,RO,IDF v5.5.3 soc/esp32c3/register/soc/i2c_reg.h:662,
i2c0,I2C_INT_STATUS,0x02C,I2C_TXFIFO_OVF_INT_ST,11,1,RO,idf,0x0,0x0,0x0,RO,IDF v5.5.3 soc/esp32c3/register/soc/i2c_reg.h:656,
i2c0,I2C_INT_STATUS,0x02C,I2C_RXFIFO_UDF_INT_ST,12,1,RO,idf,0x0,0x0,0x0,RO,IDF v5.5.3 soc/esp32c3/register/soc/i2c_reg.h:650,
i2c0,I2C_INT_STATUS,0x02C,I2C_SCL_ST_TO_INT_ST,13,1,RO,idf,0x0,0x0,0x0,RO,IDF v5.5.3 soc/esp32c3/register/soc/i2c_reg.h:644,
i2c0,I2C_INT_STATUS,0x02C,I2C_SCL_MAIN_ST_TO_INT_ST,14,1,RO,idf,0x0,0x0,0x0,RO,IDF v5.5.3 soc/esp32c3/register/soc/i2c_reg.h:638,
i2c0,I2C_INT_STATUS,0x02C,I2C_DET_START_INT_ST,15,1,RO,idf,0x0,0x0,0x0,RO,IDF v5.5.3 soc/esp32c3/register/soc/i2c_reg.h:632,
i2c0,I2C_INT_STATUS,0x02C,I2C_SLAVE_STRETCH_INT_ST,16,1,RO,idf,0x0,0x0,0x0,RO,IDF v5.5.3 soc/esp32c3/register/soc/i2c_reg.h:626,
i2c0,I2C_INT_STATUS,0x02C,I2C_GENERAL_CALL_INT_ST,17,1,RO,idf,0x0,0x0,0x0,RO,IDF v5.5.3 soc/esp32c3/register/soc/i2c_reg.h:620,
i2c0,I2C_SDA_HOLD,0x030,I2C_SDA_HOLD_TIME,0,9,RW,idf,0x0,0x0,0x0,R/W,IDF v5.5.3 soc/esp32c3/register/soc/i2c_reg.h:730,
i2c0,I2C_SDA_SAMPLE,0x034,I2C_SDA_SAMPLE_TIME,0,9,RW,idf,0x0,0x0,0x0,R/W,IDF v5.5.3 soc/esp32c3/register/soc/i2c_reg.h:738,
i2c0,I2C_SCL_HIGH_PERIOD,0x038,I2C_SCL_HIGH_PERIOD,0,9,RW,idf,0x0,0x0,0x0,R/W,IDF v5.5.3 soc/esp32c3/register/soc/i2c_reg.h:752,
i2c0,I2C_SCL_HIGH_PERIOD,0x038,I2C_SCL_WAIT_HIGH_PERIOD,9,7,RW,idf,0x0,0x0,0x0,R/W,IDF v5.5.3 soc/esp32c3/register/soc/i2c_reg.h:746,
i2c0,I2C_SCL_START_HOLD,0x040,I2C_SCL_START_HOLD_TIME,0,9,RW,idf,0x8,0x8,0x8,R/W,IDF v5.5.3 soc/esp32c3/register/soc/i2c_reg.h:760,
i2c0,I2C_SCL_RSTART_SETUP,0x044,I2C_SCL_RSTART_SETUP_TIME,0,9,RW,idf,0x8,0x8,0x8,R/W,IDF v5.5.3 soc/esp32c3/register/soc/i2c_reg.h:768,
i2c0,I2C_SCL_STOP_HOLD,0x048,I2C_SCL_STOP_HOLD_TIME,0,9,RW,idf,0x8,0x8,0x8,R/W,IDF v5.5.3 soc/esp32c3/register/soc/i2c_reg.h:776,
i2c0,I2C_SCL_STOP_SETUP,0x04C,I2C_SCL_STOP_SETUP_TIME,0,9,RW,idf,0x8,0x8,0x8,R/W,IDF v5.5.3 soc/esp32c3/register/soc/i2c_reg.h:784,
i2c0,I2C_FILTER_CFG,0x050,I2C_SCL_FILTER_THRES,0,4,RW,idf,0x0,0x0,0x0,R/W,IDF v5.5.3 soc/esp32c3/register/soc/i2c_reg.h:810,
i2c0,I2C_FILTER_CFG,0x050,I2C_SDA_FILTER_THRES,4,4,RW,idf,0x0,0x0,0x0,R/W,IDF v5.5.3 soc/esp32c3/register/soc/i2c_reg.h:804,
i2c0,I2C_FILTER_CFG,0x050,I2C_SCL_FILTER_EN,8,1,RW,idf,0x1,0x1,0x1,R/W,IDF v5.5.3 soc/esp32c3/register/soc/i2c_reg.h:798,
i2c0,I2C_FILTER_CFG,0x050,I2C_SDA_FILTER_EN,9,1,RW,idf,0x1,0x1,0x1,R/W,IDF v5.5.3 soc/esp32c3/register/soc/i2c_reg.h:792,
i2c0,I2C_CLK_CONF,0x054,I2C_SCLK_DIV_NUM,0,8,RW,idf,0x0,0x0,0x0,R/W,IDF v5.5.3 soc/esp32c3/register/soc/i2c_reg.h:842,
i2c0,I2C_CLK_CONF,0x054,I2C_SCLK_DIV_A,8,6,RW,idf,0x0,0x0,0x0,R/W,IDF v5.5.3 soc/esp32c3/register/soc/i2c_reg.h:836,
i2c0,I2C_CLK_CONF,0x054,I2C_SCLK_DIV_B,14,6,RW,idf,0x0,0x0,0x0,R/W,IDF v5.5.3 soc/esp32c3/register/soc/i2c_reg.h:830,
i2c0,I2C_CLK_CONF,0x054,I2C_SCLK_SEL,20,1,RW,idf,0x0,0x0,0x0,R/W,IDF v5.5.3 soc/esp32c3/register/soc/i2c_reg.h:824,
i2c0,I2C_CLK_CONF,0x054,I2C_SCLK_ACTIVE,21,1,RW,idf,0x1,0x1,0x1,R/W,IDF v5.5.3 soc/esp32c3/register/soc/i2c_reg.h:818,
i2c0,I2C_COMD0,0x058,I2C_COMMAND0,0,14,RW,idf,0x0,0x0,0x0,R/W,IDF v5.5.3 soc/esp32c3/register/soc/i2c_reg.h:856,
i2c0,I2C_COMD0,0x058,I2C_COMMAND0_DONE,31,1,RW,UNVERIFIED,0x0,0x0,0x0,R/W/SS,IDF v5.5.3 soc/esp32c3/register/soc/i2c_reg.h:850,SS (hardware sets the field) is not modeled by the access type
i2c0,I2C_COMD1,0x05C,I2C_COMMAND1,0,14,RW,idf,0x0,0x0,0x0,R/W,IDF v5.5.3 soc/esp32c3/register/soc/i2c_reg.h:870,
i2c0,I2C_COMD1,0x05C,I2C_COMMAND1_DONE,31,1,RW,UNVERIFIED,0x0,0x0,0x0,R/W/SS,IDF v5.5.3 soc/esp32c3/register/soc/i2c_reg.h:864,SS (hardware sets the field) is not modeled by the access type
i2c0,I2C_COMD2,0x060,I2C_COMMAND2,0,14,RW,idf,0x0,0x0,0x0,R/W,IDF v5.5.3 soc/esp32c3/register/soc/i2c_reg.h:884,
i2c0,I2C_COMD2,0x060,I2C_COMMAND2_DONE,31,1,RW,UNVERIFIED,0x0,0x0,0x0,R/W/SS,IDF v5.5.3 soc/esp32c3/register/soc/i2c_reg.h:878,SS (hardware sets the field) is not modeled by the access type
i2c0,I2C_COMD3,0x064,I2C_COMMAND3,0,14,RW,idf,0x0,0x0,0x0,R/W,IDF v5.5.3 soc/esp32c3/register/soc/i2c_reg.h:898,
i2c0,I2C_COMD3,0x064,I2C_COMMAND3_DONE,31,1,RW,UNVERIFIED,0x0,0x0,0x0,R/W/SS,IDF v5.5.3 soc/esp32c3/register/soc/i2c_reg.h:892,SS (hardware sets the field) is not modeled by the access type
i2c0,I2C_COMD4,0x068,I2C_COMMAND4,0,14,RW,idf,0x0,0x0,0x0,R/W,IDF v5.5.3 soc/esp32c3/register/soc/i2c_reg.h:912,
i2c0,I2C_COMD4,0x068,I2C_COMMAND4_DONE,31,1,RW,UNVERIFIED,0x0,0x0,0x0,R/W/SS,IDF v5.5.3 soc/esp32c3/register/soc/i2c_reg.h:906,SS (hardware sets the field) is not modeled by the access type
i2c0,I2C_COMD5,0x06C,I2C_COMMAND5,0,14,RW,idf,0x0,0x0,0x0,R/W,IDF v5.5.3 soc/esp32c3/register/soc/i2c_reg.h:926,
i2c0,I2C_COMD5,0x06C,I2C_COMMAND5_DONE,31,1,RW,UNVERIFIED,0x0,0x0,0x0,R/W/SS,IDF v5.5.3 soc/esp32c3/register/soc/i2c_reg.h:920,SS (hardware sets the field) is not modeled by the access type
i2c0,I2C_COMD6,0x070,I2C_COMMAND6,0,14,RW,idf,0x0,0x0,0x0,R/W,IDF v5.5.3 soc/esp32c3/register/soc/i2c_reg.h:940,
i2c0,I2C_COMD6,0x070,I2C_COMMAND6_DONE,31,1,RW,UNVERIFIED,0x0,0x0,0x0,R/W/SS,IDF v5.5.3 soc/esp32c3/register/soc/i2c_reg.h:934,SS (hardware sets the field) is not modeled by the access type
i2c0,I2C_COMD7,0x074,I2C_COMMAND7,0,14,RW,idf,0x0,0x0,0x0,R/W,IDF v5.5.3 soc/esp32c3/register/soc/i2c_reg.h:954,
i2c0,I2C_COMD7,0x074,I2C_COMMAND7_DONE,31,1,RW,UNVERIFIED,0x0,0x0,0x0,R/W/SS,IDF v5.5.3 soc/esp32c3/register/soc/i2c_reg.h:948,SS (hardware sets the field) is not modeled by the access type
i2c0,I2C_SCL_ST_TIME_OUT,0x078,I2C_SCL_ST_TO_REG,0,5,RW,idf,0x10,0x10,0x10,R/W,IDF v5.5.3 soc/esp32c3/register/soc/i2c_reg.h:962,
i2c0,I2C_SCL_MAIN_ST_TIME_OUT,0x07C,I2C_SCL_MAIN_ST_TO_REG,0,5,RW,idf,0x10,0x10,0x10,R/W,IDF v5.5.3 soc/esp32c3/register/soc/i2c_reg.h:970,
i2c0,I2C_SCL_SP_CONF,0x080,I2C_SCL_RST_SLV_EN,0,1,SC,idf,0x0,0x0,0x0,R/W/SC,IDF v5.5.3 soc/esp32c3/register/soc/i2c_reg.h:996,
i2c0,I2C_SCL_SP_CONF,0x080,I2C_SCL_RST_SLV_NUM,1,5,RW,idf,0x0,0x0,0x0,R/W,IDF v5.5.3 soc/esp32c3/register/soc/i2c_reg.h:990,
i2c0,I2C_SCL_SP_CONF,0x080,I2C_SCL_PD_EN,6,1,RW,idf,0x0,0x0,0x0,R/W,IDF v5.5.3 soc/esp32c3/register/soc/i2c_reg.h:984,
i2c0,I2C_SCL_SP_CONF,0x080,I2C_SDA_PD_EN,7,1,RW,idf,0x0,0x0,0x0,R/W,IDF v5.5.3 soc/esp32c3/register/soc/i2c_reg.h:978,
i2c0,I2C_SCL_STRETCH_CONF,0x084,I2C_STRETCH_PROTECT_NUM,0,10,RW,idf,0x0,0x0,0x0,R/W,IDF v5.5.3 soc/esp32c3/register/soc/i2c_reg.h:1028,
i2c0,I2C_SCL_STRETCH_CONF,0x084,I2C_SLAVE_SCL_STRETCH_EN,10,1,RW,idf,0x0,0x0,0x0,R/W,IDF v5.5.3 soc/esp32c3/register/soc/i2c_reg.h:1022,
i2c0,I2C_SCL_STRETCH_CONF,0x084,I2C_SLAVE_SCL_STRETCH_CLR,11,1,WT,idf,0x0,0x0,0x0,WT,IDF v5.5.3 soc/esp32c3/register/soc/i2c_reg.h:1016,
i2c0,I2C_SCL_STRETCH_CONF,0x084,I2C_SLAVE_BYTE_ACK_CTL_EN,12,1,RW,idf,0x0,0x0,0x0,R/W,IDF v5.5.3 soc/esp32c3/register/soc/i2c_reg.h:1010,
i2c0,I2C_SCL_STRETCH_CONF,0x084,I2C_SLAVE_BYTE_ACK_LVL,13,1,RW,idf,0x0,0x0,0x0,R/W,IDF v5.5.3 soc/esp32c3/register/soc/i2c_reg.h:1004,
i2c0,I2C_DATE,0x0F8,I2C_DATE,0,32,RW,idf,0x20070201,0x20070201,0x20070201,R/W,IDF v5.5.3 soc/esp32c3/register/soc/i2c_reg.h:1036,
uhci0,UHCI_CONF0,0x000,UHCI_TX_RST,0,1,RW,idf,0x0,0x0,0x0,R/W,IDF v5.5.3 soc/esp32c3/register/soc/uhci_reg.h:86,
uhci0,UHCI_CONF0,0x000,UHCI_RX_RST,1,1,RW,idf,0x0,0x0,0x0,R/W,IDF v5.5.3 soc/esp32c3/register/soc/uhci_reg.h:80,
uhci0,UHCI_CONF0,0x000,UHCI_UART0_CE,2,1,RW,idf,0x0,0x0,0x0,R/W,IDF v5.5.3 soc/esp32c3/register/soc/uhci_reg.h:74,
uhci0,UHCI_CONF0,0x000,UHCI_UART1_CE,3,1,RW,idf,0x0,0x0,0x0,R/W,IDF v5.5.3 soc/esp32c3/register/soc/uhci_reg.h:68,
uhci0,UHCI_CONF0,0x000,UHCI_SEPER_EN,5,1,RW,idf,0x1,0x1,0x1,R/W,IDF v5.5.3 soc/esp32c3/register/soc/uhci_reg.h:62,
uhci0,UHCI_CONF0,0x000,UHCI_HEAD_EN,6,1,RW,idf,0x1,0x1,0x1,R/W,IDF v5.5.3 soc/esp32c3/register/soc/uhci_reg.h:56,
uhci0,UHCI_CONF0,0x000,UHCI_CRC_REC_EN,7,1,RW,idf,0x1,0x1,0x1,R/W,IDF v5.5.3 soc/esp32c3/register/soc/uhci_reg.h:50,
uhci0,UHCI_CONF0,0x000,UHCI_UART_IDLE_EOF_EN,8,1,RW,idf,0x0,0x0,0x0,R/W,IDF v5.5.3 soc/esp32c3/register/soc/uhci_reg.h:43,
uhci0,UHCI_CONF0,0x000,UHCI_LEN_EOF_EN,9,1,RW,idf,0x1,0x1,0x1,R/W,IDF v5.5.3 soc/esp32c3/register/soc/uhci_reg.h:36,
uhci0,UHCI_CONF0,0x000,UHCI_ENCODE_CRC_EN,10,1,RW,idf,0x1,0x1,0x1,R/W,IDF v5.5.3 soc/esp32c3/register/soc/uhci_reg.h:29,
uhci0,UHCI_CONF0,0x000,UHCI_CLK_EN,11,1,RW,idf,0x0,0x0,0x0,R/W,IDF v5.5.3 soc/esp32c3/register/soc/uhci_reg.h:22,
uhci0,UHCI_CONF0,0x000,UHCI_UART_RX_BRK_EOF_EN,12,1,RW,idf,0x0,0x0,0x0,R/W,IDF v5.5.3 soc/esp32c3/register/soc/uhci_reg.h:15,
uhci0,UHCI_INT_RAW,0x004,UHCI_RX_START_INT_RAW,0,1,RO,UNVERIFIED,0x0,0x0,0x0,R/WTC/SS,IDF v5.5.3 soc/esp32c3/register/soc/uhci_reg.h:143,WTC: cleared by writing the corresponding WT field; SS: hardware sets it
uhci0,UHCI_INT_RAW,0x004,UHCI_TX_START_INT_RAW,1,1,RO,UNVERIFIED,0x0,0x0,0x0,R/WTC/SS,IDF v5.5.3 soc/esp32c3/register/soc/uhci_reg.h:137,WTC: cleared by writing the corresponding WT field; SS: hardware sets it
uhci0,UHCI_INT_RAW,0x004,UHCI_RX_HUNG_INT_RAW,2,1,RO,UNVERIFIED,0x0,0x0,0x0,R/WTC/SS,IDF v5.5.3 soc/esp32c3/register/soc/uhci_reg.h:131,WTC: cleared by writing the corresponding WT field; SS: hardware sets it
uhci0,UHCI_INT_RAW,0x004,UHCI_TX_HUNG_INT_RAW,3,1,RO,UNVERIFIED,0x0,0x0,0x0,R/WTC/SS,IDF v5.5.3 soc/esp32c3/register/soc/uhci_reg.h:125,WTC: cleared by writing the corresponding WT field; SS: hardware sets it
uhci0,UHCI_INT_RAW,0x004,UHCI_SEND_S_Q_INT_RAW,4,1,RO,UNVERIFIED,0x0,0x0,0x0,R/WTC/SS,IDF v5.5.3 soc/esp32c3/register/soc/uhci_reg.h:119,WTC: cleared by writing the corresponding WT field; SS: hardware sets it
uhci0,UHCI_INT_RAW,0x004,UHCI_SEND_A_Q_INT_RAW,5,1,RO,UNVERIFIED,0x0,0x0,0x0,R/WTC/SS,IDF v5.5.3 soc/esp32c3/register/soc/uhci_reg.h:113,WTC: cleared by writing the corresponding WT field; SS: hardware sets it
uhci0,UHCI_INT_RAW,0x004,UHCI_OUTLINK_EOF_ERR_INT_RAW,6,1,RO,UNVERIFIED,0x0,0x0,0x0,R/WTC/SS,IDF v5.5.3 soc/esp32c3/register/soc/uhci_reg.h:106,WTC: cleared by writing the corresponding WT field; SS: hardware sets it
uhci0,UHCI_INT_RAW,0x004,UHCI_APP_CTRL0_INT_RAW,7,1,RW,idf,0x0,0x0,0x0,R/W,IDF v5.5.3 soc/esp32c3/register/soc/uhci_reg.h:100,
uhci0,UHCI_INT_RAW,0x004,UHCI_APP_CTRL1_INT_RAW,8,1,RW,idf,0x0,0x0,0x0,R/W,IDF v5.5.3 soc/esp32c3/register/soc/uhci_reg.h:94,
uhci0,UHCI_INT_ST,0x008,UHCI_RX_START_INT_ST,0,1,RO,idf,0x0,0x0,0x0,RO,IDF v5.5.3 soc/esp32c3/register/soc/uhci_reg.h:199,
uhci0,UHCI_INT_ST,0x008,UHCI_TX_START_INT_ST,1,1,RO,idf,0x0,0x0,0x0,RO,IDF v5.5.3 soc/esp32c3/register/soc/uhci_reg.h:193,
uhci0,UHCI_INT_ST,0x008,UHCI_RX_HUNG_INT_ST,2,1,RO,idf,0x0,0x0,0x0,RO,IDF v5.5.3 soc/esp32c3/register/soc/uhci_reg.h:187,
uhci0,UHCI_INT_ST,0x008,UHCI_TX_HUNG_INT_ST,3,1,RO,idf,0x0,0x0,0x0,RO,IDF v5.5.3 soc/esp32c3/register/soc/uhci_reg.h:181,
uhci0,UHCI_INT_ST,0x008,UHCI_SEND_S_Q_INT_ST,4,1,RO,idf,0x0,0x0,0x0,RO,IDF v5.5.3 soc/esp32c3/register/soc/uhci_reg.h:175,
uhci0,UHCI_INT_ST,0x008,UHCI_SEND_A_Q_INT_ST,5,1,RO,idf,0x0,0x0,0x0,RO,IDF v5.5.3 soc/esp32c3/register/soc/uhci_reg.h:169,
uhci0,UHCI_INT_ST,0x008,UHCI_OUTLINK_EOF_ERR_INT_ST,6,1,RO,idf,0x0,0x0,0x0,RO,IDF v5.5.3 soc/esp32c3/register/soc/uhci_reg.h:163,
uhci0,UHCI_INT_ST,0x008,UHCI_APP_CTRL0_INT_ST,7,1,RO,idf,0x0,0x0,0x0,RO,IDF v5.5.3 soc/esp32c3/register/soc/uhci_reg.h:157,
uhci0,UHCI_INT_ST,0x008,UHCI_APP_CTRL1_INT_ST,8,1,RO,idf,0x0,0x0,0x0,RO,IDF v5.5.3 soc/esp32c3/register/soc/uhci_reg.h:151,
uhci0,UHCI_INT_ENA,0x00C,UHCI_RX_START_INT_ENA,0,1,RW,idf,0x0,0x0,0x0,R/W,IDF v5.5.3 soc/esp32c3/register/soc/uhci_reg.h:255,
uhci0,UHCI_INT_ENA,0x00C,UHCI_TX_START_INT_ENA,1,1,RW,idf,0x0,0x0,0x0,R/W,IDF v5.5.3 soc/esp32c3/register/soc/uhci_reg.h:249,
uhci0,UHCI_INT_ENA,0x00C,UHCI_RX_HUNG_INT_ENA,2,1,RW,idf,0x0,0x0,0x0,R/W,IDF v5.5.3 soc/esp32c3/register/soc/uhci_reg.h:243,
uhci0,UHCI_INT_ENA,0x00C,UHCI_TX_HUNG_INT_ENA,3,1,RW,idf,0x0,0x0,0x0,R/W,IDF v5.5.3 soc/esp32c3/register/soc/uhci_reg.h:237,
uhci0,UHCI_INT_ENA,0x00C,UHCI_SEND_S_Q_INT_ENA,4,1,RW,idf,0x0,0x0,0x0,R/W,IDF v5.5.3 soc/esp32c3/register/soc/uhci_reg.h:231,
uhci0,UHCI_INT_ENA,0x00C,UHCI_SEND_A_Q_INT_ENA,5,1,RW,idf,0x0,0x0,0x0,R/W,IDF v5.5.3 soc/esp32c3/register/soc/uhci_reg.h:225,
uhci0,UHCI_INT_ENA,0x00C,UHCI_OUTLINK_EOF_ERR_INT_ENA,6,1,RW,idf,0x0,0x0,0x0,R/W,IDF v5.5.3 soc/esp32c3/register/soc/uhci_reg.h:219,
uhci0,UHCI_INT_ENA,0x00C,UHCI_APP_CTRL0_INT_ENA,7,1,RW,idf,0x0,0x0,0x0,R/W,IDF v5.5.3 soc/esp32c3/register/soc/uhci_reg.h:213,
uhci0,UHCI_INT_ENA,0x00C,UHCI_APP_CTRL1_INT_ENA,8,1,RW,idf,0x0,0x0,0x0,R/W,IDF v5.5.3 soc/esp32c3/register/soc/uhci_reg.h:207,
uhci0,UHCI_INT_CLR,0x010,UHCI_RX_START_INT_CLR,0,1,WT,idf,0x0,0x0,0x0,WT,IDF v5.5.3 soc/esp32c3/register/soc/uhci_reg.h:311,
uhci0,UHCI_INT_CLR,0x010,UHCI_TX_START_INT_CLR,1,1,WT,idf,0x0,0x0,0x0,WT,IDF v5.5.3 soc/esp32c3/register/soc/uhci_reg.h:305,
uhci0,UHCI_INT_CLR,0x010,UHCI_RX_HUNG_INT_CLR,2,1,WT,idf,0x0,0x0,0x0,WT,IDF v5.5.3 soc/esp32c3/register/soc/uhci_reg.h:299,
uhci0,UHCI_INT_CLR,0x010,UHCI_TX_HUNG_INT_CLR,3,1,WT,idf,0x0,0x0,0x0,WT,IDF v5.5.3 soc/esp32c3/register/soc/uhci_reg.h:293,
uhci0,UHCI_INT_CLR,0x010,UHCI_SEND_S_Q_INT_CLR,4,1,WT,idf,0x0,0x0,0x0,WT,IDF v5.5.3 soc/esp32c3/register/soc/uhci_reg.h:287,
uhci0,UHCI_INT_CLR,0x010,UHCI_SEND_A_Q_INT_CLR,5,1,WT,idf,0x0,0x0,0x0,WT,IDF v5.5.3 soc/esp32c3/register/soc/uhci_reg.h:281,
uhci0,UHCI_INT_CLR,0x010,UHCI_OUTLINK_EOF_ERR_INT_CLR,6,1,WT,idf,0x0,0x0,0x0,WT,IDF v5.5.3 soc/esp32c3/register/soc/uhci_reg.h:275,
uhci0,UHCI_INT_CLR,0x010,UHCI_APP_CTRL0_INT_CLR,7,1,WT,idf,0x0,0x0,0x0,WT,IDF v5.5.3 soc/esp32c3/register/soc/uhci_reg.h:269,
uhci0,UHCI_INT_CLR,0x010,UHCI_APP_CTRL1_INT_CLR,8,1,WT,idf,0x0,0x0,0x0,WT,IDF v5.5.3 soc/esp32c3/register/soc/uhci_reg.h:263,
uhci0,UHCI_CONF1,0x014,UHCI_CHECK_SUM_EN,0,1,RW,idf,0x1,0x1,0x1,R/W,IDF v5.5.3 soc/esp32c3/register/soc/uhci_reg.h:361,
uhci0,UHCI_CONF1,0x014,UHCI_CHECK_SEQ_EN,1,1,RW,idf,0x1,0x1,0x1,R/W,IDF v5.5.3 soc/esp32c3/register/soc/uhci_reg.h:355,
uhci0,UHCI_CONF1,0x014,UHCI_CRC_DISABLE,2,1,RW,idf,0x0,0x0,0x0,R/W,IDF v5.5.3 soc/esp32c3/register/soc/uhci_reg.h:349,
uhci0,UHCI_CONF1,0x014,UHCI_SAVE_HEAD,3,1,RW,idf,0x0,0x0,0x0,R/W,IDF v5.5.3 soc/esp32c3/register/soc/uhci_reg.h:343,
uhci0,UHCI_CONF1,0x014,UHCI_TX_CHECK_SUM_RE,4,1,RW,idf,0x1,0x1,0x1,R/W,IDF v5.5.3 soc/esp32c3/register/soc/uhci_reg.h:337,
uhci0,UHCI_CONF1,0x014,UHCI_TX_ACK_NUM_RE,5,1,RW,idf,0x1,0x1,0x1,R/W,IDF v5.5.3 soc/esp32c3/register/soc/uhci_reg.h:331,
uhci0,UHCI_CONF1,0x014,UHCI_WAIT_SW_START,7,1,RW,idf,0x0,0x0,0x0,R/W,IDF v5.5.3 soc/esp32c3/register/soc/uhci_reg.h:325,
uhci0,UHCI_CONF1,0x014,UHCI_SW_START,8,1,SC,idf,0x0,0x0,0x0,R/W/SC,IDF v5.5.3 soc/esp32c3/register/soc/uhci_reg.h:319,
uhci0,UHCI_STATE0,0x018,UHCI_RX_ERR_CAUSE,0,3,RO,idf,0x0,0x0,0x0,RO,IDF v5.5.3 soc/esp32c3/register/soc/uhci_reg.h:375,
uhci0,UHCI_STATE0,0x018,UHCI_DECODE_STATE,3,3,RO,idf,0x0,0x0,0x0,RO,IDF v5.5.3 soc/esp32c3/register/soc/uhci_reg.h:369,
uhci0,UHCI_STATE1,0x01C,UHCI_ENCODE_STATE,0,3,RO,idf,0x0,0x0,0x0,RO,IDF v5.5.3 soc/esp32c3/register/soc/uhci_reg.h:383,
uhci0,UHCI_ESCAPE_CONF,0x020,UHCI_TX_C0_ESC_EN,0,1,RW,idf,0x1,0x1,0x1,R/W,IDF v5.5.3 soc/esp32c3/register/soc/uhci_reg.h:433,
uhci0,UHCI_ESCAPE_CONF,0x020,UHCI_TX_DB_ESC_EN,1,1,RW,idf,0x1,0x1,0x1,R/W,IDF v5.5.3 soc/esp32c3/register/soc/uhci_reg.h:427,
uhci0,UHCI_ESCAPE_CONF,0x020,UHCI_TX_11_ESC_EN,2,1,RW,idf,0x0,0x0,0x0,R/W,IDF v5.5.3 soc/esp32c3/register/soc/uhci_reg.h:421,
uhci0,UHCI_ESCAPE_CONF,0x020,UHCI_TX_13_ESC_EN,3,1,RW,idf,0x0,0x0,0x0,R/W,IDF v5.5.3 soc/esp32c3/register/soc/uhci_reg.h:415,
uhci0,UHCI_ESCAPE_CONF,0x020,UHCI_RX_C0_ESC_EN,4,1,RW,idf,0x1,0x1,0x1,R/W,IDF v5.5.3 soc/esp32c3/register/soc/uhci_reg.h:409,
uhci0,UHCI_ESCAPE_CONF,0x020,UHCI_RX_DB_ESC_EN,5,1,RW,idf,0x1,0x1,0x1,R/W,IDF v5.5.3 soc/esp32c3/register/soc/uhci_reg.h:403,
uhci0,UHCI_ESCAPE_CONF,0x020,UHCI_RX_11_ESC_EN,6,1,RW,idf,0x0,0x0,0x0,R/W,IDF v5.5.3 soc/esp32c3/register/soc/uhci_reg.h:397,
uhci0,UHCI_ESCAPE_CONF,0x020,UHCI_RX_13_ESC_EN,7,1,RW,idf,0x0,0x0,0x0,R/W,IDF v5.5.3 soc/esp32c3/register/soc/uhci_reg.h:391,
uhci0,UHCI_HUNG_CONF,0x024,UHCI_TXFIFO_TIMEOUT,0,8,RW,idf,0x10,0x10,0x10,R/W,IDF v5.5.3 soc/esp32c3/register/soc/uhci_reg.h:471,
uhci0,UHCI_HUNG_CONF,0x024,UHCI_TXFIFO_TIMEOUT_SHIFT,8,3,RW,idf,0x0,0x0,0x0,R/W,IDF v5.5.3 soc/esp32c3/register/soc/uhci_reg.h:465,
uhci0,UHCI_HUNG_CONF,0x024,UHCI_TXFIFO_TIMEOUT_ENA,11,1,RW,idf,0x1,0x1,0x1,R/W,IDF v5.5.3 soc/esp32c3/register/soc/uhci_reg.h:459,
uhci0,UHCI_HUNG_CONF,0x024,UHCI_RXFIFO_TIMEOUT,12,8,RW,idf,0x10,0x10,0x10,R/W,IDF v5.5.3 soc/esp32c3/register/soc/uhci_reg.h:453,
uhci0,UHCI_HUNG_CONF,0x024,UHCI_RXFIFO_TIMEOUT_SHIFT,20,3,RW,idf,0x0,0x0,0x0,R/W,IDF v5.5.3 soc/esp32c3/register/soc/uhci_reg.h:447,
uhci0,UHCI_HUNG_CONF,0x024,UHCI_RXFIFO_TIMEOUT_ENA,23,1,RW,idf,0x1,0x1,0x1,R/W,IDF v5.5.3 soc/esp32c3/register/soc/uhci_reg.h:441,
uhci0,UHCI_ACK_NUM,0x028,UHCI_ACK_NUM,0,3,RW,idf,0x0,0x0,0x0,R/W,IDF v5.5.3 soc/esp32c3/register/soc/uhci_reg.h:485,
uhci0,UHCI_ACK_NUM,0x028,UHCI_ACK_NUM_LOAD,3,1,WT,idf,0x1,0x1,0x1,WT,IDF v5.5.3 soc/esp32c3/register/soc/uhci_reg.h:479,
uhci0,UHCI_RX_HEAD,0x02C,UHCI_RX_HEAD,0,32,RO,idf,0x0,0x0,0x0,RO,IDF v5.5.3 soc/esp32c3/register/soc/uhci_reg.h:493,
uhci0,UHCI_QUICK_SENT,0x030,UHCI_SINGLE_SEND_NUM,0,3,RW,idf,0x0,0x0,0x0,R/W,IDF v5.5.3 soc/esp32c3/register/soc/uhci_reg.h:519,
uhci0,UHCI_QUICK_SENT,0x030,UHCI_SINGLE_SEND_EN,3,1,SC,idf,0x0,0x0,0x0,R/W/SC,IDF v5.5.3 soc/esp32c3/register/soc/uhci_reg.h:513,
uhci0,UHCI_QUICK_SENT,0x030,UHCI_ALWAYS_SEND_NUM,4,3,RW,idf,0x0,0x0,0x0,R/W,IDF v5.5.3 soc/esp32c3/register/soc/uhci_reg.h:507,
uhci0,UHCI_QUICK_SENT,0x030,UHCI_ALWAYS_SEND_EN,7,1,RW,idf,0x0,0x0,0x0,R/W,IDF v5.5.3 soc/esp32c3/register/soc/uhci_reg.h:501,
uhci0,UHCI_Q0_WORD0,0x034,UHCI_SEND_Q0_WORD0,0,32,RW,idf,0x0,0x0,0x0,R/W,IDF v5.5.3 soc/esp32c3/register/soc/uhci_reg.h:527,
uhci0,UHCI_Q0_WORD1,0x038,UHCI_SEND_Q0_WORD1,0,32,RW,idf,0x0,0x0,0x0,R/W,IDF v5.5.3 soc/esp32c3/register/soc/uhci_reg.h:535,
uhci0,UHCI_Q1_WORD0,0x03C,UHCI_SEND_Q1_WORD0,0,32,RW,idf,0x0,0x0,0x0,R/W,IDF v5.5.3 soc/esp32c3/register/soc/uhci_reg.h:543,
uhci0,UHCI_Q1_WORD1,0x040,UHCI_SEND_Q1_WORD1,0,32,RW,idf,0x0,0x0,0x0,R/W,IDF v5.5.3 soc/esp32c3/register/soc/uhci_reg.h:551,
uhci0,UHCI_Q2_WORD0,0x044,UHCI_SEND_Q2_WORD0,0,32,RW,idf,0x0,0x0,0x0,R/W,IDF v5.5.3 soc/esp32c3/register/soc/uhci_reg.h:559,
uhci0,UHCI_Q2_WORD1,0x048,UHCI_SEND_Q2_WORD1,0,32,RW,idf,0x0,0x0,0x0,R/W,IDF v5.5.3 soc/esp32c3/register/soc/uhci_reg.h:567,
uhci0,UHCI_Q3_WORD0,0x04C,UHCI_SEND_Q3_WORD0,0,32,RW,idf,0x0,0x0,0x0,R/W,IDF v5.5.3 soc/esp32c3/register/soc/uhci_reg.h:575,
uhci0,UHCI_Q3_WORD1,0x050,UHCI_SEND_Q3_WORD1,0,32,RW,idf,0x0,0x0,0x0,R/W,IDF v5.5.3 soc/esp32c3/register/soc/uhci_reg.h:583,
uhci0,UHCI_Q4_WORD0,0x054,UHCI_SEND_Q4_WORD0,0,32,RW,idf,0x0,0x0,0x0,R/W,IDF v5.5.3 soc/esp32c3/register/soc/uhci_reg.h:591,
uhci0,UHCI_Q4_WORD1,0x058,UHCI_SEND_Q4_WORD1,0,32,RW,idf,0x0,0x0,0x0,R/W,IDF v5.5.3 soc/esp32c3/register/soc/uhci_reg.h:599,
uhci0,UHCI_Q5_WORD0,0x05C,UHCI_SEND_Q5_WORD0,0,32,RW,idf,0x0,0x0,0x0,R/W,IDF v5.5.3 soc/esp32c3/register/soc/uhci_reg.h:607,
uhci0,UHCI_Q5_WORD1,0x060,UHCI_SEND_Q5_WORD1,0,32,RW,idf,0x0,0x0,0x0,R/W,IDF v5.5.3 soc/esp32c3/register/soc/uhci_reg.h:615,
uhci0,UHCI_Q6_WORD0,0x064,UHCI_SEND_Q6_WORD0,0,32,RW,idf,0x0,0x0,0x0,R/W,IDF v5.5.3 soc/esp32c3/register/soc/uhci_reg.h:623,
uhci0,UHCI_Q6_WORD1,0x068,UHCI_SEND_Q6_WORD1,0,32,RW,idf,0x0,0x0,0x0,R/W,IDF v5.5.3 soc/esp32c3/register/soc/uhci_reg.h:631,
uhci0,UHCI_ESC_CONF0,0x06C,UHCI_SEPER_CHAR,0,8,RW,idf,0xC0,0xC0,0xC0,R/W,IDF v5.5.3 soc/esp32c3/register/soc/uhci_reg.h:651,
uhci0,UHCI_ESC_CONF0,0x06C,UHCI_SEPER_ESC_CHAR0,8,8,RW,idf,0xDB,0xDB,0xDB,R/W,IDF v5.5.3 soc/esp32c3/register/soc/uhci_reg.h:645,
uhci0,UHCI_ESC_CONF0,0x06C,UHCI_SEPER_ESC_CHAR1,16,8,RW,idf,0xDC,0xDC,0xDC,R/W,IDF v5.5.3 soc/esp32c3/register/soc/uhci_reg.h:639,
uhci0,UHCI_ESC_CONF1,0x070,UHCI_ESC_SEQ0,0,8,RW,idf,0xDB,0xDB,0xDB,R/W,IDF v5.5.3 soc/esp32c3/register/soc/uhci_reg.h:671,
uhci0,UHCI_ESC_CONF1,0x070,UHCI_ESC_SEQ0_CHAR0,8,8,RW,idf,0xDB,0xDB,0xDB,R/W,IDF v5.5.3 soc/esp32c3/register/soc/uhci_reg.h:665,
uhci0,UHCI_ESC_CONF1,0x070,UHCI_ESC_SEQ0_CHAR1,16,8,RW,idf,0xDD,0xDD,0xDD,R/W,IDF v5.5.3 soc/esp32c3/register/soc/uhci_reg.h:659,
uhci0,UHCI_ESC_CONF2,0x074,UHCI_ESC_SEQ1,0,8,RW,idf,0x11,0x11,0x11,R/W,IDF v5.5.3 soc/esp32c3/register/soc/uhci_reg.h:691,
uhci0,UHCI_ESC_CONF2,0x074,UHCI_ESC_SEQ1_CHAR0,8,8,RW,idf,0xDB,0xDB,0xDB,R/W,IDF v5.5.3 soc/esp32c3/register/soc/uhci_reg.h:685,
uhci0,UHCI_ESC_CONF2,0x074,UHCI_ESC_SEQ1_CHAR1,16,8,RW,idf,0xDE,0xDE,0xDE,R/W,IDF v5.5.3 soc/esp32c3/register/soc/uhci_reg.h:679,
uhci0,UHCI_ESC_CONF3,0x078,UHCI_ESC_SEQ2,0,8,RW,idf,0x13,0x13,0x13,R/W,IDF v5.5.3 soc/esp32c3/register/soc/uhci_reg.h:711,
uhci0,UHCI_ESC_CONF3,0x078,UHCI_ESC_SEQ2_CHAR0,8,8,RW,idf,0xDB,0xDB,0xDB,R/W,IDF v5.5.3 soc/esp32c3/register/soc/uhci_reg.h:705,
uhci0,UHCI_ESC_CONF3,0x078,UHCI_ESC_SEQ2_CHAR1,16,8,RW,idf,0xDF,0xDF,0xDF,R/W,IDF v5.5.3 soc/esp32c3/register/soc/uhci_reg.h:699,
uhci0,UHCI_PKT_THRES,0x07C,UHCI_PKT_THRS,0,13,RW,idf,0x80,0x80,0x80,R/W,IDF v5.5.3 soc/esp32c3/register/soc/uhci_reg.h:719,
uhci0,UHCI_DATE,0x080,UHCI_DATE,0,32,RW,idf,0x2007170,0x2007170,0x2007170,R/W,IDF v5.5.3 soc/esp32c3/register/soc/uhci_reg.h:727,
rmt,RMT_CH0CONF0,0x010,RMT_TX_START_CH0,0,1,WT,idf,0x0,0x0,0x0,WT,IDF v5.5.3 soc/esp32c3/register/soc/rmt_reg.h:107,
rmt,RMT_CH0CONF0,0x010,RMT_MEM_RD_RST_CH0,1,1,WT,idf,0x0,0x0,0x0,WT,IDF v5.5.3 soc/esp32c3/register/soc/rmt_reg.h:101,
rmt,RMT_CH0CONF0,0x010,RMT_APB_MEM_RST_CH0,2,1,WT,idf,0x0,0x0,0x0,WT,IDF v5.5.3 soc/esp32c3/register/soc/rmt_reg.h:95,
rmt,RMT_CH0CONF0,0x010,RMT_TX_CONTI_MODE_CH0,3,1,RW,idf,0x0,0x0,0x0,R/W,IDF v5.5.3 soc/esp32c3/register/soc/rmt_reg.h:89,
rmt,RMT_CH0CONF0,0x010,RMT_MEM_TX_WRAP_EN_CH0,4,1,RW,idf,0x0,0x0,0x0,R/W,IDF v5.5.3 soc/esp32c3/register/soc/rmt_reg.h:83,
rmt,RMT_CH0CONF0,0x010,RMT_IDLE_OUT_LV_CH0,5,1,RW,idf,0x0,0x0,0x0,R/W,IDF v5.5.3 soc/esp32c3/register/soc/rmt_reg.h:77,
rmt,RMT_CH0CONF0,0x010,RMT_IDLE_OUT_EN_CH0,6,1,RW,idf,0x0,0x0,0x0,R/W,IDF v5.5.3 soc/esp32c3/register/soc/rmt_reg.h:71,
rmt,RMT_CH0CONF0,0x010,RMT_TX_STOP_CH0,7,1,SC,idf,0x0,0x0,0x0,R/W/SC,IDF v5.5.3 soc/esp32c3/register/soc/rmt_reg.h:65,
rmt,RMT_CH0CONF0,0x010,RMT_DIV_CNT_CH0,8,8,RW,idf,0x2,0x2,0x2,R/W,IDF v5.5.3 soc/esp32c3/register/soc/rmt_reg.h:59,
rmt,RMT_CH0CONF0,0x010,RMT_MEM_SIZE_CH0,16,3,RW,idf,0x1,0x1,0x1,R/W,IDF v5.5.3 soc/esp32c3/register/soc/rmt_reg.h:53,
rmt,RMT_CH0CONF0,0x010,RMT_CARRIER_EFF_EN_CH0,20,1,RW,idf,0x1,0x1,0x1,R/W,IDF v5.5.3 soc/esp32c3/register/soc/rmt_reg.h:47,
rmt,RMT_CH0CONF0,0x010,RMT_CARRIER_EN_CH0,21,1,RW,idf,0x1,0x1,0x1,R/W,IDF v5.5.3 soc/esp32c3/register/soc/rmt_reg.h:41,
rmt,RMT_CH0CONF0,0x010,RMT_CARRIER_OUT_LV_CH0,22,1,RW,idf,0x1,0x1,0x1,R/W,IDF v5.5.3 soc/esp32c3/register/soc/rmt_reg.h:35,
rmt,RMT_CH0CONF0,0x010,RMT_AFIFO_RST_CH0,23,1,WT,idf,0x0,0x0,0x0,WT,IDF v5.5.3 soc/esp32c3/register/soc/rmt_reg.h:29,
rmt,RMT_CH0CONF0,0x010,RMT_CONF_UPDATE_CH0,24,1,WT,idf,0x0,0x0,0x0,WT,IDF v5.5.3 soc/esp32c3/register/soc/rmt_reg.h:23,
rmt,RMT_CH1CONF0,0x014,RMT_TX_START_CH1,0,1,WT,idf,0x0,0x0,0x0,WT,IDF v5.5.3 soc/esp32c3/register/soc/rmt_reg.h:199,
rmt,RMT_CH1CONF0,0x014,RMT_MEM_RD_RST_CH1,1,1,WT,idf,0x0,0x0,0x0,WT,IDF v5.5.3 soc/esp32c3/register/soc/rmt_reg.h:193,
rmt,RMT_CH1CONF0,0x014,RMT_APB_MEM_RST_CH1,2,1,WT,idf,0x0,0x0,0x0,WT,IDF v5.5.3 soc/esp32c3/register/soc/rmt_reg.h:187,
rmt,RMT_CH1CONF0,0x014,RMT_TX_CONTI_MODE_CH1,3,1,RW,idf,0x0,0x0,0x0,R/W,IDF v5.5.3 soc/esp32c3/register/soc/rmt_reg.h:181,
rmt,RMT_CH1CONF0,0x014,RMT_MEM_TX_WRAP_EN_CH1,4,1,RW,idf,0x0,0x0,0x0,R/W,IDF v5.5.3 soc/esp32c3/register/soc/rmt_reg.h:175,
rmt,RMT_CH1CONF0,0x014,RMT_IDLE_OUT_LV_CH1,5,1,RW,idf,0x0,0x0,0x0,R/W,IDF v5.5.3 soc/esp32c3/register/soc/rmt_reg.h:169,
rmt,RMT_CH1CONF0,0x014,RMT_IDLE_OUT_EN_CH1,6,1,RW,idf,0x0,0x0,0x0,R/W,IDF v5.5.3 soc/esp32c3/register/soc/rmt_reg.h:163,
rmt,RMT_CH1CONF0,0x014,RMT_TX_STOP_CH1,7,1,SC,idf,0x0,0x0,0x0,R/W/SC,IDF v5.5.3 soc/esp32c3/register/soc/rmt_reg.h:157,
rmt,RMT_CH1CONF0,0x014,RMT_DIV_CNT_CH1,8,8,RW,idf,0x2,0x2,0x2,R/W,IDF v5.5.3 soc/esp32c3/register/soc/rmt_reg.h:151,
rmt,RMT_CH1CONF0,0x014,RMT_MEM_SIZE_CH1,16,3,RW,idf,0x1,0x1,0x1,R/W,IDF v5.5.3 soc/esp32c3/register/soc/rmt_reg.h:145,
rmt,RMT_CH1CONF0,0x014,RMT_CARRIER_EFF_EN_CH1,20,1,RW,idf,0x1,0x1,0x1,R/W,IDF v5.5.3 soc/esp32c3/register/soc/rmt_reg.h:139,
rmt,RMT_CH1CONF0,0x014,RMT_CARRIER_EN_CH1,21,1,RW,idf,0x1,0x1,0x1,R/W,IDF v5.5.3 soc/esp32c3/register/soc/rmt_reg.h:133,
rmt,RMT_CH1CONF0,0x014,RMT_CARRIER_OUT_LV_CH1,22,1,RW,idf,0x1,0x1,0x1,R/W,IDF v5.5.3 soc/esp32c3/register/soc/rmt_reg.h:127,
rmt,RMT_CH1CONF0,0x014,RMT_AFIFO_RST_CH1,23,1,WT,idf,0x0,0x0,0x0,WT,IDF v5.5.3 soc/esp32c3/register/soc/rmt_reg.h:121,
rmt,RMT_CH1CONF0,0x014,RMT_CONF_UPDATE_CH1,24,1,WT,idf,0x0,0x0,0x0,WT,IDF v5.5.3 soc/esp32c3/register/soc/rmt_reg.h:115,
rmt,RMT_CH2CONF0,0x018,RMT_DIV_CNT_CH2,0,8,RW,idf,0x2,0x2,0x2,R/W,IDF v5.5.3 soc/esp32c3/register/soc/rmt_reg.h:231,
rmt,RMT_CH2CONF0,0x018,RMT_IDLE_THRES_CH2,8,15,RW,idf,0x7FFF,0x7FFF,0x7FFF,R/W,IDF v5.5.3 soc/esp32c3/register/soc/rmt_reg.h:225,
rmt,RMT_CH2CONF0,0x018,RMT_MEM_SIZE_CH2,23,3,RW,idf,0x1,0x1,0x1,R/W,IDF v5.5.3 soc/esp32c3/register/soc/rmt_reg.h:219,
rmt,RMT_CH2CONF0,0x018,RMT_CARRIER_EN_CH2,28,1,RW,idf,0x1,0x1,0x1,R/W,IDF v5.5.3 soc/esp32c3/register/soc/rmt_reg.h:213,
rmt,RMT_CH2CONF0,0x018,RMT_CARRIER_OUT_LV_CH2,29,1,RW,idf,0x1,0x1,0x1,R/W,IDF v5.5.3 soc/esp32c3/register/soc/rmt_reg.h:207,
rmt,RMT_CH2CONF1,0x01C,RMT_RX_EN_CH2,0,1,RW,idf,0x0,0x0,0x0,R/W,IDF v5.5.3 soc/esp32c3/register/soc/rmt_reg.h:287,
rmt,RMT_CH2CONF1,0x01C,RMT_MEM_WR_RST_CH2,1,1,WT,idf,0x0,0x0,0x0,WT,IDF v5.5.3 soc/esp32c3/register/soc/rmt_reg.h:281,
rmt,RMT_CH2CONF1,0x01C,RMT_APB_MEM_RST_CH2,2,1,WT,idf,0x0,0x0,0x0,WT,IDF v5.5.3 soc/esp32c3/register/soc/rmt_reg.h:275,
rmt,RMT_CH2CONF1,0x01C,RMT_MEM_OWNER_CH2,3,1,SC,idf,0x1,0x1,0x1,R/W/SC,IDF v5.5.3 soc/esp32c3/register/soc/rmt_reg.h:269,
rmt,RMT_CH2CONF1,0x01C,RMT_RX_FILTER_EN_CH2,4,1,RW,idf,0x0,0x0,0x0,R/W,IDF v5.5.3 soc/esp32c3/register/soc/rmt_reg.h:263,
rmt,RMT_CH2CONF1,0x01C,RMT_RX_FILTER_THRES_CH2,5,8,RW,idf,0xF,0xF,0xF,R/W,IDF v5.5.3 soc/esp32c3/register/soc/rmt_reg.h:257,
rmt,RMT_CH2CONF1,0x01C,RMT_MEM_RX_WRAP_EN_CH2,13,1,RW,idf,0x0,0x0,0x0,R/W,IDF v5.5.3 soc/esp32c3/register/soc/rmt_reg.h:251,
rmt,RMT_CH2CONF1,0x01C,RMT_AFIFO_RST_CH2,14,1,WT,idf,0x0,0x0,0x0,WT,IDF v5.5.3 soc/esp32c3/register/soc/rmt_reg.h:245,
rmt,RMT_CH2CONF1,0x01C,RMT_CONF_UPDATE_CH2,15,1,WT,idf,0x0,0x0,0x0,WT,IDF v5.5.3 soc/esp32c3/register/soc/rmt_reg.h:239,
rmt,RMT_CH3CONF0,0x020,RMT_DIV_CNT_CH3,0,8,RW,idf,0x2,0x2,0x2,R/W,IDF v5.5.3 soc/esp32c3/register/soc/rmt_reg.h:319,
rmt,RMT_CH3CONF0,0x020,RMT_IDLE_THRES_CH3,8,15,RW,idf,0x7FFF,0x7FFF,0x7FFF,R/W,IDF v5.5.3 soc/esp32c3/register/soc/rmt_reg.h:313,
rmt,RMT_CH3CONF0,0x020,RMT_MEM_SIZE_CH3,23,3,RW,idf,0x1,0x1,0x1,R/W,IDF v5.5.3 soc/esp32c3/register/soc/rmt_reg.h:307,
rmt,RMT_CH3CONF0,0x020,RMT_CARRIER_EN_CH3,28,1,RW,idf,0x1,0x1,0x1,R/W,IDF v5.5.3 soc/esp32c3/register/soc/rmt_reg.h:301,
rmt,RMT_CH3CONF0,0x020,RMT_CARRIER_OUT_LV_CH3,29,1,RW,idf,0x1,0x1,0x1,R/W,IDF v5.5.3 soc/esp32c3/register/soc/rmt_reg.h:295,
rmt,RMT_CH3CONF1,0x024,RMT_RX_EN_CH3,0,1,RW,idf,0x0,0x0,0x0,R/W,IDF v5.5.3 soc/esp32c3/register/soc/rmt_reg.h:375,
rmt,RMT_CH3CONF1,0x024,RMT_MEM_WR_RST_CH3,1,1,WT,idf,0x0,0x0,0x0,WT,IDF v5.5.3 soc/esp32c3/register/soc/rmt_reg.h:369,
rmt,RMT_CH3CONF1,0x024,RMT_APB_MEM_RST_CH3,2,1,WT,idf,0x0,0x0,0x0,WT,IDF v5.5.3 soc/esp32c3/register/soc/rmt_reg.h:363,
rmt,RMT_CH3CONF1,0x024,RMT_MEM_OWNER_CH3,3,1,SC,idf,0x1,0x1,0x1,R/W/SC,IDF v5.5.3 soc/esp32c3/register/soc/rmt_reg.h:357,
rmt,RMT_CH3CONF1,0x024,RMT_RX_FILTER_EN_CH3,4,1,RW,idf,0x0,0x0,0x0,R/W,IDF v5.5.3 soc/esp32c3/register/soc/rmt_reg.h:351,
rmt,RMT_CH3CONF1,0x024,RMT_RX_FILTER_THRES_CH3,5,8,RW,idf,0xF,0xF,0xF,R/W,IDF v5.5.3 soc/esp32c3/register/soc/rmt_reg.h:345,
rmt,RMT_CH3CONF1,0x024,RMT_MEM_RX_WRAP_EN_CH3,13,1,RW,idf,0x0,0x0,0x0,R/W,IDF v5.5.3 soc/esp32c3/register/soc/rmt_reg.h:339,
rmt,RMT_CH3CONF1,0x024,RMT_AFIFO_RST_CH3,14,1,WT,idf,0x0,0x0,0x0,WT,IDF v5.5.3 soc/esp32c3/register/soc/rmt_reg.h:333,
rmt,RMT_CH3CONF1,0x024,RMT_CONF_UPDATE_CH3,15,1,WT,idf,0x0,0x0,0x0,WT,IDF v5.5.3 soc/esp32c3/register/soc/rmt_reg.h:327,
rmt,RMT_CH0STATUS,0x028,RMT_MEM_RADDR_EX_CH0,0,9,RO,idf,0x0,0x0,0x0,RO,IDF v5.5.3 soc/esp32c3/register/soc/rmt_reg.h:419,
rmt,RMT_CH0STATUS,0x028,RMT_STATE_CH0,9,3,RO,idf,0x0,0x0,0x0,RO,IDF v5.5.3 soc/esp32c3/register/soc/rmt_reg.h:413,
rmt,RMT_CH0STATUS,0x028,RMT_APB_MEM_WADDR_CH0,12,9,RO,idf,0x0,0x0,0x0,RO,IDF v5.5.3 soc/esp32c3/register/soc/rmt_reg.h:407,
rmt,RMT_CH0STATUS,0x028,RMT_APB_MEM_RD_ERR_CH0,21,1,RO,idf,0x0,0x0,0x0,RO,IDF v5.5.3 soc/esp32c3/register/soc/rmt_reg.h:401,
rmt,RMT_CH0STATUS,0x028,RMT_MEM_EMPTY_CH0,22,1,RO,idf,0x0,0x0,0x0,RO,IDF v5.5.3 soc/esp32c3/register/soc/rmt_reg.h:395,
rmt,RMT_CH0STATUS,0x028,RMT_APB_MEM_WR_ERR_CH0,23,1,RO,idf,0x0,0x0,0x0,RO,IDF v5.5.3 soc/esp32c3/register/soc/rmt_reg.h:389,
rmt,RMT_CH0STATUS,0x028,RMT_APB_MEM_RADDR_CH0,24,8,RO,idf,0x0,0x0,0x0,RO,IDF v5.5.3 soc/esp32c3/register/soc/rmt_reg.h:383,
rmt,RMT_CH1STATUS,0x02C,RMT_MEM_RADDR_EX_CH1,0,9,RO,idf,0x0,0x0,0x0,RO,IDF v5.5.3 soc/esp32c3/register/soc/rmt_reg.h:463,
rmt,RMT_CH1STATUS,0x02C,RMT_STATE_CH1,9,3,RO,idf,0x0,0x0,0x0,RO,IDF v5.5.3 soc/esp32c3/register/soc/rmt_reg.h:457,
rmt,RMT_CH1STATUS,0x02C,RMT_APB_MEM_WADDR_CH1,12,9,RO,idf,0x0,0x0,0x0,RO,IDF v5.5.3 soc/esp32c3/register/soc/rmt_reg.h:451,
rmt,RMT_CH1STATUS,0x02C,RMT_APB_MEM_RD_ERR_CH1,21,1,RO,idf,0x0,0x0,0x0,RO,IDF v5.5.3 soc/esp32c3/register/soc/rmt_reg.h:445,
rmt,RMT_CH1STATUS,0x02C,RMT_MEM_EMPTY_CH1,22,1,RO,idf,0x0,0x0,0x0,RO,IDF v5.5.3 soc/esp32c3/register/soc/rmt_reg.h:439,
rmt,RMT_CH1STATUS,0x02C,RMT_APB_MEM_WR_ERR_CH1,23,1,RO,idf,0x0,0x0,0x0,RO,IDF v5.5.3 soc/esp32c3/register/soc/rmt_reg.h:433,
rmt,RMT_CH1STATUS,0x02C,RMT_APB_MEM_RADDR_CH1,24,8,RO,idf,0x0,0x0,0x0,RO,IDF v5.5.3 soc/esp32c3/register/soc/rmt_reg.h:427,
rmt,RMT_CH2STATUS,0x030,RMT_MEM_WADDR_EX_CH2,0,9,RO,idf,0x0,0x0,0x0,RO,IDF v5.5.3 soc/esp32c3/register/soc/rmt_reg.h:501,
rmt,RMT_CH2STATUS,0x030,RMT_APB_MEM_RADDR_CH2,12,9,RO,idf,0x0,0x0,0x0,RO,IDF v5.5.3 soc/esp32c3/register/soc/rmt_reg.h:495,
rmt,RMT_CH2STATUS,0x030,RMT_STATE_CH2,22,3,RO,idf,0x0,0x0,0x0,RO,IDF v5.5.3 soc/esp32c3/register/soc/rmt_reg.h:489,
rmt,RMT_CH2STATUS,0x030,RMT_MEM_OWNER_ERR_CH2,25,1,RO,idf,0x0,0x0,0x0,RO,IDF v5.5.3 soc/esp32c3/register/soc/rmt_reg.h:483,
rmt,RMT_CH2STATUS,0x030,RMT_MEM_FULL_CH2,26,1,RO,idf,0x0,0x0,0x0,RO,IDF v5.5.3 soc/esp32c3/register/soc/rmt_reg.h:477,
rmt,RMT_CH2STATUS,0x030,RMT_APB_MEM_RD_ERR_CH2,27,1,RO,idf,0x0,0x0,0x0,RO,IDF v5.5.3 soc/esp32c3/register/soc/rmt_reg.h:471,
rmt,RMT_CH3STATUS,0x034,RMT_MEM_WADDR_EX_CH3,0,9,RO,idf,0x0,0x0,0x0,RO,IDF v5.5.3 soc/esp32c3/register/soc/rmt_reg.h:539,
rmt,RMT_CH3STATUS,0x034,RMT_APB_MEM_RADDR_CH3,12,9,RO,idf,0x0,0x0,0x0,RO,IDF v5.5.3 soc/esp32c3/register/soc/rmt_reg.h:533,
rmt,RMT_CH3STATUS,0x034,RMT_STATE_CH3,22,3,RO,idf,0x0,0x0,0x0,RO,IDF v5.5.3 soc/esp32c3/register/soc/rmt_reg.h:527,
rmt,RMT_CH3STATUS,0x034,RMT_MEM_OWNER_ERR_CH3,25,1,RO,idf,0x0,0x0,0x0,RO,IDF v5.5.3 soc/esp32c3/register/soc/rmt_reg.h:521,
rmt,RMT_CH3STATUS,0x034,RMT_MEM_FULL_CH3,26,1,RO,idf,0x0,0x0,0x0,RO,IDF v5.5.3 soc/esp32c3/register/soc/rmt_reg.h:515,
rmt,RMT_CH3STATUS,0x034,RMT_APB_MEM_RD_ERR_CH3,27,1,RO,idf,0x0,0x0,0x0,RO,IDF v5.5.3 soc/esp32c3/register/soc/rmt_reg.h:509,
rmt,RMT_INT_RAW,0x038,RMT_CH0_TX_END_INT_RAW,0,1,RO,UNVERIFIED,0x0,0x0,0x0,R/WTC/SS,IDF v5.5.3 soc/esp32c3/register/soc/rmt_reg.h:625,WTC: cleared by writing the corresponding WT field; SS: hardware sets it
rmt,RMT_INT_RAW,0x038,RMT_CH1_TX_END_INT_RAW,1,1,RO,UNVERIFIED,0x0,0x0,0x0,R/WTC/SS,IDF v5.5.3 soc/esp32c3/register/soc/rmt_reg.h:619,WTC: cleared by writing the corresponding WT field; SS: hardware sets it
rmt,RMT_INT_RAW,0x038,RMT_CH2_RX_END_INT_RAW,2,1,RO,UNVERIFIED,0x0,0x0,0x0,R/WTC/SS,IDF v5.5.3 soc/esp32c3/register/soc/rmt_reg.h:613,WTC: cleared by writing the corresponding WT field; SS: hardware sets it
rmt,RMT_INT_RAW,0x038,RMT_CH3_RX_END_INT_RAW,3,1,RO,UNVERIFIED,0x0,0x0,0x0,R/WTC/SS,IDF v5.5.3 soc/esp32c3/register/soc/rmt_reg.h:607,WTC: cleared by writing the corresponding WT field; SS: hardware sets it
rmt,RMT_INT_RAW,0x038,RMT_CH0_ERR_INT_RAW,4,1,RO,UNVERIFIED,0x0,0x0,0x0,R/WTC/SS,IDF v5.5.3 soc/esp32c3/register/soc/rmt_reg.h:601,WTC: cleared by writing the corresponding WT field; SS: hardware sets it
rmt,RMT_INT_RAW,0x038,RMT_CH1_ERR_INT_RAW,5,1,RO,UNVERIFIED,0x0,0x0,0x0,R/WTC/SS,IDF v5.5.3 soc/esp32c3/register/soc/rmt_reg.h:595,WTC: cleared by writing the corresponding WT field; SS: hardware sets it
rmt,RMT_INT_RAW,0x038,RMT_CH2_ERR_INT_RAW,6,1,RO,UNVERIFIED,0x0,0x0,0x0,R/WTC/SS,IDF v5.5.3 soc/esp32c3/register/soc/rmt_reg.h:589,WTC: cleared by writing the corresponding WT field; SS: hardware sets it
rmt,RMT_INT_RAW,0x038,RMT_CH3_ERR_INT_RAW,7,1,RO,UNVERIFIED,0x0,0x0,0x0,R/WTC/SS,IDF v5.5.3 soc/esp32c3/register/soc/rmt_reg.h:583,WTC: cleared by writing the corresponding WT field; SS: hardware sets it
rmt,RMT_INT_RAW,0x038,RMT_CH0_TX_THR_EVENT_INT_RAW,8,1,RO,UNVERIFIED,0x0,0x0,0x0,R/WTC/SS,IDF v5.5.3 soc/esp32c3/register/soc/rmt_reg.h:577,WTC: cleared by writing the corresponding WT field; SS: hardware sets it
rmt,RMT_INT_RAW,0x038,RMT_CH1_TX_THR_EVENT_INT_RAW,9,1,RO,UNVERIFIED,0x0,0x0,0x0,R/WTC/SS,IDF v5.5.3 soc/esp32c3/register/soc/rmt_reg.h:571,WTC: cleared by writing the corresponding WT field; SS: hardware sets it
rmt,RMT_INT_RAW,0x038,RMT_CH2_RX_THR_EVENT_INT_RAW,10,1,RO,UNVERIFIED,0x0,0x0,0x0,R/WTC/SS,IDF v5.5.3 soc/esp32c3/register/soc/rmt_reg.h:565,WTC: cleared by writing the corresponding WT field; SS: hardware sets it
rmt,RMT_INT_RAW,0x038,RMT_CH3_RX_THR_EVENT_INT_RAW,11,1,RO,UNVERIFIED,0x0,0x0,0x0,R/WTC/SS,IDF v5.5.3 soc/esp32c3/register/soc/rmt_reg.h:559,WTC: cleared by writing the corresponding WT field; SS: hardware sets it
rmt,RMT_INT_RAW,0x038,RMT_CH0_TX_LOOP_INT_RAW,12,1,RO,UNVERIFIED,0x0,0x0,0x0,R/WTC/SS,IDF v5.5.3 soc/esp32c3/register/soc/rmt_reg.h:553,WTC: cleared by writing the corresponding WT field; SS: hardware sets it
rmt,RMT_INT_RAW,0x038,RMT_CH1_TX_LOOP_INT_RAW,13,1,RO,UNVERIFIED,0x0,0x0,0x0,R/WTC/SS,IDF v5.5.3 soc/esp32c3/register/soc/rmt_reg.h:547,WTC: cleared by writing the corresponding WT field; SS: hardware sets it
rmt,RMT_INT_ST,0x03C,RMT_CH0_TX_END_INT_ST,0,1,RO,idf,0x0,0x0,0x0,RO,IDF v5.5.3 soc/esp32c3/register/soc/rmt_reg.h:711,
rmt,RMT_INT_ST,0x03C,RMT_CH1_TX_END_INT_ST,1,1,RO,idf,0x0,0x0,0x0,RO,IDF v5.5.3 soc/esp32c3/register/soc/rmt_reg.h:705,
rmt,RMT_INT_ST,0x03C,RMT_CH2_RX_END_INT_ST,2,1,RO,idf,0x0,0x0,0x0,RO,IDF v5.5.3 soc/esp32c3/register/soc/rmt_reg.h:699,
rmt,RMT_INT_ST,0x03C,RMT_CH3_RX_END_INT_ST,3,1,RO,idf,0x0,0x0,0x0,RO,IDF v5.5.3 soc/esp32c3/register/soc/rmt_reg.h:693,
rmt,RMT_INT_ST,0x03C,RMT_CH0_ERR_INT_ST,4,1,RO,idf,0x0,0x0,0x0,RO,IDF v5.5.3 soc/esp32c3/register/soc/rmt_reg.h:687,
rmt,RMT_INT_ST,0x03C,RMT_CH1_ERR_INT_ST,5,1,RO,idf,0x0,0x0,0x0,RO,IDF v5.5.3 soc/esp32c3/register/soc/rmt_reg.h:681,
rmt,RMT_INT_ST,0x03C,RMT_CH2_ERR_INT_ST,6,1,RO,idf,0x0,0x0,0x0,RO,IDF v5.5.3 soc/esp32c3/register/soc/rmt_reg.h:675,
rmt,RMT_INT_ST,0x03C,RMT_CH3_ERR_INT_ST,7,1,RO,idf,0x0,0x0,0x0,RO,IDF v5.5.3 soc/esp32c3/register/soc/rmt_reg.h:669,
rmt,RMT_INT_ST,0x03C,RMT_CH0_TX_THR_EVENT_INT_ST,8,1,RO,idf,0x0,0x0,0x0,RO,IDF v5.5.3 soc/esp32c3/register/soc/rmt_reg.h:663,
rmt,RMT_INT_ST,0x03C,RMT_CH1_TX_THR_EVENT_INT_ST,9,1,RO,idf,0x0,0x0,0x0,RO,IDF v5.5.3 soc/esp32c3/register/soc/rmt_reg.h:657,
rmt,RMT_INT_ST,0x03C,RMT_CH2_RX_THR_EVENT_INT_ST,10,1,RO,idf,0x0,0x0,0x0,RO,IDF v5.5.3 soc/esp32c3/register/soc/rmt_reg.h:651,
rmt,RMT_INT_ST,0x03C,RMT_CH3_RX_THR_EVENT_INT_ST,11,1,RO,idf,0x0,0x0,0x0,RO,IDF v5.5.3 soc/esp32c3/register/soc/rmt_reg.h:645,
rmt,RMT_INT_ST,0x03C,RMT_CH0_TX_LOOP_INT_ST,12,1,RO,idf,0x0,0x0,0x0,RO,IDF v5.5.3 soc/esp32c3/register/soc/rmt_reg.h:639,
rmt,RMT_INT_ST,0x03C,RMT_CH1_TX_LOOP_INT_ST,13,1,RO,idf,0x0,0x0,0x0,RO,IDF v5.5.3 soc/esp32c3/register/soc/rmt_reg.h:633,
rmt,RMT_INT_ENA,0x040,RMT_CH0_TX_END_INT_ENA,0,1,RW,idf,0x0,0x0,0x0,R/W,IDF v5.5.3 soc/esp32c3/register/soc/rmt_reg.h:797,
rmt,RMT_INT_ENA,0x040,RMT_CH1_TX_END_INT_ENA,1,1,RW,idf,0x0,0x0,0x0,R/W,IDF v5.5.3 soc/esp32c3/register/soc/rmt_reg.h:791,
rmt,RMT_INT_ENA,0x040,RMT_CH2_RX_END_INT_ENA,2,1,RW,idf,0x0,0x0,0x0,R/W,IDF v5.5.3 soc/esp32c3/register/soc/rmt_reg.h:785,
rmt,RMT_INT_ENA,0x040,RMT_CH3_RX_END_INT_ENA,3,1,RW,idf,0x0,0x0,0x0,R/W,IDF v5.5.3 soc/esp32c3/register/soc/rmt_reg.h:779,
rmt,RMT_INT_ENA,0x040,RMT_CH0_ERR_INT_ENA,4,1,RW,idf,0x0,0x0,0x0,R/W,IDF v5.5.3 soc/esp32c3/register/soc/rmt_reg.h:773,
rmt,RMT_INT_ENA,0x040,RMT_CH1_ERR_INT_ENA,5,1,RW,idf,0x0,0x0,0x0,R/W,IDF v5.5.3 soc/esp32c3/register/soc/rmt_reg.h:767,
rmt,RMT_INT_ENA,0x040,RMT_CH2_ERR_INT_ENA,6,1,RW,idf,0x0,0x0,0x0,R/W,IDF v5.5.3 soc/esp32c3/register/soc/rmt_reg.h:761,
rmt,RMT_INT_ENA,0x040,RMT_CH3_ERR_INT_ENA,7,1,RW,idf,0x0,0x0,0x0,R/W,IDF v5.5.3 soc/esp32c3/register/soc/rmt_reg.h:755,
rmt,RMT_INT_ENA,0x040,RMT_CH0_TX_THR_EVENT_INT_ENA,8,1,RW,idf,0x0,0x0,0x0,R/W,IDF v5.5.3 soc/esp32c3/register/soc/rmt_reg.h:749,
rmt,RMT_INT_ENA,0x040,RMT_CH1_TX_THR_EVENT_INT_ENA,9,1,RW,idf,0x0,0x0,0x0,R/W,IDF v5.5.3 soc/esp32c3/register/soc/rmt_reg.h:743,
rmt,RMT_INT_ENA,0x040,RMT_CH2_RX_THR_EVENT_INT_ENA,10,1,RW,idf,0x0,0x0,0x0,R/W,IDF v5.5.3 soc/esp32c3/register/soc/rmt_reg.h:737,
rmt,RMT_INT_ENA,0x040,RMT_CH3_RX_THR_EVENT_INT_ENA,11,1,RW,idf,0x0,0x0,0x0,R/W,IDF v5.5.3 soc/esp32c3/register/soc/rmt_reg.h:731,
rmt,RMT_INT_ENA,0x040,RMT_CH0_TX_LOOP_INT_ENA,12,1,RW,idf,0x0,0x0,0x0,R/W,IDF v5.5.3 soc/esp32c3/register/soc/rmt_reg.h:725,
rmt,RMT_INT_ENA,0x040,RMT_CH1_TX_LOOP_INT_ENA,13,1,RW,idf,0x0,0x0,0x0,R/W,IDF v5.5.3 soc/esp32c3/register/soc/rmt_reg.h:719,
rmt,RMT_INT_CLR,0x044,RMT_CH0_TX_END_INT_CLR,0,1,WT,idf,0x0,0x0,0x0,WT,IDF v5.5.3 soc/esp32c3/register/soc/rmt_reg.h:883,
rmt,RMT_INT_CLR,0x044,RMT_CH1_TX_END_INT_CLR,1,1,WT,idf,0x0,0x0,0x0,WT,IDF v5.5.3 soc/esp32c3/register/soc/rmt_reg.h:877,
rmt,RMT_INT_CLR,0x044,RMT_CH2_RX_END_INT_CLR,2,1,WT,idf,0x0,0x0,0x0,WT,IDF v5.5.3 soc/esp32c3/register/soc/rmt_reg.h:871,
rmt,RMT_INT_CLR,0x044,RMT_CH3_RX_END_INT_CLR,3,1,WT,idf,0x0,0x0,0x0,WT,IDF v5.5.3 soc/esp32c3/register/soc/rmt_reg.h:865,
rmt,RMT_INT_CLR,0x044,RMT_CH0_ERR_INT_CLR,4,1,WT,idf,0x0,0x0,0x0,WT,IDF v5.5.3 soc/esp32c3/register/soc/rmt_reg.h:859,
rmt,RMT_INT_CLR,0x044,RMT_CH1_ERR_INT_CLR,5,1,WT,idf,0x0,0x0,0x0,WT,IDF v5.5.3 soc/esp32c3/register/soc/rmt_reg.h:853,
rmt,RMT_INT_CLR,0x044,RMT_CH2_ERR_INT_CLR,6,1,WT,idf,0x0,0x0,0x0,WT,IDF v5.5.3 soc/esp32c3/register/soc/rmt_reg.h:847,
rmt,RMT_INT_CLR,0x044,RMT_CH3_ERR_INT_CLR,7,1,WT,idf,0x0,0x0,0x0,WT,IDF v5.5.3 soc/esp32c3/register/soc/rmt_reg.h:841,
rmt,RMT_INT_CLR,0x044,RMT_CH0_TX_THR_EVENT_INT_CLR,8,1,WT,idf,0x0,0x0,0x0,WT,IDF v5.5.3 soc/esp32c3/register/soc/rmt_reg.h:835,
rmt,RMT_INT_CLR,0x044,RMT_CH1_TX_THR_EVENT_INT_CLR,9,1,WT,idf,0x0,0x0,0x0,WT,IDF v5.5.3 soc/esp32c3/register/soc/rmt_reg.h:829,
rmt,RMT_INT_CLR,0x044,RMT_CH2_RX_THR_EVENT_INT_CLR,10,1,WT,idf,0x0,0x0,0x0,WT,IDF v5.5.3 soc/esp32c3/register/soc/rmt_reg.h:823,
rmt,RMT_INT_CLR,0x044,RMT_CH3_RX_THR_EVENT_INT_CLR,11,1,WT,idf,0x0,0x0,0x0,WT,IDF v5.5.3 soc/esp32c3/register/soc/rmt_reg.h:817,
rmt,RMT_INT_CLR,0x044,RMT_CH0_TX_LOOP_INT_CLR,12,1,WT,idf,0x0,0x0,0x0,WT,IDF v5.5.3 soc/esp32c3/register/soc/rmt_reg.h:811,
rmt,RMT_INT_CLR,0x044,RMT_CH1_TX_LOOP_INT_CLR,13,1,WT,idf,0x0,0x0,0x0,WT,IDF v5.5.3 soc/esp32c3/register/soc/rmt_reg.h:805,
rmt,RMT_CH0CARRIER_DUTY,0x048,RMT_CARRIER_LOW_CH0,0,16,RW,idf,0x40,0x40,0x40,R/W,IDF v5.5.3 soc/esp32c3/register/soc/rmt_reg.h:897,
rmt,RMT_CH0CARRIER_DUTY,0x048,RMT_CARRIER_HIGH_CH0,16,16,RW,idf,0x40,0x40,0x40,R/W,IDF v5.5.3 soc/esp32c3/register/soc/rmt_reg.h:891,
rmt,RMT_CH1CARRIER_DUTY,0x04C,RMT_CARRIER_LOW_CH1,0,16,RW,idf,0x40,0x40,0x40,R/W,IDF v5.5.3 soc/esp32c3/register/soc/rmt_reg.h:911,
rmt,RMT_CH1CARRIER_DUTY,0x04C,RMT_CARRIER_HIGH_CH1,16,16,RW,idf,0x40,0x40,0x40,R/W,IDF v5.5.3 soc/esp32c3/register/soc/rmt_reg.h:905,
rmt,RMT_CH2_RX_CARRIER_RM,0x050,RMT_CARRIER_LOW_THRES_CH2,0,16,RW,idf,0x0,0x0,0x0,R/W,IDF v5.5.3 soc/esp32c3/register/soc/rmt_reg.h:925,
rmt,RMT_CH2_RX_CARRIER_RM,0x050,RMT_CARRIER_HIGH_THRES_CH2,16,16,RW,idf,0x0,0x0,0x0,R/W,IDF v5.5.3 soc/esp32c3/register/soc/rmt_reg.h:919,
rmt,RMT_CH3_RX_CARRIER_RM,0x054,RMT_CARRIER_LOW_THRES_CH3,0,16,RW,idf,0x0,0x0,0x0,R/W,IDF v5.5.3 soc/esp32c3/register/soc/rmt_reg.h:939,
rmt,RMT_CH3_RX_CARRIER_RM,0x054,RMT_CARRIER_HIGH_THRES_CH3,16,16,RW,idf,0x0,0x0,0x0,R/W,IDF v5.5.3 soc/esp32c3/register/soc/rmt_reg.h:933,
rmt,RMT_CH0_TX_LIM,0x058,RMT_TX_LIM_CH0,0,9,RW,idf,0x80,0x80,0x80,R/W,IDF v5.5.3 soc/esp32c3/register/soc/rmt_reg.h:965,
rmt,RMT_CH0_TX_LIM,0x058,RMT_TX_LOOP_NUM_CH0,9,10,RW,idf,0x0,0x0,0x0,R/W,IDF v5.5.3 soc/esp32c3/register/soc/rmt_reg.h:959,
rmt,RMT_CH0_TX_LIM,0x058,RMT_TX_LOOP_CNT_EN_CH0,19,1,RW,idf,0x0,0x0,0x0,R/W,IDF v5.5.3 soc/esp32c3/register/soc/rmt_reg.h:953,
rmt,RMT_CH0_TX_LIM,0x058,RMT_LOOP_COUNT_RESET_CH0,20,1,WT,idf,0x0,0x0,0x0,WT,IDF v5.5.3 soc/esp32c3/register/soc/rmt_reg.h:947,
rmt,RMT_CH1_TX_LIM,0x05C,RMT_TX_LIM_CH1,0,9,RW,idf,0x80,0x80,0x80,R/W,IDF v5.5.3 soc/esp32c3/register/soc/rmt_reg.h:991,
rmt,RMT_CH1_TX_LIM,0x05C,RMT_TX_LOOP_NUM_CH1,9,10,RW,idf,0x0,0x0,0x0,R/W,IDF v5.5.3 soc/esp32c3/register/soc/rmt_reg.h:985,
rmt,RMT_CH1_TX_LIM,0x05C,RMT_TX_LOOP_CNT_EN_CH1,19,1,RW,idf,0x0,0x0,0x0,R/W,IDF v5.5.3 soc/esp32c3/register/soc/rmt_reg.h:979,
rmt,RMT_CH1_TX_LIM,0x05C,RMT_LOOP_COUNT_RESET_CH1,20,1,WT,idf,0x0,0x0,0x0,WT,IDF v5.5.3 soc/esp32c3/register/soc/rmt_reg.h:973,
rmt,RMT_CH2_RX_LIM,0x060,RMT_RX_LIM_CH2,0,9,RW,idf,0x80,0x80,0x80,R/W,IDF v5.5.3 soc/esp32c3/register/soc/rmt_reg.h:999,
rmt,RMT_CH3_RX_LIM,0x064,RMT_RX_LIM_CH3,0,9,RW,idf,0x80,0x80,0x80,R/W,IDF v5.5.3 soc/esp32c3/register/soc/rmt_reg.h:1007,
rmt,RMT_SYS_CONF,0x068,RMT_APB_FIFO_MASK,0,1,RW,idf,0x0,0x0,0x0,R/W,IDF v5.5.3 soc/esp32c3/register/soc/rmt_reg.h:1069,
rmt,RMT_SYS_CONF,0x068,RMT_MEM_CLK_FORCE_ON,1,1,RW,idf,0x0,0x0,0x0,R/W,IDF v5.5.3 soc/esp32c3/register/soc/rmt_reg.h:1063,
rmt,RMT_SYS_CONF,0x068,RMT_MEM_FORCE_PD,2,1,RW,idf,0x0,0x0,0x0,R/W,IDF v5.5.3 soc/esp32c3/register/soc/rmt_reg.h:1057,
rmt,RMT_SYS_CONF,0x068,RMT_MEM_FORCE_PU,3,1,RW,idf,0x0,0x0,0x0,R/W,IDF v5.5.3 soc/esp32c3/register/soc/rmt_reg.h:1051,
rmt,RMT_SYS_CONF,0x068,RMT_SCLK_DIV_NUM,4,8,RW,idf,0x1,0x1,0x1,R/W,IDF v5.5.3 soc/esp32c3/register/soc/rmt_reg.h:1045,
rmt,RMT_SYS_CONF,0x068,RMT_SCLK_DIV_A,12,6,RW,idf,0x0,0x0,0x0,R/W,IDF v5.5.3 soc/esp32c3/register/soc/rmt_reg.h:1039,
rmt,RMT_SYS_CONF,0x068,RMT_SCLK_DIV_B,18,6,RW,idf,0x0,0x0,0x0,R/W,IDF v5.5.3 soc/esp32c3/register/soc/rmt_reg.h:1033,
rmt,RMT_SYS_CONF,0x068,RMT_SCLK_SEL,24,2,RW,idf,0x1,0x1,0x1,R/W,IDF v5.5.3 soc/esp32c3/register/soc/rmt_reg.h:1027,
rmt,RMT_SYS_CONF,0x068,RMT_SCLK_ACTIVE,26,1,RW,idf,0x1,0x1,0x1,R/W,IDF v5.5.3 soc/esp32c3/register/soc/rmt_reg.h:1021,
rmt,RMT_SYS_CONF,0x068,RMT_CLK_EN,31,1,RW,idf,0x0,0x0,0x0,R/W,IDF v5.5.3 soc/esp32c3/register/soc/rmt_reg.h:1015,
rmt,RMT_TX_SIM,0x06C,RMT_TX_SIM_CH0,0,1,RW,idf,0x0,0x0,0x0,R/W,IDF v5.5.3 soc/esp32c3/register/soc/rmt_reg.h:1089,
rmt,RMT_TX_SIM,0x06C,RMT_TX_SIM_CH1,1,1,RW,idf,0x0,0x0,0x0,R/W,IDF v5.5.3 soc/esp32c3/register/soc/rmt_reg.h:1083,
rmt,RMT_TX_SIM,0x06C,RMT_TX_SIM_EN,2,1,RW,idf,0x0,0x0,0x0,R/W,IDF v5.5.3 soc/esp32c3/register/soc/rmt_reg.h:1077,
rmt,RMT_REF_CNT_RST,0x070,RMT_REF_CNT_RST_CH0,0,1,WT,idf,0x0,0x0,0x0,WT,IDF v5.5.3 soc/esp32c3/register/soc/rmt_reg.h:1115,
rmt,RMT_REF_CNT_RST,0x070,RMT_REF_CNT_RST_CH1,1,1,WT,idf,0x0,0x0,0x0,WT,IDF v5.5.3 soc/esp32c3/register/soc/rmt_reg.h:1109,
rmt,RMT_REF_CNT_RST,0x070,RMT_REF_CNT_RST_CH2,2,1,WT,idf,0x0,0x0,0x0,WT,IDF v5.5.3 soc/esp32c3/register/soc/rmt_reg.h:1103,
rmt,RMT_REF_CNT_RST,0x070,RMT_REF_CNT_RST_CH3,3,1,WT,idf,0x0,0x0,0x0,WT,IDF v5.5.3 soc/esp32c3/register/soc/rmt_reg.h:1097,
rmt,RMT_DATE,0x0CC,RMT_DATE,0,28,RW,idf,0x2006231,0x2006231,0x2006231,R/W,IDF v5.5.3 soc/esp32c3/register/soc/rmt_reg.h:1123,
ledc,LEDC_LSCH0_CONF0,0x000,LEDC_TIMER_SEL_LSCH0,0,2,RW,idf,0x0,0x0,0x0,R/W,IDF v5.5.3 soc/esp32c3/register/soc/ledc_reg.h:51,
ledc,LEDC_LSCH0_CONF0,0x000,LEDC_SIG_OUT_EN_LSCH0,2,1,RW,idf,0x0,0x0,0x0,R/W,IDF v5.5.3 soc/esp32c3/register/soc/ledc_reg.h:45,
ledc,LEDC_LSCH0_CONF0,0x000,LEDC_IDLE_LV_LSCH0,3,1,RW,idf,0x0,0x0,0x0,R/W,IDF v5.5.3 soc/esp32c3/register/soc/ledc_reg.h:39,
ledc,LEDC_LSCH0_CONF0,0x000,LEDC_PARA_UP_LSCH0,4,1,WO,idf,0x0,0x0,0x0,WO,IDF v5.5.3 soc/esp32c3/register/soc/ledc_reg.h:33,
ledc,LEDC_LSCH0_CONF0,0x000,LEDC_OVF_NUM_LSCH0,5,10,RW,idf,0x0,0x0,0x0,R/W,IDF v5.5.3 soc/esp32c3/register/soc/ledc_reg.h:27,
ledc,LEDC_LSCH0_CONF0,0x000,LEDC_OVF_CNT_EN_LSCH0,15,1,RW,idf,0x0,0x0,0x0,R/W,IDF v5.5.3 soc/esp32c3/register/soc/ledc_reg.h:21,
ledc,LEDC_LSCH0_CONF0,0x000,LEDC_OVF_CNT_RESET_LSCH0,16,1,WO,idf,0x0,0x0,0x0,WO,IDF v5.5.3 soc/esp32c3/register/soc/ledc_reg.h:15,
ledc,LEDC_LSCH0_HPOINT,0x004,LEDC_HPOINT_LSCH0,0,14,RW,idf,0x0,0x0,0x0,R/W,IDF v5.5.3 soc/esp32c3/register/soc/ledc_reg.h:59,
ledc,LEDC_LSCH0_DUTY,0x008,LEDC_DUTY_LSCH0,0,19,RW,idf,0x0,0x0,0x0,R/W,IDF v5.5.3 soc/esp32c3/register/soc/ledc_reg.h:67,
ledc,LEDC_LSCH0_CONF1,0x00C,LEDC_DUTY_SCALE_LSCH0,0,10,RW,idf,0x0,0x0,0x0,R/W,IDF v5.5.3 soc/esp32c3/register/soc/ledc_reg.h:99,
ledc,LEDC_LSCH0_CONF1,0x00C,LEDC_DUTY_CYCLE_LSCH0,10,10,RW,idf,0x0,0x0,0x0,R/W,IDF v5.5.3 soc/esp32c3/register/soc/ledc_reg.h:93,
ledc,LEDC_LSCH0_CONF1,0x00C,LEDC_DUTY_NUM_LSCH0,20,10,RW,idf,0x0,0x0,0x0,R/W,IDF v5.5.3 soc/esp32c3/register/soc/ledc_reg.h:87,
ledc,LEDC_LSCH0_CONF1,0x00C,LEDC_DUTY_INC_LSCH0,30,1,RW,idf,0x1,0x1,0x1,R/W,IDF v5.5.3 soc/esp32c3/register/soc/ledc_reg.h:81,
ledc,LEDC_LSCH0_CONF1,0x00C,LEDC_DUTY_START_LSCH0,31,1,RW,idf,0x0,0x0,0x0,R/W,IDF v5.5.3 soc/esp32c3/register/soc/ledc_reg.h:75,
ledc,LEDC_LSCH0_DUTY_R,0x010,LEDC_DUTY_LSCH0,0,19,RO,idf,0x0,0x0,0x0,RO,IDF v5.5.3 soc/esp32c3/register/soc/ledc_reg.h:107,
ledc,LEDC_LSCH1_CONF0,0x014,LEDC_TIMER_SEL_LSCH1,0,2,RW,idf,0x0,0x0,0x0,R/W,IDF v5.5.3 soc/esp32c3/register/soc/ledc_reg.h:151,
ledc,LEDC_LSCH1_CONF0,0x014,LEDC_SIG_OUT_EN_LSCH1,2,1,RW,idf,0x0,0x0,0x0,R/W,IDF v5.5.3 soc/esp32c3/register/soc/ledc_reg.h:145,
ledc,LEDC_LSCH1_CONF0,0x014,LEDC_IDLE_LV_LSCH1,3,1,RW,idf,0x0,0x0,0x0,R/W,IDF v5.5.3 soc/esp32c3/register/soc/ledc_reg.h:139,
ledc,LEDC_LSCH1_CONF0,0x014,LEDC_PARA_UP_LSCH1,4,1,WO,idf,0x0,0x0,0x0,WO,IDF v5.5.3 soc/esp32c3/register/soc/ledc_reg.h:133,
ledc,LEDC_LSCH1_CONF0,0x014,LEDC_OVF_NUM_LSCH1,5,10,RW,idf,0x0,0x0,0x0,R/W,IDF v5.5.3 soc/esp32c3/register/soc/ledc_reg.h:127,
ledc,LEDC_LSCH1_CONF0,0x014,LEDC_OVF_CNT_EN_LSCH1,15,1,RW,idf,0x0,0x0,0x0,R/W,IDF v5.5.3 soc/esp32c3/register/soc/ledc_reg.h:121,
ledc,LEDC_LSCH1_CONF0,0x014,LEDC_OVF_CNT_RESET_LSCH1,16,1,WO,idf,0x0,0x0,0x0,WO,IDF v5.5.3 soc/esp32c3/register/soc/ledc_reg.h:115,
ledc,LEDC_LSCH1_HPOINT,0x018,LEDC_HPOINT_LSCH1,0,14,RW,idf,0x0,0x0,0x0,R/W,IDF v5.5.3 soc/esp32c3/register/soc/ledc_reg.h:159,
ledc,LEDC_LSCH1_DUTY,0x01C,LEDC_DUTY_LSCH1,0,19,RW,idf,0x0,0x0,0x0,R/W,IDF v5.5.3 soc/esp32c3/register/soc/ledc_reg.h:167,
ledc,LEDC_LSCH1_CONF1,0x020,LEDC_DUTY_SCALE_LSCH1,0,10,RW,idf,0x0,0x0,0x0,R/W,IDF v5.5.3 soc/esp32c3/register/soc/ledc_reg.h:199,
ledc,LEDC_LSCH1_CONF1,0x020,LEDC_DUTY_CYCLE_LSCH1,10,10,RW,idf,0x0,0x0,0x0,R/W,IDF v5.5.3 soc/esp32c3/register/soc/ledc_reg.h:193,
ledc,LEDC_LSCH1_CONF1,0x020,LEDC_DUTY_NUM_LSCH1,20,10,RW,idf,0x0,0x0,0x0,R/W,IDF v5.5.3 soc/esp32c3/register/soc/ledc_reg.h:187,
ledc,LEDC_LSCH1_CONF1,0x020,LEDC_DUTY_INC_LSCH1,30,1,RW,idf,0x1,0x1,0x1,R/W,IDF v5.5.3 soc/esp32c3/register/soc/ledc_reg.h:181,
ledc,LEDC_LSCH1_CONF1,0x020,LEDC_DUTY_START_LSCH1,31,1,RW,idf,0x0,0x0,0x0,R/W,IDF v5.5.3 soc/esp32c3/register/soc/ledc_reg.h:175,
ledc,LEDC_LSCH1_DUTY_R,0x024,LEDC_DUTY_LSCH1,0,19,RO,idf,0x0,0x0,0x0,RO,IDF v5.5.3 soc/esp32c3/register/soc/ledc_reg.h:207,
ledc,LEDC_LSCH2_CONF0,0x028,LEDC_TIMER_SEL_LSCH2,0,2,RW,idf,0x0,0x0,0x0,R/W,IDF v5.5.3 soc/esp32c3/register/soc/ledc_reg.h:251,
ledc,LEDC_LSCH2_CONF0,0x028,LEDC_SIG_OUT_EN_LSCH2,2,1,RW,idf,0x0,0x0,0x0,R/W,IDF v5.5.3 soc/esp32c3/register/soc/ledc_reg.h:245,
ledc,LEDC_LSCH2_CONF0,0x028,LEDC_IDLE_LV_LSCH2,3,1,RW,idf,0x0,0x0,0x0,R/W,IDF v5.5.3 soc/esp32c3/register/soc/ledc_reg.h:239,
ledc,LEDC_LSCH2_CONF0,0x028,LEDC_PARA_UP_LSCH2,4,1,WO,idf,0x0,0x0,0x0,WO,IDF v5.5.3 soc/esp32c3/register/soc/ledc_reg.h:233,
ledc,LEDC_LSCH2_CONF0,0x028,LEDC_OVF_NUM_LSCH2,5,10,RW,idf,0x0,0x0,0x0,R/W,IDF v5.5.3 soc/esp32c3/register/soc/ledc_reg.h:227,
ledc,LEDC_LSCH2_CONF0,0x028,LEDC_OVF_CNT_EN_LSCH2,15,1,RW,idf,0x0,0x0,0x0,R/W,IDF v5.5.3 soc/esp32c3/register/soc/ledc_reg.h:221,
ledc,LEDC_LSCH2_CONF0,0x028,LEDC_OVF_CNT_RESET_LSCH2,16,1,WO,idf,0x0,0x0,0x0,WO,IDF v5.5.3 soc/esp32c3/register/soc/ledc_reg.h:215,
ledc,LEDC_LSCH2_HPOINT,0x02C,LEDC_HPOINT_LSCH2,0,14,RW,idf,0x0,0x0,0x0,R/W,IDF v5.5.3 soc/esp32c3/register/soc/ledc_reg.h:259,
ledc,LEDC_LSCH2_DUTY,0x030,LEDC_DUTY_LSCH2,0,19,RW,idf,0x0,0x0,0x0,R/W,IDF v5.5.3 soc/esp32c3/register/soc/ledc_reg.h:267,
ledc,LEDC_LSCH2_CONF1,0x034,LEDC_DUTY_SCALE_LSCH2,0,10,RW,idf,0x0,0x0,0x0,R/W,IDF v5.5.3 soc/esp32c3/register/soc/ledc_reg.h:299,
ledc,LEDC_LSCH2_CONF1,0x034,LEDC_DUTY_CYCLE_LSCH2,10,10,RW,idf,0x0,0x0,0x0,R/W,IDF v5.5.3 soc/esp32c3/register/soc/ledc_reg.h:293,
ledc,LEDC_LSCH2_CONF1,0x034,LEDC_DUTY_NUM_LSCH2,20,10,RW,idf,0x0,0x0,0x0,R/W,IDF v5.5.3 soc/esp32c3/register/soc/ledc_reg.h:287,
ledc,LEDC_LSCH2_CONF1,0x034,LEDC_DUTY_INC_LSCH2,30,1,RW,idf,0x1,0x1,0x1,R/W,IDF v5.5.3 soc/esp32c3/register/soc/ledc_reg.h:281,
ledc,LEDC_LSCH2_CONF1,0x034,LEDC_DUTY_START_LSCH2,31,1,RW,idf,0x0,0x0,0x0,R/W,IDF v5.5.3 soc/esp32c3/register/soc/ledc_reg.h:275,
ledc,LEDC_LSCH2_DUTY_R,0x038,LEDC_DUTY_LSCH2,0,19,RO,idf,0x0,0x0,0x0,RO,IDF v5.5.3 soc/esp32c3/register/soc/ledc_reg.h:307,
ledc,LEDC_LSCH3_CONF0,0x03C,LEDC_TIMER_SEL_LSCH3,0,2,RW,idf,0x0,0x0,0x0,R/W,IDF v5.5.3 soc/esp32c3/register/soc/ledc_reg.h:351,
ledc,LEDC_LSCH3_CONF0,0x03C,LEDC_SIG_OUT_EN_LSCH3,2,1,RW,idf,0x0,0x0,0x0,R/W,IDF v5.5.3 soc/esp32c3/register/soc/ledc_reg.h:345,
ledc,LEDC_LSCH3_CONF0,0x03C,LEDC_IDLE_LV_LSCH3,3,1,RW,idf,0x0,0x0,0x0,R/W,IDF v5.5.3 soc/esp32c3/register/soc/ledc_reg.h:339,
ledc,LEDC_LSCH3_CONF0,0x03C,LEDC_PARA_UP_LSCH3,4,1,WO,idf,0x0,0x0,0x0,WO,IDF v5.5.3 soc/esp32c3/register/soc/ledc_reg.h:333,
ledc,LEDC_LSCH3_CONF0,0x03C,LEDC_OVF_NUM_LSCH3,5,10,RW,idf,0x0,0x0,0x0,R/W,IDF v5.5.3 soc/esp32c3/register/soc/ledc_reg.h:327,
ledc,LEDC_LSCH3_CONF0,0x03C,LEDC_OVF_CNT_EN_LSCH3,15,1,RW,idf,0x0,0x0,0x0,R/W,IDF v5.5.3 soc/esp32c3/register/soc/ledc_reg.h:321,
ledc,LEDC_LSCH3_CONF0,0x03C,LEDC_OVF_CNT_RESET_LSCH3,16,1,WO,idf,0x0,0x0,0x0,WO,IDF v5.5.3 soc/esp32c3/register/soc/ledc_reg.h:315,
ledc,LEDC_LSCH3_HPOINT,0x040,LEDC_HPOINT_LSCH3,0,14,RW,idf,0x0,0x0,0x0,R/W,IDF v5.5.3 soc/esp32c3/register/soc/ledc_reg.h:359,
ledc,LEDC_LSCH3_DUTY,0x044,LEDC_DUTY_LSCH3,0,19,RW,idf,0x0,0x0,0x0,R/W,IDF v5.5.3 soc/esp32c3/register/soc/ledc_reg.h:367,
ledc,LEDC_LSCH3_CONF1,0x048,LEDC_DUTY_SCALE_LSCH3,0,10,RW,idf,0x0,0x0,0x0,R/W,IDF v5.5.3 soc/esp32c3/register/soc/ledc_reg.h:399,
ledc,LEDC_LSCH3_CONF1,0x048,LEDC_DUTY_CYCLE_LSCH3,10,10,RW,idf,0x0,0x0,0x0,R/W,IDF v5.5.3 soc/esp32c3/register/soc/ledc_reg.h:393,
ledc,LEDC_LSCH3_CONF1,0x048,LEDC_DUTY_NUM_LSCH3,20,10,RW,idf,0x0,0x0,0x0,R/W,IDF v5.5.3 soc/esp32c3/register/soc/ledc_reg.h:387,
ledc,LEDC_LSCH3_CONF1,0x048,LEDC_DUTY_INC_LSCH3,30,1,RW,idf,0x1,0x1,0x1,R/W,IDF v5.5.3 soc/esp32c3/register/soc/ledc_reg.h:381,
ledc,LEDC_LSCH3_CONF1,0x048,LEDC_DUTY_START_LSCH3,31,1,RW,idf,0x0,0x0,0x0,R/W,IDF v5.5.3 soc/esp32c3/register/soc/ledc_reg.h:375,
ledc,LEDC_LSCH3_DUTY_R,0x04C,LEDC_DUTY_LSCH3,0,19,RO,idf,0x0,0x0,0x0,RO,IDF v5.5.3 soc/esp32c3/register/soc/ledc_reg.h:407,
ledc,LEDC_LSCH4_CONF0,0x050,LEDC_TIMER_SEL_LSCH4,0,2,RW,idf,0x0,0x0,0x0,R/W,IDF v5.5.3 soc/esp32c3/register/soc/ledc_reg.h:451,
ledc,LEDC_LSCH4_CONF0,0x050,LEDC_SIG_OUT_EN_LSCH4,2,1,RW,idf,0x0,0x0,0x0,R/W,IDF v5.5.3 soc/esp32c3/register/soc/ledc_reg.h:445,
ledc,LEDC_LSCH4_CONF0,0x050,LEDC_IDLE_LV_LSCH4,3,1,RW,idf,0x0,0x0,0x0,R/W,IDF v5.5.3 soc/esp32c3/register/soc/ledc_reg.h:439,
ledc,LEDC_LSCH4_CONF0,0x050,LEDC_PARA_UP_LSCH4,4,1,WO,idf,0x0,0x0,0x0,WO,IDF v5.5.3 soc/esp32c3/register/soc/ledc_reg.h:433,
ledc,LEDC_LSCH4_CONF0,0x050,LEDC_OVF_NUM_LSCH4,5,10,RW,idf,0x0,0x0,0x0,R/W,IDF v5.5.3 soc/esp32c3/register/soc/ledc_reg.h:427,
ledc,LEDC_LSCH4_CONF0,0x050,LEDC_OVF_CNT_EN_LSCH4,15,1,RW,idf,0x0,0x0,0x0,R/W,IDF v5.5.3 soc/esp32c3/register/soc/ledc_reg.h:421,
ledc,LEDC_LSCH4_CONF0,0x050,LEDC_OVF_CNT_RESET_LSCH4,16,1,WO,idf,0x0,0x0,0x0,WO,IDF v5.5.3 soc/esp32c3/register/soc/ledc_reg.h:415,
ledc,LEDC_LSCH4_HPOINT,0x054,LEDC_HPOINT_LSCH4,0,14,RW,idf,0x0,0x0,0x0,R/W,IDF v5.5.3 soc/esp32c3/register/soc/ledc_reg.h:459,
ledc,LEDC_LSCH4_DUTY,0x058,LEDC_DUTY_LSCH4,0,19,RW,idf,0x0,0x0,0x0,R/W,IDF v5.5.3 soc/esp32c3/register/soc/ledc_reg.h:467,
ledc,LEDC_LSCH4_CONF1,0x05C,LEDC_DUTY_SCALE_LSCH4,0,10,RW,idf,0x0,0x0,0x0,R/W,IDF v5.5.3 soc/esp32c3/register/soc/ledc_reg.h:499,
ledc,LEDC_LSCH4_CONF1,0x05C,LEDC_DUTY_CYCLE_LSCH4,10,10,RW,idf,0x0,0x0,0x0,R/W,IDF v5.5.3 soc/esp32c3/register/soc/ledc_reg.h:493,
ledc,LEDC_LSCH4_CONF1,0x05C,LEDC_DUTY_NUM_LSCH4,20,10,RW,idf,0x0,0x0,0x0,R/W,IDF v5.5.3 soc/esp32c3/register/soc/ledc_reg.h:487,
ledc,LEDC_LSCH4_CONF1,0x05C,LEDC_DUTY_INC_LSCH4,30,1,RW,idf,0x1,0x1,0x1,R/W,IDF v5.5.3 soc/esp32c3/register/soc/ledc_reg.h:481,
ledc,LEDC_LSCH4_CONF1,0x05C,LEDC_DUTY_START_LSCH4,31,1,RW,idf,0x0,0x0,0x0,R/W,IDF v5.5.3 soc/esp32c3/register/soc/ledc_reg.h:475,
ledc,LEDC_LSCH4_DUTY_R,0x060,LEDC_DUTY_LSCH4,0,19,RO,idf,0x0,0x0,0x0,RO,IDF v5.5.3 soc/esp32c3/register/soc/ledc_reg.h:507,
ledc,LEDC_LSCH5_CONF0,0x064,LEDC_TIMER_SEL_LSCH5,0,2,RW,idf,0x0,0x0,0x0,R/W,IDF v5.5.3 soc/esp32c3/register/soc/ledc_reg.h:551,
ledc,LEDC_LSCH5_CONF0,0x064,LEDC_SIG_OUT_EN_LSCH5,2,1,RW,idf,0x0,0x0,0x0,R/W,IDF v5.5.3 soc/esp32c3/register/soc/ledc_reg.h:545,
ledc,LEDC_LSCH5_CONF0,0x064,LEDC_IDLE_LV_LSCH5,3,1,RW,idf,0x0,0x0,0x0,R/W,IDF v5.5.3 soc/esp32c3/register/soc/ledc_reg.h:539,
ledc,LEDC_LSCH5_CONF0,0x064,LEDC_PARA_UP_LSCH5,4,1,WO,idf,0x0,0x0,0x0,WO,IDF v5.5.3 soc/esp32c3/register/soc/ledc_reg.h:533,
ledc,LEDC_LSCH5_CONF0,0x064,LEDC_OVF_NUM_LSCH5,5,10,RW,idf,0x0,0x0,0x0,R/W,IDF v5.5.3 soc/esp32c3/register/soc/ledc_reg.h:527,
ledc,LEDC_LSCH5_CONF0,0x064,LEDC_OVF_CNT_EN_LSCH5,15,1,RW,idf,0x0,0x0,0x0,R/W,IDF v5.5.3 soc/esp32c3/register/soc/ledc_reg.h:521,
ledc,LEDC_LSCH5_CONF0,0x064,LEDC_OVF_CNT_RESET_LSCH5,16,1,WO,idf,0x0,0x0,0x0,WO,IDF v5.5.3 soc/esp32c3/register/soc/ledc_reg.h:515,
ledc,LEDC_LSCH5_HPOINT,0x068,LEDC_HPOINT_LSCH5,0,14,RW,idf,0x0,0x0,0x0,R/W,IDF v5.5.3 soc/esp32c3/register/soc/ledc_reg.h:559,
ledc,LEDC_LSCH5_DUTY,0x06C,LEDC_DUTY_LSCH5,0,19,RW,idf,0x0,0x0,0x0,R/W,IDF v5.5.3 soc/esp32c3/register/soc/ledc_reg.h:567,
ledc,LEDC_LSCH5_CONF1,0x070,LEDC_DUTY_SCALE_LSCH5,0,10,RW,idf,0x0,0x0,0x0,R/W,IDF v5.5.3 soc/esp32c3/register/soc/ledc_reg.h:599,
ledc,LEDC_LSCH5_CONF1,0x070,LEDC_DUTY_CYCLE_LSCH5,10,10,RW,idf,0x0,0x0,0x0,R/W,IDF v5.5.3 soc/esp32c3/register/soc/ledc_reg.h:593,
ledc,LEDC_LSCH5_CONF1,0x070,LEDC_DUTY_NUM_LSCH5,20,10,RW,idf,0x0,0x0,0x0,R/W,IDF v5.5.3 soc/esp32c3/register/soc/ledc_reg.h:587,
ledc,LEDC_LSCH5_CONF1,0x070,LEDC_DUTY_INC_LSCH5,30,1,RW,idf,0x1,0x1,0x1,R/W,IDF v5.5.3 soc/esp32c3/register/soc/ledc_reg.h:581,
ledc,LEDC_LSCH5_CONF1,0x070,LEDC_DUTY_START_LSCH5,31,1,RW,idf,0x0,0x0,0x0,R/W,IDF v5.5.3 soc/esp32c3/register/soc/ledc_reg.h:575,
ledc,LEDC_LSCH5_DUTY_R,0x074,LEDC_DUTY_LSCH5,0,19,RO,idf,0x0,0x0,0x0,RO,IDF v5.5.3 soc/esp32c3/register/soc/ledc_reg.h:607,
ledc,LEDC_LSTIMER0_CONF,0x0A0,LEDC_LSTIMER0_DUTY_RES,0,4,RW,idf,0x0,0x0,0x0,R/W,IDF v5.5.3 soc/esp32c3/register/soc/ledc_reg.h:645,
ledc,LEDC_LSTIMER0_CONF,0x0A0,LEDC_CLK_DIV_LSTIMER0,4,18,RW,idf,0x0,0x0,0x0,R/W,IDF v5.5.3 soc/esp32c3/register/soc/ledc_reg.h:639,
ledc,LEDC_LSTIMER0_CONF,0x0A0,LEDC_LSTIMER0_PAUSE,22,1,RW,idf,0x0,0x0,0x0,R/W,IDF v5.5.3 soc/esp32c3/register/soc/ledc_reg.h:633,
ledc,LEDC_LSTIMER0_CONF,0x0A0,LEDC_LSTIMER0_RST,23,1,RW,idf,0x1,0x1,0x1,R/W,IDF v5.5.3 soc/esp32c3/register/soc/ledc_reg.h:627,
ledc,LEDC_LSTIMER0_CONF,0x0A0,LEDC_TICK_SEL_LSTIMER0,24,1,RW,idf,0x0,0x0,0x0,R/W,IDF v5.5.3 soc/esp32c3/register/soc/ledc_reg.h:621,
ledc,LEDC_LSTIMER0_CONF,0x0A0,LEDC_LSTIMER0_PARA_UP,25,1,WO,idf,0x0,0x0,0x0,WO,IDF v5.5.3 soc/esp32c3/register/soc/ledc_reg.h:615,
ledc,LEDC_LSTIMER0_VALUE,0x0A4,LEDC_LSTIMER0_CNT,0,14,RO,idf,0x0,0x0,0x0,RO,IDF v5.5.3 soc/esp32c3/register/soc/ledc_reg.h:653,
ledc,LEDC_LSTIMER1_CONF,0x0A8,LEDC_LSTIMER1_DUTY_RES,0,4,RW,idf,0x0,0x0,0x0,R/W,IDF v5.5.3 soc/esp32c3/register/soc/ledc_reg.h:691,
ledc,LEDC_LSTIMER1_CONF,0x0A8,LEDC_CLK_DIV_LSTIMER1,4,18,RW,idf,0x0,0x0,0x0,R/W,IDF v5.5.3 soc/esp32c3/register/soc/ledc_reg.h:685,
ledc,LEDC_LSTIMER1_CONF,0x0A8,LEDC_LSTIMER1_PAUSE,22,1,RW,idf,0x0,0x0,0x0,R/W,IDF v5.5.3 soc/esp32c3/register/soc/ledc_reg.h:679,
ledc,LEDC_LSTIMER1_CONF,0x0A8,LEDC_LSTIMER1_RST,23,1,RW,idf,0x1,0x1,0x1,R/W,IDF v5.5.3 soc/esp32c3/register/soc/ledc_reg.h:673,
ledc,LEDC_LSTIMER1_CONF,0x0A8,LEDC_TICK_SEL_LSTIMER1,24,1,RW,idf,0x0,0x0,0x0,R/W,IDF v5.5.3 soc/esp32c3/register/soc/ledc_reg.h:667,
ledc,LEDC_LSTIMER1_CONF,0x0A8,LEDC_LSTIMER1_PARA_UP,25,1,WO,idf,0x0,0x0,0x0,WO,IDF v5.5.3 soc/esp32c3/register/soc/ledc_reg.h:661,
ledc,LEDC_LSTIMER1_VALUE,0x0AC,LEDC_LSTIMER1_CNT,0,14,RO,idf,0x0,0x0,0x0,RO,IDF v5.5.3 soc/esp32c3/register/soc/ledc_reg.h:699,
ledc,LEDC_LSTIMER2_CONF,0x0B0,LEDC_LSTIMER2_DUTY_RES,0,4,RW,idf,0x0,0x0,0x0,R/W,IDF v5.5.3 soc/esp32c3/register/soc/ledc_reg.h:737,
ledc,LEDC_LSTIMER2_CONF,0x0B0,LEDC_CLK_DIV_LSTIMER2,4,18,RW,idf,0x0,0x0,0x0,R/W,IDF v5.5.3 soc/esp32c3/register/soc/ledc_reg.h:731,
ledc,LEDC_LSTIMER2_CONF,0x0B0,LEDC_LSTIMER2_PAUSE,22,1,RW,idf,0x0,0x0,0x0,R/W,IDF v5.5.3 soc/esp32c3/register/soc/ledc_reg.h:725,
ledc,LEDC_LSTIMER2_CONF,0x0B0,LEDC_LSTIMER2_RST,23,1,RW,idf,0x1,0x1,0x1,R/W,IDF v5.5.3 soc/esp32c3/register/soc/ledc_reg.h:719,
ledc,LEDC_LSTIMER2_CONF,0x0B0,LEDC_TICK_SEL_LSTIMER2,24,1,RW,idf,0x0,0x0,0x0,R/W,IDF v5.5.3 soc/esp32c3/register/soc/ledc_reg.h:713,
ledc,LEDC_LSTIMER2_CONF,0x0B0,LEDC_LSTIMER2_PARA_UP,25,1,WO,idf,0x0,0x0,0x0,WO,IDF v5.5.3 soc/esp32c3/register/soc/ledc_reg.h:707,
ledc,LEDC_LSTIMER2_VALUE,0x0B4,LEDC_LSTIMER2_CNT,0,14,RO,idf,0x0,0x0,0x0,RO,IDF v5.5.3 soc/esp32c3/register/soc/ledc_reg.h:745,
ledc,LEDC_LSTIMER3_CONF,0x0B8,LEDC_LSTIMER3_DUTY_RES,0,4,RW,idf,0x0,0x0,0x0,R/W,IDF v5.5.3 soc/esp32c3/register/soc/ledc_reg.h:783,
ledc,LEDC_LSTIMER3_CONF,0x0B8,LEDC_CLK_DIV_LSTIMER3,4,18,RW,idf,0x0,0x0,0x0,R/W,IDF v5.5.3 soc/esp32c3/register/soc/ledc_reg.h:777,
ledc,LEDC_LSTIMER3_CONF,0x0B8,LEDC_LSTIMER3_PAUSE,22,1,RW,idf,0x0,0x0,0x0,R/W,IDF v5.5.3 soc/esp32c3/register/soc/ledc_reg.h:771,
ledc,LEDC_LSTIMER3_CONF,0x0B8,LEDC_LSTIMER3_RST,23,1,RW,idf,0x1,0x1,0x1,R/W,IDF v5.5.3 soc/esp32c3/register/soc/ledc_reg.h:765,
ledc,LEDC_LSTIMER3_CONF,0x0B8,LEDC_TICK_SEL_LSTIMER3,24,1,RW,idf,0x0,0x0,0x0,R/W,IDF v5.5.3 soc/esp32c3/register/soc/ledc_reg.h:759,
ledc,LEDC_LSTIMER3_CONF,0x0B8,LEDC_LSTIMER3_PARA_UP,25,1,WO,idf,0x0,0x0,0x0,WO,IDF v5.5.3 soc/esp32c3/register/soc/ledc_reg.h:753,
ledc,LEDC_LSTIMER3_VALUE,0x0BC,LEDC_LSTIMER3_CNT,0,14,RO,idf,0x0,0x0,0x0,RO,IDF v5.5.3 soc/esp32c3/register/soc/ledc_reg.h:791,
ledc,LEDC_INT_RAW,0x0C0,LEDC_LSTIMER0_OVF_INT_RAW,0,1,RO,idf,0x0,0x0,0x0,RO,IDF v5.5.3 soc/esp32c3/register/soc/ledc_reg.h:889,
ledc,LEDC_INT_RAW,0x0C0,LEDC_LSTIMER1_OVF_INT_RAW,1,1,RO,idf,0x0,0x0,0x0,RO,IDF v5.5.3 soc/esp32c3/register/soc/ledc_reg.h:883,
ledc,LEDC_INT_RAW,0x0C0,LEDC_LSTIMER2_OVF_INT_RAW,2,1,RO,idf,0x0,0x0,0x0,RO,IDF v5.5.3 soc/esp32c3/register/soc/ledc_reg.h:877,
ledc,LEDC_INT_RAW,0x0C0,LEDC_LSTIMER3_OVF_INT_RAW,3,1,RO,idf,0x0,0x0,0x0,RO,IDF v5.5.3 soc/esp32c3/register/soc/ledc_reg.h:871,
ledc,LEDC_INT_RAW,0x0C0,LEDC_DUTY_CHNG_END_LSCH0_INT_RAW,4,1,RO,idf,0x0,0x0,0x0,RO,IDF v5.5.3 soc/esp32c3/register/soc/ledc_reg.h:865,
ledc,LEDC_INT_RAW,0x0C0,LEDC_DUTY_CHNG_END_LSCH1_INT_RAW,5,1,RO,idf,0x0,0x0,0x0,RO,IDF v5.5.3 soc/esp32c3/register/soc/ledc_reg.h:859,
ledc,LEDC_INT_RAW,0x0C0,LEDC_DUTY_CHNG_END_LSCH2_INT_RAW,6,1,RO,idf,0x0,0x0,0x0,RO,IDF v5.5.3 soc/esp32c3/register/soc/ledc_reg.h:853,
ledc,LEDC_INT_RAW,0x0C0,LEDC_DUTY_CHNG_END_LSCH3_INT_RAW,7,1,RO,idf,0x0,0x0,0x0,RO,IDF v5.5.3 soc/esp32c3/register/soc/ledc_reg.h:847,
ledc,LEDC_INT_RAW,0x0C0,LEDC_DUTY_CHNG_END_LSCH4_INT_RAW,8,1,RO,idf,0x0,0x0,0x0,RO,IDF v5.5.3 soc/esp32c3/register/soc/ledc_reg.h:841,
ledc,LEDC_INT_RAW,0x0C0,LEDC_DUTY_CHNG_END_LSCH5_INT_RAW,9,1,RO,idf,0x0,0x0,0x0,RO,IDF v5.5.3 soc/esp32c3/register/soc/ledc_reg.h:835,
ledc,LEDC_INT_RAW,0x0C0,LEDC_OVF_CNT_LSCH0_INT_RAW,10,1,RO,idf,0x0,0x0,0x0,RO,IDF v5.5.3 soc/esp32c3/register/soc/ledc_reg.h:829,
ledc,LEDC_INT_RAW,0x0C0,LEDC_OVF_CNT_LSCH1_INT_RAW,11,1,RO,idf,0x0,0x0,0x0,RO,IDF v5.5.3 soc/esp32c3/register/soc/ledc_reg.h:823,
ledc,LEDC_INT_RAW,0x0C0,LEDC_OVF_CNT_LSCH2_INT_RAW,12,1,RO,idf,0x0,0x0,0x0,RO,IDF v5.5.3 soc/esp32c3/register/soc/ledc_reg.h:817,
ledc,LEDC_INT_RAW,0x0C0,LEDC_OVF_CNT_LSCH3_INT_RAW,13,1,RO,idf,0x0,0x0,0x0,RO,IDF v5.5.3 soc/esp32c3/register/soc/ledc_reg.h:811,
ledc,LEDC_INT_RAW,0x0C0,LEDC_OVF_CNT_LSCH4_INT_RAW,14,1,RO,idf,0x0,0x0,0x0,RO,IDF v5.5.3 soc/esp32c3/register/soc/ledc_reg.h:805,
ledc,LEDC_INT_RAW,0x0C0,LEDC_OVF_CNT_LSCH5_INT_RAW,15,1,RO,idf,0x0,0x0,0x0,RO,IDF v5.5.3 soc/esp32c3/register/soc/ledc_reg.h:799,
ledc,LEDC_INT_ST,0x0C4,LEDC_LSTIMER0_OVF_INT_ST,0,1,RO,idf,0x0,0x0,0x0,RO,IDF v5.5.3 soc/esp32c3/register/soc/ledc_reg.h:987,
ledc,LEDC_INT_ST,0x0C4,LEDC_LSTIMER1_OVF_INT_ST,1,1,RO,idf,0x0,0x0,0x0,RO,IDF v5.5.3 soc/esp32c3/register/soc/ledc_reg.h:981,
ledc,LEDC_INT_ST,0x0C4,LEDC_LSTIMER2_OVF_INT_ST,2,1,RO,idf,0x0,0x0,0x0,RO,IDF v5.5.3 soc/esp32c3/register/soc/ledc_reg.h:975,
ledc,LEDC_INT_ST,0x0C4,LEDC_LSTIMER3_OVF_INT_ST,3,1,RO,idf,0x0,0x0,0x0,RO,IDF v5.5.3 soc/esp32c3/register/soc/ledc_reg.h:969,
ledc,LEDC_INT_ST,0x0C4,LEDC_DUTY_CHNG_END_LSCH0_INT_ST,4,1,RO,idf,0x0,0x0,0x0,RO,IDF v5.5.3 soc/esp32c3/register/soc/ledc_reg.h:963,
ledc,LEDC_INT_ST,0x0C4,LEDC_DUTY_CHNG_END_LSCH1_INT_ST,5,1,RO,idf,0x0,0x0,0x0,RO,IDF v5.5.3 soc/esp32c3/register/soc/ledc_reg.h:957,
ledc,LEDC_INT_ST,0x0C4,LEDC_DUTY_CHNG_END_LSCH2_INT_ST,6,1,RO,idf,0x0,0x0,0x0,RO,IDF v5.5.3 soc/esp32c3/register/soc/ledc_reg.h:951,
ledc,LEDC_INT_ST,0x0C4,LEDC_DUTY_CHNG_END_LSCH3_INT_ST,7,1,RO,idf,0x0,0x0,0x0,RO,IDF v5.5.3 soc/esp32c3/register/soc/ledc_reg.h:945,
ledc,LEDC_INT_ST,0x0C4,LEDC_DUTY_CHNG_END_LSCH4_INT_ST,8,1,RO,idf,0x0,0x0,0x0,RO,IDF v5.5.3 soc/esp32c3/register/soc/ledc_reg.h:939,
ledc,LEDC_INT_ST,0x0C4,LEDC_DUTY_CHNG_END_LSCH5_INT_ST,9,1,RO,idf,0x0,0x0,0x0,RO,IDF v5.5.3 soc/esp32c3/register/soc/ledc_reg.h:933,
ledc,LEDC_INT_ST,0x0C4,LEDC_OVF_CNT_LSCH0_INT_ST,10,1,RO,idf,0x0,0x0,0x0,RO,IDF v5.5.3 soc/esp32c3/register/soc/ledc_reg.h:927,
ledc,LEDC_INT_ST,0x0C4,LEDC_OVF_CNT_LSCH1_INT_ST,11,1,RO,idf,0x0,0x0,0x0,RO,IDF v5.5.3 soc/esp32c3/register/soc/ledc_reg.h:921,
ledc,LEDC_INT_ST,0x0C4,LEDC_OVF_CNT_LSCH2_INT_ST,12,1,RO,idf,0x0,0x0,0x0,RO,IDF v5.5.3 soc/esp32c3/register/soc/ledc_reg.h:915,
ledc,LEDC_INT_ST,0x0C4,LEDC_OVF_CNT_LSCH3_INT_ST,13,1,RO,idf,0x0,0x0,0x0,RO,IDF v5.5.3 soc/esp32c3/register/soc/ledc_reg.h:909,
ledc,LEDC_INT_ST,0x0C4,LEDC_OVF_CNT_LSCH4_INT_ST,14,1,RO,idf,0x0,0x0,0x0,RO,IDF v5.5.3 soc/esp32c3/register/soc/ledc_reg.h:903,
ledc,LEDC_INT_ST,0x0C4,LEDC_OVF_CNT_LSCH5_INT_ST,15,1,RO,idf,0x0,0x0,0x0,RO,IDF v5.5.3 soc/esp32c3/register/soc/ledc_reg.h:897,
ledc,LEDC_INT_ENA,0x0C8,LEDC_LSTIMER0_OVF_INT_ENA,0,1,RW,idf,0x0,0x0,0x0,R/W,IDF v5.5.3 soc/esp32c3/register/soc/ledc_reg.h:1085,
ledc,LEDC_INT_ENA,0x0C8,LEDC_LSTIMER1_OVF_INT_ENA,1,1,RW,idf,0x0,0x0,0x0,R/W,IDF v5.5.3 soc/esp32c3/register/soc/ledc_reg.h:1079,
ledc,LEDC_INT_ENA,0x0C8,LEDC_LSTIMER2_OVF_INT_ENA,2,1,RW,idf,0x0,0x0,0x0,R/W,IDF v5.5.3 soc/esp32c3/register/soc/ledc_reg.h:1073,
ledc,LEDC_INT_ENA,0x0C8,LEDC_LSTIMER3_OVF_INT_ENA,3,1,RW,idf,0x0,0x0,0x0,R/W,IDF v5.5.3 soc/esp32c3/register/soc/ledc_reg.h:1067,
ledc,LEDC_INT_ENA,0x0C8,LEDC_DUTY_CHNG_END_LSCH0_INT_ENA,4,1,RW,idf,0x0,0x0,0x0,R/W,IDF v5.5.3 soc/esp32c3/register/soc/ledc_reg.h:1061,
ledc,LEDC_INT_ENA,0x0C8,LEDC_DUTY_CHNG_END_LSCH1_INT_ENA,5,1,RW,idf,0x0,0x0,0x0,R/W,IDF v5.5.3 soc/esp32c3/register/soc/ledc_reg.h:1055,
ledc,LEDC_INT_ENA,0x0C8,LEDC_DUTY_CHNG_END_LSCH2_INT_ENA,6,1,RW,idf,0x0,0x0,0x0,R/W,IDF v5.5.3 soc/esp32c3/register/soc/ledc_reg.h:1049,
ledc,LEDC_INT_ENA,0x0C8,LEDC_DUTY_CHNG_END_LSCH3_INT_ENA,7,1,RW,idf,0x0,0x0,0x0,R/W,IDF v5.5.3 soc/esp32c3/register/soc/ledc_reg.h:1043,
ledc,LEDC_INT_ENA,0x0C8,LEDC_DUTY_CHNG_END_LSCH4_INT_ENA,8,1,RW,idf,0x0,0x0,0x0,R/W,IDF v5.5.3 soc/esp32c3/register/soc/ledc_reg.h:1037,
ledc,LEDC_INT_ENA,0x0C8,LEDC_DUTY_CHNG_END_LSCH5_INT_ENA,9,1,RW,idf,0x0,0x0,0x0,R/W,IDF v5.5.3 soc/esp32c3/register/soc/ledc_reg.h:1031,
ledc,LEDC_INT_ENA,0x0C8,LEDC_OVF_CNT_LSCH0_INT_ENA,10,1,RW,idf,0x0,0x0,0x0,R/W,IDF v5.5.3 soc/esp32c3/register/soc/ledc_reg.h:1025,
ledc,LEDC_INT_ENA,0x0C8,LEDC_OVF_CNT_LSCH1_INT_ENA,11,1,RW,idf,0x0,0x0,0x0,R/W,IDF v5.5.3 soc/esp32c3/register/soc/ledc_reg.h:1019,
ledc,LEDC_INT_ENA,0x0C8,LEDC_OVF_CNT_LSCH2_INT_ENA,12,1,RW,idf,0x0,0x0,0x0,R/W,IDF v5.5.3 soc/esp32c3/register/soc/ledc_reg.h:1013,
ledc,LEDC_INT_ENA,0x0C8,LEDC_OVF_CNT_LSCH3_INT_ENA,13,1,RW,idf,0x0,0x0,0x0,R/W,IDF v5.5.3 soc/esp32c3/register/soc/ledc_reg.h:1007,
ledc,LEDC_INT_ENA,0x0C8,LEDC_OVF_CNT_LSCH4_INT_ENA,14,1,RW,idf,0x0,0x0,0x0,R/W,IDF v5.5.3 soc/esp32c3/register/soc/ledc_reg.h:1001,
ledc,LEDC_INT_ENA,0x0C8,LEDC_OVF_CNT_LSCH5_INT_ENA,15,1,RW,idf,0x0,0x0,0x0,R/W,IDF v5.5.3 soc/esp32c3/register/soc/ledc_reg.h:995,
ledc,LEDC_INT_CLR,0x0CC,LEDC_LSTIMER0_OVF_INT_CLR,0,1,WO,idf,0x0,0x0,0x0,WO,IDF v5.5.3 soc/esp32c3/register/soc/ledc_reg.h:1183,
ledc,LEDC_INT_CLR,0x0CC,LEDC_LSTIMER1_OVF_INT_CLR,1,1,WO,idf,0x0,0x0,0x0,WO,IDF v5.5.3 soc/esp32c3/register/soc/ledc_reg.h:1177,
ledc,LEDC_INT_CLR,0x0CC,LEDC_LSTIMER2_OVF_INT_CLR,2,1,WO,idf,0x0,0x0,0x0,WO,IDF v5.5.3 soc/esp32c3/register/soc/ledc_reg.h:1171,
ledc,LEDC_INT_CLR,0x0CC,LEDC_LSTIMER3_OVF_INT_CLR,3,1,WO,idf,0x0,0x0,0x0,WO,IDF v5.5.3 soc/esp32c3/register/soc/ledc_reg.h:1165,
ledc,LEDC_INT_CLR,0x0CC,LEDC_DUTY_CHNG_END_LSCH0_INT_CLR,4,1,WO,idf,0x0,0x0,0x0,WO,IDF v5.5.3 soc/esp32c3/register/soc/ledc_reg.h:1159,
ledc,LEDC_INT_CLR,0x0CC,LEDC_DUTY_CHNG_END_LSCH1_INT_CLR,5,1,WO,idf,0x0,0x0,0x0,WO,IDF v5.5.3 soc/esp32c3/register/soc/ledc_reg.h:1153,
ledc,LEDC_INT_CLR,0x0CC,LEDC_DUTY_CHNG_END_LSCH2_INT_CLR,6,1,WO,idf,0x0,0x0,0x0,WO,IDF v5.5.3 soc/esp32c3/register/soc/ledc_reg.h:1147,
ledc,LEDC_INT_CLR,0x0CC,LEDC_DUTY_CHNG_END_LSCH3_INT_CLR,7,1,WO,idf,0x0,0x0,0x0,WO,IDF v5.5.3 soc/esp32c3/register/soc/ledc_reg.h:1141,
ledc,LEDC_INT_CLR,0x0CC,LEDC_DUTY_CHNG_END_LSCH4_INT_CLR,8,1,WO,idf,0x0,0x0,0x0,WO,IDF v5.5.3 soc/esp32c3/register/soc/ledc_reg.h:1135,
ledc,LEDC_INT_CLR,0x0CC,LEDC_DUTY_CHNG_END_LSCH5_INT_CLR,9,1,WT,idf,0x0,0x0,0x0,WT,IDF v5.5.3 soc/esp32c3/register/soc/ledc_reg.h:1129,
ledc,LEDC_INT_CLR,0x0CC,LEDC_OVF_CNT_LSCH0_INT_CLR,10,1,WO,idf,0x0,0x0,0x0,WO,IDF v5.5.3 soc/esp32c3/register/soc/ledc_reg.h:1123,
ledc,LEDC_INT_CLR,0x0CC,LEDC_OVF_CNT_LSCH1_INT_CLR,11,1,WO,idf,0x0,0x0,0x0,WO,IDF v5.5.3 soc/esp32c3/register/soc/ledc_reg.h:1117,
ledc,LEDC_INT_CLR,0x0CC,LEDC_OVF_CNT_LSCH2_INT_CLR,12,1,WO,idf,0x0,0x0,0x0,WO,IDF v5.5.3 soc/esp32c3/register/soc/ledc_reg.h:1111,
ledc,LEDC_INT_CLR,0x0CC,LEDC_OVF_CNT_LSCH3_INT_CLR,13,1,WO,idf,0x0,0x0,0x0,WO,IDF v5.5.3 soc/esp32c3/register/soc/ledc_reg.h:1105,
ledc,LEDC_INT_CLR,0x0CC,LEDC_OVF_CNT_LSCH4_INT_CLR,14,1,WO,idf,0x0,0x0,0x0,WO,IDF v5.5.3 soc/esp32c3/register/soc/ledc_reg.h:1099,
ledc,LEDC_INT_CLR,0x0CC,LEDC_OVF_CNT_LSCH5_INT_CLR,15,1,WO,idf,0x0,0x0,0x0,WO,IDF v5.5.3 soc/esp32c3/register/soc/ledc_reg.h:1093,
ledc,LEDC_CONF,0x0D0,LEDC_APB_CLK_SEL,0,2,RW,idf,0x0,0x0,0x0,R/W,IDF v5.5.3 soc/esp32c3/register/soc/ledc_reg.h:1197,
ledc,LEDC_CONF,0x0D0,LEDC_CLK_EN,31,1,RW,idf,0x0,0x0,0x0,R/W,IDF v5.5.3 soc/esp32c3/register/soc/ledc_reg.h:1191,
ledc,LEDC_DATE,0x0FC,LEDC_DATE,0,32,RW,idf,0x19061700,0x19061700,0x19061700,R/W,IDF v5.5.3 soc/esp32c3/register/soc/ledc_reg.h:1205,
timg0,TIMG_T0CONFIG,0x000,TIMG_T0_USE_XTAL,9,1,RW,idf,0x0,0x0,0x0,R/W,IDF v5.5.3 soc/esp32c3/register/soc/timer_group_reg.h:20,
timg0,TIMG_T0CONFIG,0x000,TIMG_T0_ALARM_EN,10,1,SC,idf,0x0,0x0,0x0,R/W/SC,IDF v5.5.3 soc/esp32c3/register/soc/timer_group_reg.h:28,
timg0,TIMG_T0CONFIG,0x000,TIMG_T0_DIVCNT_RST,12,1,WT,idf,0x0,0x0,0x0,WT,IDF v5.5.3 soc/esp32c3/register/soc/timer_group_reg.h:36,
timg0,TIMG_T0CONFIG,0x000,TIMG_T0_DIVIDER,13,16,RW,idf,0x1,0x1,0x1,R/W,IDF v5.5.3 soc/esp32c3/register/soc/timer_group_reg.h:43,
timg0,TIMG_T0CONFIG,0x000,TIMG_T0_AUTORELOAD,29,1,RW,idf,0x1,0x1,0x1,R/W,IDF v5.5.3 soc/esp32c3/register/soc/timer_group_reg.h:50,
timg0,TIMG_T0CONFIG,0x000,TIMG_T0_INCREASE,30,1,RW,idf,0x1,0x1,0x1,R/W,IDF v5.5.3 soc/esp32c3/register/soc/timer_group_reg.h:57,
timg0,TIMG_T0CONFIG,0x000,TIMG_T0_EN,31,1,RW,idf,0x0,0x0,0x0,R/W,IDF v5.5.3 soc/esp32c3/register/soc/timer_group_reg.h:65,
timg0,TIMG_T0LO,0x004,TIMG_T0_LO,0,32,RO,idf,0x0,0x0,0x0,RO,IDF v5.5.3 soc/esp32c3/register/soc/timer_group_reg.h:77,
timg0,TIMG_T0HI,0x008,TIMG_T0_HI,0,22,RO,idf,0x0,0x0,0x0,RO,IDF v5.5.3 soc/esp32c3/register/soc/timer_group_reg.h:90,
timg0,TIMG_T0UPDATE,0x00C,TIMG_T0_UPDATE,31,1,SC,idf,0x0,0x0,0x0,R/W/SC,IDF v5.5.3 soc/esp32c3/register/soc/timer_group_reg.h:103,
timg0,TIMG_T0ALARMLO,0x010,TIMG_T0_ALARM_LO,0,32,RW,idf,0x0,0x0,0x0,R/W,IDF v5.5.3 soc/esp32c3/register/soc/timer_group_reg.h:115,
timg0,TIMG_T0ALARMHI,0x014,TIMG_T0_ALARM_HI,0,22,RW,idf,0x0,0x0,0x0,R/W,IDF v5.5.3 soc/esp32c3/register/soc/timer_group_reg.h:127,
timg0,TIMG_T0LOADLO,0x018,TIMG_T0_LOAD_LO,0,32,RW,idf,0x0,0x0,0x0,R/W,IDF v5.5.3 soc/esp32c3/register/soc/timer_group_reg.h:139,
timg0,TIMG_T0LOADHI,0x01C,TIMG_T0_LOAD_HI,0,22,RW,idf,0x0,0x0,0x0,R/W,IDF v5.5.3 soc/esp32c3/register/soc/timer_group_reg.h:152,
timg0,TIMG_T0LOAD,0x020,TIMG_T0_LOAD,0,32,WT,idf,0x0,0x0,0x0,WT,IDF v5.5.3 soc/esp32c3/register/soc/timer_group_reg.h:165,
timg0,TIMG_WDTCONFIG0,0x048,TIMG_WDT_APPCPU_RESET_EN,12,1,RW,idf,0x0,0x0,0x0,R/W,IDF v5.5.3 soc/esp32c3/register/soc/timer_group_reg.h:178,
timg0,TIMG_WDTCONFIG0,0x048,TIMG_WDT_PROCPU_RESET_EN,13,1,RW,idf,0x0,0x0,0x0,R/W,IDF v5.5.3 soc/esp32c3/register/soc/timer_group_reg.h:185,
timg0,TIMG_WDTCONFIG0,0x048,TIMG_WDT_FLASHBOOT_MOD_EN,14,1,RW,idf,0x1,0x1,0x1,R/W,IDF v5.5.3 soc/esp32c3/register/soc/timer_group_reg.h:192,
timg0,TIMG_WDTCONFIG0,0x048,TIMG_WDT_SYS_RESET_LENGTH,15,3,RW,idf,0x1,0x1,0x1,R/W,IDF v5.5.3 soc/esp32c3/register/soc/timer_group_reg.h:199,
timg0,TIMG_WDTCONFIG0,0x048,TIMG_WDT_CPU_RESET_LENGTH,18,3,RW,idf,0x1,0x1,0x1,R/W,IDF v5.5.3 soc/esp32c3/register/soc/timer_group_reg.h:207,
timg0,TIMG_WDTCONFIG0,0x048,TIMG_WDT_USE_XTAL,21,1,RW,idf,0x0,0x0,0x0,R/W,IDF v5.5.3 soc/esp32c3/register/soc/timer_group_reg.h:215,
timg0,TIMG_WDTCONFIG0,0x048,TIMG_WDT_CONF_UPDATE_EN,22,1,WT,idf,0x0,0x0,0x0,WT,IDF v5.5.3 soc/esp32c3/register/soc/timer_group_reg.h:222,
timg0,TIMG_WDTCONFIG0,0x048,TIMG_WDT_STG3,23,2,RW,idf,0x0,0x0,0x0,R/W,IDF v5.5.3 soc/esp32c3/register/soc/timer_group_reg.h:229,
timg0,TIMG_WDTCONFIG0,0x048,TIMG_WDT_STG2,25,2,RW,idf,0x0,0x0,0x0,R/W,IDF v5.5.3 soc/esp32c3/register/soc/timer_group_reg.h:236,
timg0,TIMG_WDTCONFIG0,0x048,TIMG_WDT_STG1,27,2,RW,idf,0x0,0x0,0x0,R/W,IDF v5.5.3 soc/esp32c3/register/soc/timer_group_reg.h:243,
timg0,TIMG_WDTCONFIG0,0x048,TIMG_WDT_STG0,29,2,RW,idf,0x0,0x0,0x0,R/W,IDF v5.5.3 soc/esp32c3/register/soc/timer_group_reg.h:250,
timg0,TIMG_WDTCONFIG0,0x048,TIMG_WDT_EN,31,1,RW,idf,0x0,0x0,0x0,R/W,IDF v5.5.3 soc/esp32c3/register/soc/timer_group_reg.h:257,
timg0,TIMG_WDTCONFIG1,0x04C,TIMG_WDT_DIVCNT_RST,0,1,WT,idf,0x0,0x0,0x0,WT,IDF v5.5.3 soc/esp32c3/register/soc/timer_group_reg.h:269,
timg0,TIMG_WDTCONFIG1,0x04C,TIMG_WDT_CLK_PRESCALE,16,16,RW,idf,0x1,0x1,0x1,R/W,IDF v5.5.3 soc/esp32c3/register/soc/timer_group_reg.h:276,
timg0,TIMG_WDTCONFIG2,0x050,TIMG_WDT_STG0_HOLD,0,32,RW,idf,0x18CBA80,0x18CBA80,0x18CBA80,R/W,IDF v5.5.3 soc/esp32c3/register/soc/timer_group_reg.h:289,
timg0,TIMG_WDTCONFIG3,0x054,TIMG_WDT_STG1_HOLD,0,32,RW,idf,0x7FFFFFF,0x7FFFFFF,0x7FFFFFF,R/W,IDF v5.5.3 soc/esp32c3/register/soc/timer_group_reg.h:301,
timg0,TIMG_WDTCONFIG4,0x058,TIMG_WDT_STG2_HOLD,0,32,RW,idf,0xFFFFF,0xFFFFF,0xFFFFF,R/W,IDF v5.5.3 soc/esp32c3/register/soc/timer_group_reg.h:313,
timg0,TIMG_WDTCONFIG5,0x05C,TIMG_WDT_STG3_HOLD,0,32,RW,idf,0xFFFFF,0xFFFFF,0xFFFFF,R/W,IDF v5.5.3 soc/esp32c3/register/soc/timer_group_reg.h:325,
timg0,TIMG_WDTFEED,0x060,TIMG_WDT_FEED,0,32,WT,idf,0x0,0x0,0x0,WT,IDF v5.5.3 soc/esp32c3/register/soc/timer_group_reg.h:337,
timg0,TIMG_WDTWPROTECT,0x064,TIMG_WDT_WKEY,0,32,RW,idf,0x50D83AA1,0x50D83AA1,0x50D83AA1,R/W,IDF v5.5.3 soc/esp32c3/register/soc/timer_group_reg.h:349,
timg0,TIMG_RTCCALICFG,0x068,TIMG_RTC_CALI_START_CYCLING,12,1,RW,idf,0x1,0x1,0x1,R/W,IDF v5.5.3 soc/esp32c3/register/soc/timer_group_reg.h:362,
timg0,TIMG_RTCCALICFG,0x068,TIMG_RTC_CALI_CLK_SEL,13,2,RW,idf,0x1,0x1,0x1,R/W,IDF v5.5.3 soc/esp32c3/register/soc/timer_group_reg.h:369,
timg0,TIMG_RTCCALICFG,0x068,TIMG_RTC_CALI_RDY,15,1,RO,idf,0x0,0x0,0x0,RO,IDF v5.5.3 soc/esp32c3/register/soc/timer_group_reg.h:376,
timg0,TIMG_RTCCALICFG,0x068,TIMG_RTC_CALI_MAX,16,15,RW,idf,0x1,0x1,0x1,R/W,IDF v5.5.3 soc/esp32c3/register/soc/timer_group_reg.h:383,
timg0,TIMG_RTCCALICFG,0x068,TIMG_RTC_CALI_START,31,1,RW,idf,0x0,0x0,0x0,R/W,IDF v5.5.3 soc/esp32c3/register/soc/timer_group_reg.h:390,
timg0,TIMG_RTCCALICFG1,0x06C,TIMG_RTC_CALI_CYCLING_DATA_VLD,0,1,RO,idf,0x0,0x0,0x0,RO,IDF v5.5.3 soc/esp32c3/register/soc/timer_group_reg.h:402,
timg0,TIMG_RTCCALICFG1,0x06C,TIMG_RTC_CALI_VALUE,7,25,RO,idf,0x0,0x0,0x0,RO,IDF v5.5.3 soc/esp32c3/register/soc/timer_group_reg.h:409,
timg0,TIMG_INT_ENA_TIMERS,0x070,TIMG_T0_INT_ENA,0,1,RW,idf,0x0,0x0,0x0,R/W,IDF v5.5.3 soc/esp32c3/register/soc/timer_group_reg.h:421,
timg0,TIMG_INT_ENA_TIMERS,0x070,TIMG_WDT_INT_ENA,1,1,RW,idf,0x0,0x0,0x0,R/W,IDF v5.5.3 soc/esp32c3/register/soc/timer_group_reg.h:428,
timg0,TIMG_INT_RAW_TIMERS,0x074,TIMG_T0_INT_RAW,0,1,RO,UNVERIFIED,0x0,0x0,0x0,R/SS/WTC,IDF v5.5.3 soc/esp32c3/register/soc/timer_group_reg.h:440,WTC: cleared by writing the corresponding WT field; SS: hardware sets it
timg0,TIMG_INT_RAW_TIMERS,0x074,TIMG_WDT_INT_RAW,1,1,RO,UNVERIFIED,0x0,0x0,0x0,R/SS/WTC,IDF v5.5.3 soc/esp32c3/register/soc/timer_group_reg.h:447,WTC: cleared by writing the corresponding WT field; SS: hardware sets it
timg0,TIMG_INT_ST_TIMERS,0x078,TIMG_T0_INT_ST,0,1,RO,idf,0x0,0x0,0x0,RO,IDF v5.5.3 soc/esp32c3/register/soc/timer_group_reg.h:459,
timg0,TIMG_INT_ST_TIMERS,0x078,TIMG_WDT_INT_ST,1,1,RO,idf,0x0,0x0,0x0,RO,IDF v5.5.3 soc/esp32c3/register/soc/timer_group_reg.h:466,
timg0,TIMG_INT_CLR_TIMERS,0x07C,TIMG_T0_INT_CLR,0,1,WT,idf,0x0,0x0,0x0,WT,IDF v5.5.3 soc/esp32c3/register/soc/timer_group_reg.h:478,
timg0,TIMG_INT_CLR_TIMERS,0x07C,TIMG_WDT_INT_CLR,1,1,WT,idf,0x0,0x0,0x0,WT,IDF v5.5.3 soc/esp32c3/register/soc/timer_group_reg.h:485,
timg0,TIMG_RTCCALICFG2,0x080,TIMG_RTC_CALI_TIMEOUT,0,1,RO,idf,0x0,0x0,0x0,RO,IDF v5.5.3 soc/esp32c3/register/soc/timer_group_reg.h:497,
timg0,TIMG_RTCCALICFG2,0x080,TIMG_RTC_CALI_TIMEOUT_RST_CNT,3,4,RW,idf,0x3,0x3,0x3,R/W,IDF v5.5.3 soc/esp32c3/register/soc/timer_group_reg.h:504,
timg0,TIMG_RTCCALICFG2,0x080,TIMG_RTC_CALI_TIMEOUT_THRES,7,25,RW,idf,0x1FFFFFF,0x1FFFFFF,0x1FFFFFF,R/W,IDF v5.5.3 soc/esp32c3/register/soc/timer_group_reg.h:511,
timg0,TIMG_NTIMERS_DATE,0x0F8,TIMG_NTIMGS_DATE,0,28,RW,idf,0x2006191,0x2006191,0x2006191,R/W,IDF v5.5.3 soc/esp32c3/register/soc/timer_group_reg.h:524,
timg0,TIMG_REGCLK,0x0FC,TIMG_WDT_CLK_IS_ACTIVE,29,1,RW,idf,0x1,0x1,0x1,R/W,IDF v5.5.3 soc/esp32c3/register/soc/timer_group_reg.h:536,
timg0,TIMG_REGCLK,0x0FC,TIMG_TIMER_CLK_IS_ACTIVE,30,1,RW,idf,0x1,0x1,0x1,R/W,IDF v5.5.3 soc/esp32c3/register/soc/timer_group_reg.h:543,
timg0,TIMG_REGCLK,0x0FC,TIMG_CLK_EN,31,1,RW,idf,0x0,0x0,0x0,R/W,IDF v5.5.3 soc/esp32c3/register/soc/timer_group_reg.h:550,
timg1,TIMG_T0CONFIG,0x000,TIMG_T0_USE_XTAL,9,1,RW,idf,0x0,0x0,0x0,R/W,IDF v5.5.3 soc/esp32c3/register/soc/timer_group_reg.h:20,
timg1,TIMG_T0CONFIG,0x000,TIMG_T0_ALARM_EN,10,1,SC,idf,0x0,0x0,0x0,R/W/SC,IDF v5.5.3 soc/esp32c3/register/soc/timer_group_reg.h:28,
timg1,TIMG_T0CONFIG,0x000,TIMG_T0_DIVCNT_RST,12,1,WT,idf,0x0,0x0,0x0,WT,IDF v5.5.3 soc/esp32c3/register/soc/timer_group_reg.h:36,
timg1,TIMG_T0CONFIG,0x000,TIMG_T0_DIVIDER,13,16,RW,idf,0x1,0x1,0x1,R/W,IDF v5.5.3 soc/esp32c3/register/soc/timer_group_reg.h:43,
timg1,TIMG_T0CONFIG,0x000,TIMG_T0_AUTORELOAD,29,1,RW,idf,0x1,0x1,0x1,R/W,IDF v5.5.3 soc/esp32c3/register/soc/timer_group_reg.h:50,
timg1,TIMG_T0CONFIG,0x000,TIMG_T0_INCREASE,30,1,RW,idf,0x1,0x1,0x1,R/W,IDF v5.5.3 soc/esp32c3/register/soc/timer_group_reg.h:57,
timg1,TIMG_T0CONFIG,0x000,TIMG_T0_EN,31,1,RW,idf,0x0,0x0,0x0,R/W,IDF v5.5.3 soc/esp32c3/register/soc/timer_group_reg.h:65,
timg1,TIMG_T0LO,0x004,TIMG_T0_LO,0,32,RO,idf,0x0,0x0,0x0,RO,IDF v5.5.3 soc/esp32c3/register/soc/timer_group_reg.h:77,
timg1,TIMG_T0HI,0x008,TIMG_T0_HI,0,22,RO,idf,0x0,0x0,0x0,RO,IDF v5.5.3 soc/esp32c3/register/soc/timer_group_reg.h:90,
timg1,TIMG_T0UPDATE,0x00C,TIMG_T0_UPDATE,31,1,SC,idf,0x0,0x0,0x0,R/W/SC,IDF v5.5.3 soc/esp32c3/register/soc/timer_group_reg.h:103,
timg1,TIMG_T0ALARMLO,0x010,TIMG_T0_ALARM_LO,0,32,RW,idf,0x0,0x0,0x0,R/W,IDF v5.5.3 soc/esp32c3/register/soc/timer_group_reg.h:115,
timg1,TIMG_T0ALARMHI,0x014,TIMG_T0_ALARM_HI,0,22,RW,idf,0x0,0x0,0x0,R/W,IDF v5.5.3 soc/esp32c3/register/soc/timer_group_reg.h:127,
timg1,TIMG_T0LOADLO,0x018,TIMG_T0_LOAD_LO,0,32,RW,idf,0x0,0x0,0x0,R/W,IDF v5.5.3 soc/esp32c3/register/soc/timer_group_reg.h:139,
timg1,TIMG_T0LOADHI,0x01C,TIMG_T0_LOAD_HI,0,22,RW,idf,0x0,0x0,0x0,R/W,IDF v5.5.3 soc/esp32c3/register/soc/timer_group_reg.h:152,
timg1,TIMG_T0LOAD,0x020,TIMG_T0_LOAD,0,32,WT,idf,0x0,0x0,0x0,WT,IDF v5.5.3 soc/esp32c3/register/soc/timer_group_reg.h:165,
timg1,TIMG_WDTCONFIG0,0x048,TIMG_WDT_APPCPU_RESET_EN,12,1,RW,idf,0x0,0x0,0x0,R/W,IDF v5.5.3 soc/esp32c3/register/soc/timer_group_reg.h:178,
timg1,TIMG_WDTCONFIG0,0x048,TIMG_WDT_PROCPU_RESET_EN,13,1,RW,idf,0x0,0x0,0x0,R/W,IDF v5.5.3 soc/esp32c3/register/soc/timer_group_reg.h:185,
timg1,TIMG_WDTCONFIG0,0x048,TIMG_WDT_FLASHBOOT_MOD_EN,14,1,RW,idf,0x1,0x1,0x1,R/W,IDF v5.5.3 soc/esp32c3/register/soc/timer_group_reg.h:192,
timg1,TIMG_WDTCONFIG0,0x048,TIMG_WDT_SYS_RESET_LENGTH,15,3,RW,idf,0x1,0x1,0x1,R/W,IDF v5.5.3 soc/esp32c3/register/soc/timer_group_reg.h:199,
timg1,TIMG_WDTCONFIG0,0x048,TIMG_WDT_CPU_RESET_LENGTH,18,3,RW,idf,0x1,0x1,0x1,R/W,IDF v5.5.3 soc/esp32c3/register/soc/timer_group_reg.h:207,
timg1,TIMG_WDTCONFIG0,0x048,TIMG_WDT_USE_XTAL,21,1,RW,idf,0x0,0x0,0x0,R/W,IDF v5.5.3 soc/esp32c3/register/soc/timer_group_reg.h:215,
timg1,TIMG_WDTCONFIG0,0x048,TIMG_WDT_CONF_UPDATE_EN,22,1,WT,idf,0x0,0x0,0x0,WT,IDF v5.5.3 soc/esp32c3/register/soc/timer_group_reg.h:222,
timg1,TIMG_WDTCONFIG0,0x048,TIMG_WDT_STG3,23,2,RW,idf,0x0,0x0,0x0,R/W,IDF v5.5.3 soc/esp32c3/register/soc/timer_group_reg.h:229,
timg1,TIMG_WDTCONFIG0,0x048,TIMG_WDT_STG2,25,2,RW,idf,0x0,0x0,0x0,R/W,IDF v5.5.3 soc/esp32c3/register/soc/timer_group_reg.h:236,
timg1,TIMG_WDTCONFIG0,0x048,TIMG_WDT_STG1,27,2,RW,idf,0x0,0x0,0x0,R/W,IDF v5.5.3 soc/esp32c3/register/soc/timer_group_reg.h:243,
timg1,TIMG_WDTCONFIG0,0x048,TIMG_WDT_STG0,29,2,RW,idf,0x0,0x0,0x0,R/W,IDF v5.5.3 soc/esp32c3/register/soc/timer_group_reg.h:250,
timg1,TIMG_WDTCONFIG0,0x048,TIMG_WDT_EN,31,1,RW,idf,0x0,0x0,0x0,R/W,IDF v5.5.3 soc/esp32c3/register/soc/timer_group_reg.h:257,
timg1,TIMG_WDTCONFIG1,0x04C,TIMG_WDT_DIVCNT_RST,0,1,WT,idf,0x0,0x0,0x0,WT,IDF v5.5.3 soc/esp32c3/register/soc/timer_group_reg.h:269,
timg1,TIMG_WDTCONFIG1,0x04C,TIMG_WDT_CLK_PRESCALE,16,16,RW,idf,0x1,0x1,0x1,R/W,IDF v5.5.3 soc/esp32c3/register/soc/timer_group_reg.h:276,
timg1,TIMG_WDTCONFIG2,0x050,TIMG_WDT_STG0_HOLD,0,32,RW,idf,0x18CBA80,0x18CBA80,0x18CBA80,R/W,IDF v5.5.3 soc/esp32c3/register/soc/timer_group_reg.h:289,
timg1,TIMG_WDTCONFIG3,0x054,TIMG_WDT_STG1_HOLD,0,32,RW,idf,0x7FFFFFF,0x7FFFFFF,0x7FFFFFF,R/W,IDF v5.5.3 soc/esp32c3/register/soc/timer_group_reg.h:301,
timg1,TIMG_WDTCONFIG4,0x058,TIMG_WDT_STG2_HOLD,0,32,RW,idf,0xFFFFF,0xFFFFF,0xFFFFF,R/W,IDF v5.5.3 soc/esp32c3/register/soc/timer_group_reg.h:313,
timg1,TIMG_WDTCONFIG5,0x05C,TIMG_WDT_STG3_HOLD,0,32,RW,idf,0xFFFFF,0xFFFFF,0xFFFFF,R/W,IDF v5.5.3 soc/esp32c3/register/soc/timer_group_reg.h:325,
timg1,TIMG_WDTFEED,0x060,TIMG_WDT_FEED,0,32,WT,idf,0x0,0x0,0x0,WT,IDF v5.5.3 soc/esp32c3/register/soc/timer_group_reg.h:337,
timg1,TIMG_WDTWPROTECT,0x064,TIMG_WDT_WKEY,0,32,RW,idf,0x50D83AA1,0x50D83AA1,0x50D83AA1,R/W,IDF v5.5.3 soc/esp32c3/register/soc/timer_group_reg.h:349,
timg1,TIMG_RTCCALICFG,0x068,TIMG_RTC_CALI_START_CYCLING,12,1,RW,idf,0x1,0x1,0x1,R/W,IDF v5.5.3 soc/esp32c3/register/soc/timer_group_reg.h:362,
timg1,TIMG_RTCCALICFG,0x068,TIMG_RTC_CALI_CLK_SEL,13,2,RW,idf,0x1,0x1,0x1,R/W,IDF v5.5.3 soc/esp32c3/register/soc/timer_group_reg.h:369,
timg1,TIMG_RTCCALICFG,0x068,TIMG_RTC_CALI_RDY,15,1,RO,idf,0x0,0x0,0x0,RO,IDF v5.5.3 soc/esp32c3/register/soc/timer_group_reg.h:376,
timg1,TIMG_RTCCALICFG,0x068,TIMG_RTC_CALI_MAX,16,15,RW,idf,0x1,0x1,0x1,R/W,IDF v5.5.3 soc/esp32c3/register/soc/timer_group_reg.h:383,
timg1,TIMG_RTCCALICFG,0x068,TIMG_RTC_CALI_START,31,1,RW,idf,0x0,0x0,0x0,R/W,IDF v5.5.3 soc/esp32c3/register/soc/timer_group_reg.h:390,
timg1,TIMG_RTCCALICFG1,0x06C,TIMG_RTC_CALI_CYCLING_DATA_VLD,0,1,RO,idf,0x0,0x0,0x0,RO,IDF v5.5.3 soc/esp32c3/register/soc/timer_group_reg.h:402,
timg1,TIMG_RTCCALICFG1,0x06C,TIMG_RTC_CALI_VALUE,7,25,RO,idf,0x0,0x0,0x0,RO,IDF v5.5.3 soc/esp32c3/register/soc/timer_group_reg.h:409,
timg1,TIMG_INT_ENA_TIMERS,0x070,TIMG_T0_INT_ENA,0,1,RW,idf,0x0,0x0,0x0,R/W,IDF v5.5.3 soc/esp32c3/register/soc/timer_group_reg.h:421,
timg1,TIMG_INT_ENA_TIMERS,0x070,TIMG_WDT_INT_ENA,1,1,RW,idf,0x0,0x0,0x0,R/W,IDF v5.5.3 soc/esp32c3/register/soc/timer_group_reg.h:428,
timg1,TIMG_INT_RAW_TIMERS,0x074,TIMG_T0_INT_RAW,0,1,RO,UNVERIFIED,0x0,0x0,0x0,R/SS/WTC,IDF v5.5.3 soc/esp32c3/register/soc/timer_group_reg.h:440,WTC: cleared by writing the corresponding WT field; SS: hardware sets it
timg1,TIMG_INT_RAW_TIMERS,0x074,TIMG_WDT_INT_RAW,1,1,RO,UNVERIFIED,0x0,0x0,0x0,R/SS/WTC,IDF v5.5.3 soc/esp32c3/register/soc/timer_group_reg.h:447,WTC: cleared by writing the corresponding WT field; SS: hardware sets it
timg1,TIMG_INT_ST_TIMERS,0x078,TIMG_T0_INT_ST,0,1,RO,idf,0x0,0x0,0x0,RO,IDF v5.5.3 soc/esp32c3/register/soc/timer_group_reg.h:459,
timg1,TIMG_INT_ST_TIMERS,0x078,TIMG_WDT_INT_ST,1,1,RO,idf,0x0,0x0,0x0,RO,IDF v5.5.3 soc/esp32c3/register/soc/timer_group_reg.h:466,
timg1,TIMG_INT_CLR_TIMERS,0x07C,TIMG_T0_INT_CLR,0,1,WT,idf,0x0,0x0,0x0,WT,IDF v5.5.3 soc/esp32c3/register/soc/timer_group_reg.h:478,
timg1,TIMG_INT_CLR_TIMERS,0x07C,TIMG_WDT_INT_CLR,1,1,WT,idf,0x0,0x0,0x0,WT,IDF v5.5.3 soc/esp32c3/register/soc/timer_group_reg.h:485,
timg1,TIMG_RTCCALICFG2,0x080,TIMG_RTC_CALI_TIMEOUT,0,1,RO,idf,0x0,0x0,0x0,RO,IDF v5.5.3 soc/esp32c3/register/soc/timer_group_reg.h:497,
timg1,TIMG_RTCCALICFG2,0x080,TIMG_RTC_CALI_TIMEOUT_RST_CNT,3,4,RW,idf,0x3,0x3,0x3,R/W,IDF v5.5.3 soc/esp32c3/register/soc/timer_group_reg.h:504,
timg1,TIMG_RTCCALICFG2,0x080,TIMG_RTC_CALI_TIMEOUT_THRES,7,25,RW,idf,0x1FFFFFF,0x1FFFFFF,0x1FFFFFF,R/W,IDF v5.5.3 soc/esp32c3/register/soc/timer_group_reg.h:511,
timg1,TIMG_NTIMERS_DATE,0x0F8,TIMG_NTIMGS_DATE,0,28,RW,idf,0x2006191,0x2006191,0x2006191,R/W,IDF v5.5.3 soc/esp32c3/register/soc/timer_group_reg.h:524,
timg1,TIMG_REGCLK,0x0FC,TIMG_WDT_CLK_IS_ACTIVE,29,1,RW,idf,0x1,0x1,0x1,R/W,IDF v5.5.3 soc/esp32c3/register/soc/timer_group_reg.h:536,
timg1,TIMG_REGCLK,0x0FC,TIMG_TIMER_CLK_IS_ACTIVE,30,1,RW,idf,0x1,0x1,0x1,R/W,IDF v5.5.3 soc/esp32c3/register/soc/timer_group_reg.h:543,
timg1,TIMG_REGCLK,0x0FC,TIMG_CLK_EN,31,1,RW,idf,0x0,0x0,0x0,R/W,IDF v5.5.3 soc/esp32c3/register/soc/timer_group_reg.h:550,
systimer,SYSTIMER_CONF,0x000,SYSTIMER_SYSTIMER_CLK_FO,0,1,RW,idf,0x0,0x0,0x0,R/W,IDF v5.5.3 soc/esp32c3/register/soc/systimer_reg.h:18,
systimer,SYSTIMER_CONF,0x000,SYSTIMER_TARGET2_WORK_EN,22,1,RW,idf,0x0,0x0,0x0,R/W,IDF v5.5.3 soc/esp32c3/register/soc/systimer_reg.h:25,
systimer,SYSTIMER_CONF,0x000,SYSTIMER_TARGET1_WORK_EN,23,1,RW,idf,0x0,0x0,0x0,R/W,IDF v5.5.3 soc/esp32c3/register/soc/systimer_reg.h:32,
systimer,SYSTIMER_CONF,0x000,SYSTIMER_TARGET0_WORK_EN,24,1,RW,idf,0x0,0x0,0x0,R/W,IDF v5.5.3 soc/esp32c3/register/soc/systimer_reg.h:39,
systimer,SYSTIMER_CONF,0x000,SYSTIMER_TIMER_UNIT1_CORE1_STALL_EN,25,1,RW,idf,0x1,0x1,0x1,R/W,IDF v5.5.3 soc/esp32c3/register/soc/systimer_reg.h:46,
systimer,SYSTIMER_CONF,0x000,SYSTIMER_TIMER_UNIT1_CORE0_STALL_EN,26,1,RW,idf,0x1,0x1,0x1,R/W,IDF v5.5.3 soc/esp32c3/register/soc/systimer_reg.h:53,
systimer,SYSTIMER_CONF,0x000,SYSTIMER_TIMER_UNIT0_CORE1_STALL_EN,27,1,RW,idf,0x0,0x0,0x0,R/W,IDF v5.5.3 soc/esp32c3/register/soc/systimer_reg.h:60,
systimer,SYSTIMER_CONF,0x000,SYSTIMER_TIMER_UNIT0_CORE0_STALL_EN,28,1,RW,idf,0x0,0x0,0x0,R/W,IDF v5.5.3 soc/esp32c3/register/soc/systimer_reg.h:67,
systimer,SYSTIMER_CONF,0x000,SYSTIMER_TIMER_UNIT1_WORK_EN,29,1,RW,idf,0x0,0x0,0x0,R/W,IDF v5.5.3 soc/esp32c3/register/soc/systimer_reg.h:74,
systimer,SYSTIMER_CONF,0x000,SYSTIMER_TIMER_UNIT0_WORK_EN,30,1,RW,idf,0x1,0x1,0x1,R/W,IDF v5.5.3 soc/esp32c3/register/soc/systimer_reg.h:81,
systimer,SYSTIMER_CONF,0x000,SYSTIMER_CLK_EN,31,1,RW,idf,0x0,0x0,0x0,R/W,IDF v5.5.3 soc/esp32c3/register/soc/systimer_reg.h:88,
systimer,SYSTIMER_UNIT0_OP,0x004,SYSTIMER_TIMER_UNIT0_VALUE_VALID,29,1,RO,UNVERIFIED,0x0,0x0,0x0,R/SS/WTC,IDF v5.5.3 soc/esp32c3/register/soc/systimer_reg.h:100,WTC: cleared by writing the corresponding WT field; SS: hardware sets it
systimer,SYSTIMER_UNIT0_OP,0x004,SYSTIMER_TIMER_UNIT0_UPDATE,30,1,WT,idf,0x0,0x0,0x0,WT,IDF v5.5.3 soc/esp32c3/register/soc/systimer_reg.h:107,
systimer,SYSTIMER_UNIT1_OP,0x008,SYSTIMER_TIMER_UNIT1_VALUE_VALID,29,1,RO,UNVERIFIED,0x0,0x0,0x0,R/SS/WTC,IDF v5.5.3 soc/esp32c3/register/soc/systimer_reg.h:119,WTC: cleared by writing the corresponding WT field; SS: hardware sets it
systimer,SYSTIMER_UNIT1_OP,0x008,SYSTIMER_TIMER_UNIT1_UPDATE,30,1,WT,idf,0x0,0x0,0x0,WT,IDF v5.5.3 soc/esp32c3/register/soc/systimer_reg.h:126,
systimer,SYSTIMER_UNIT0_LOAD_HI,0x00C,SYSTIMER_TIMER_UNIT0_LOAD_HI,0,20,RW,idf,0x0,0x0,0x0,R/W,IDF v5.5.3 soc/esp32c3/register/soc/systimer_reg.h:138,
systimer,SYSTIMER_UNIT0_LOAD_LO,0x010,SYSTIMER_TIMER_UNIT0_LOAD_LO,0,32,RW,idf,0x0,0x0,0x0,R/W,IDF v5.5.3 soc/esp32c3/register/soc/systimer_reg.h:150,
systimer,SYSTIMER_UNIT1_LOAD_HI,0x014,SYSTIMER_TIMER_UNIT1_LOAD_HI,0,20,RW,idf,0x0,0x0,0x0,R/W,IDF v5.5.3 soc/esp32c3/register/soc/systimer_reg.h:162,
systimer,SYSTIMER_UNIT1_LOAD_LO,0x018,SYSTIMER_TIMER_UNIT1_LOAD_LO,0,32,RW,idf,0x0,0x0,0x0,R/W,IDF v5.5.3 soc/esp32c3/register/soc/systimer_reg.h:174,
systimer,SYSTIMER_TARGET0_HI,0x01C,SYSTIMER_TIMER_TARGET0_HI,0,20,RW,idf,0x0,0x0,0x0,R/W,IDF v5.5.3 soc/esp32c3/register/soc/systimer_reg.h:186,
systimer,SYSTIMER_TARGET0_LO,0x020,SYSTIMER_TIMER_TARGET0_LO,0,32,RW,idf,0x0,0x0,0x0,R/W,IDF v5.5.3 soc/esp32c3/register/soc/systimer_reg.h:198,
systimer,SYSTIMER_TARGET1_HI,0x024,SYSTIMER_TIMER_TARGET1_HI,0,20,RW,idf,0x0,0x0,0x0,R/W,IDF v5.5.3 soc/esp32c3/register/soc/systimer_reg.h:210,
systimer,SYSTIMER_TARGET1_LO,0x028,SYSTIMER_TIMER_TARGET1_LO,0,32,RW,idf,0x0,0x0,0x0,R/W,IDF v5.5.3 soc/esp32c3/register/soc/systimer_reg.h:222,
systimer,SYSTIMER_TARGET2_HI,0x02C,SYSTIMER_TIMER_TARGET2_HI,0,20,RW,idf,0x0,0x0,0x0,R/W,IDF v5.5.3 soc/esp32c3/register/soc/systimer_reg.h:234,
systimer,SYSTIMER_TARGET2_LO,0x030,SYSTIMER_TIMER_TARGET2_LO,0,32,RW,idf,0x0,0x0,0x0,R/W,IDF v5.5.3 soc/esp32c3/register/soc/systimer_reg.h:246,
systimer,SYSTIMER_TARGET0_CONF,0x034,SYSTIMER_TARGET0_PERIOD,0,26,RW,idf,0x0,0x0,0x0,R/W,IDF v5.5.3 soc/esp32c3/register/soc/systimer_reg.h:258,
systimer,SYSTIMER_TARGET0_CONF,0x034,SYSTIMER_TARGET0_PERIOD_MODE,30,1,RW,idf,0x0,0x0,0x0,R/W,IDF v5.5.3 soc/esp32c3/register/soc/systimer_reg.h:265,
systimer,SYSTIMER_TARGET0_CONF,0x034,SYSTIMER_TARGET0_TIMER_UNIT_SEL,31,1,RW,idf,0x0,0x0,0x0,R/W,IDF v5.5.3 soc/esp32c3/register/soc/systimer_reg.h:272,
systimer,SYSTIMER_TARGET1_CONF,0x038,SYSTIMER_TARGET1_PERIOD,0,26,RW,idf,0x0,0x0,0x0,R/W,IDF v5.5.3 soc/esp32c3/register/soc/systimer_reg.h:284,
systimer,SYSTIMER_TARGET1_CONF,0x038,SYSTIMER_TARGET1_PERIOD_MODE,30,1,RW,idf,0x0,0x0,0x0,R/W,IDF v5.5.3 soc/esp32c3/register/soc/systimer_reg.h:291,
systimer,SYSTIMER_TARGET1_CONF,0x038,SYSTIMER_TARGET1_TIMER_UNIT_SEL,31,1,RW,idf,0x0,0x0,0x0,R/W,IDF v5.5.3 soc/esp32c3/register/soc/systimer_reg.h:298,
systimer,SYSTIMER_TARGET2_CONF,0x03C,SYSTIMER_TARGET2_PERIOD,0,26,RW,idf,0x0,0x0,0x0,R/W,IDF v5.5.3 soc/esp32c3/register/soc/systimer_reg.h:310,
systimer,SYSTIMER_TARGET2_CONF,0x03C,SYSTIMER_TARGET2_PERIOD_MODE,30,1,RW,idf,0x0,0x0,0x0,R/W,IDF v5.5.3 soc/esp32c3/register/soc/systimer_reg.h:317,
systimer,SYSTIMER_TARGET2_CONF,0x03C,SYSTIMER_TARGET2_TIMER_UNIT_SEL,31,1,RW,idf,0x0,0x0,0x0,R/W,IDF v5.5.3 soc/esp32c3/register/soc/systimer_reg.h:324,
systimer,SYSTIMER_UNIT0_VALUE_HI,0x040,SYSTIMER_TIMER_UNIT0_VALUE_HI,0,20,RO,idf,0x0,0x0,0x0,RO,IDF v5.5.3 soc/esp32c3/register/soc/systimer_reg.h:336,
systimer,SYSTIMER_UNIT0_VALUE_LO,0x044,SYSTIMER_TIMER_UNIT0_VALUE_LO,0,32,RO,idf,0x0,0x0,0x0,RO,IDF v5.5.3 soc/esp32c3/register/soc/systimer_reg.h:348,
systimer,SYSTIMER_UNIT1_VALUE_HI,0x048,SYSTIMER_TIMER_UNIT1_VALUE_HI,0,20,RO,idf,0x0,0x0,0x0,RO,IDF v5.5.3 soc/esp32c3/register/soc/systimer_reg.h:360,
systimer,SYSTIMER_UNIT1_VALUE_LO,0x04C,SYSTIMER_TIMER_UNIT1_VALUE_LO,0,32,RO,idf,0x0,0x0,0x0,RO,IDF v5.5.3 soc/esp32c3/register/soc/systimer_reg.h:372,
systimer,SYSTIMER_COMP0_LOAD,0x050,SYSTIMER_TIMER_COMP0_LOAD,0,1,WT,idf,0x0,0x0,0x0,WT,IDF v5.5.3 soc/esp32c3/register/soc/systimer_reg.h:384,
systimer,SYSTIMER_COMP1_LOAD,0x054,SYSTIMER_TIMER_COMP1_LOAD,0,1,WT,idf,0x0,0x0,0x0,WT,IDF v5.5.3 soc/esp32c3/register/soc/systimer_reg.h:396,
systimer,SYSTIMER_COMP2_LOAD,0x058,SYSTIMER_TIMER_COMP2_LOAD,0,1,WT,idf,0x0,0x0,0x0,WT,IDF v5.5.3 soc/esp32c3/register/soc/systimer_reg.h:408,
systimer,SYSTIMER_UNIT0_LOAD,0x05C,SYSTIMER_TIMER_UNIT0_LOAD,0,1,WT,idf,0x0,0x0,0x0,WT,IDF v5.5.3 soc/esp32c3/register/soc/systimer_reg.h:420,
systimer,SYSTIMER_UNIT1_LOAD,0x060,SYSTIMER_TIMER_UNIT1_LOAD,0,1,WT,idf,0x0,0x0,0x0,WT,IDF v5.5.3 soc/esp32c3/register/soc/systimer_reg.h:432,
systimer,SYSTIMER_INT_ENA,0x064,SYSTIMER_TARGET0_INT_ENA,0,1,RW,idf,0x0,0x0,0x0,R/W,IDF v5.5.3 soc/esp32c3/register/soc/systimer_reg.h:444,
systimer,SYSTIMER_INT_ENA,0x064,SYSTIMER_TARGET1_INT_ENA,1,1,RW,idf,0x0,0x0,0x0,R/W,IDF v5.5.3 soc/esp32c3/register/soc/systimer_reg.h:451,
systimer,SYSTIMER_INT_ENA,0x064,SYSTIMER_TARGET2_INT_ENA,2,1,RW,idf,0x0,0x0,0x0,R/W,IDF v5.5.3 soc/esp32c3/register/soc/systimer_reg.h:458,
systimer,SYSTIMER_INT_RAW,0x068,SYSTIMER_TARGET0_INT_RAW,0,1,RO,UNVERIFIED,0x0,0x0,0x0,R/WTC/SS,IDF v5.5.3 soc/esp32c3/register/soc/systimer_reg.h:470,WTC: cleared by writing the corresponding WT field; SS: hardware sets it
systimer,SYSTIMER_INT_RAW,0x068,SYSTIMER_TARGET1_INT_RAW,1,1,RO,UNVERIFIED,0x0,0x0,0x0,R/WTC/SS,IDF v5.5.3 soc/esp32c3/register/soc/systimer_reg.h:477,WTC: cleared by writing the corresponding WT field; SS: hardware sets it
systimer,SYSTIMER_INT_RAW,0x068,SYSTIMER_TARGET2_INT_RAW,2,1,RO,UNVERIFIED,0x0,0x0,0x0,R/WTC/SS,IDF v5.5.3 soc/esp32c3/register/soc/systimer_reg.h:484,WTC: cleared by writing the corresponding WT field; SS: hardware sets it
systimer,SYSTIMER_INT_CLR,0x06C,SYSTIMER_TARGET0_INT_CLR,0,1,WT,idf,0x0,0x0,0x0,WT,IDF v5.5.3 soc/esp32c3/register/soc/systimer_reg.h:496,
systimer,SYSTIMER_INT_CLR,0x06C,SYSTIMER_TARGET1_INT_CLR,1,1,WT,idf,0x0,0x0,0x0,WT,IDF v5.5.3 soc/esp32c3/register/soc/systimer_reg.h:503,
systimer,SYSTIMER_INT_CLR,0x06C,SYSTIMER_TARGET2_INT_CLR,2,1,WT,idf,0x0,0x0,0x0,WT,IDF v5.5.3 soc/esp32c3/register/soc/systimer_reg.h:510,
systimer,SYSTIMER_INT_ST,0x070,SYSTIMER_TARGET0_INT_ST,0,1,RO,idf,0x0,0x0,0x0,RO,IDF v5.5.3 soc/esp32c3/register/soc/systimer_reg.h:522,
systimer,SYSTIMER_INT_ST,0x070,SYSTIMER_TARGET1_INT_ST,1,1,RO,idf,0x0,0x0,0x0,RO,IDF v5.5.3 soc/esp32c3/register/soc/systimer_reg.h:529,
systimer,SYSTIMER_INT_ST,0x070,SYSTIMER_TARGET2_INT_ST,2,1,RO,idf,0x0,0x0,0x0,RO,IDF v5.5.3 soc/esp32c3/register/soc/systimer_reg.h:536,
systimer,SYSTIMER_DATE,0x0FC,SYSTIMER_DATE,0,32,RW,idf,0x2006171,0x2006171,0x2006171,R/W,IDF v5.5.3 soc/esp32c3/register/soc/systimer_reg.h:548,
spi2,SPI_CMD,0x000,SPI_CONF_BITLEN,0,18,RW,idf,0x0,0x0,0x0,R/W,IDF v5.5.3 soc/esp32c3/register/soc/spi_reg.h:31,
spi2,SPI_CMD,0x000,SPI_UPDATE,23,1,WT,idf,0x0,0x0,0x0,WT,IDF v5.5.3 soc/esp32c3/register/soc/spi_reg.h:24,
spi2,SPI_CMD,0x000,SPI_USR,24,1,SC,idf,0x0,0x0,0x0,R/W/SC,IDF v5.5.3 soc/esp32c3/register/soc/spi_reg.h:16,
spi2,SPI_ADDR,0x004,SPI_USR_ADDR_VALUE,0,32,RW,idf,0x0,0x0,0x0,R/W,IDF v5.5.3 soc/esp32c3/register/soc/spi_reg.h:39,
spi2,SPI_CTRL,0x008,SPI_DUMMY_OUT,3,1,RW,idf,0x0,0x0,0x0,R/W,IDF v5.5.3 soc/esp32c3/register/soc/spi_reg.h:131,
spi2,SPI_CTRL,0x008,SPI_FADDR_DUAL,5,1,RW,idf,0x0,0x0,0x0,R/W,IDF v5.5.3 soc/esp32c3/register/soc/spi_reg.h:124,
spi2,SPI_CTRL,0x008,SPI_FADDR_QUAD,6,1,RW,idf,0x0,0x0,0x0,R/W,IDF v5.5.3 soc/esp32c3/register/soc/spi_reg.h:117,
spi2,SPI_CTRL,0x008,SPI_FCMD_DUAL,8,1,RW,idf,0x0,0x0,0x0,R/W,IDF v5.5.3 soc/esp32c3/register/soc/spi_reg.h:110,
spi2,SPI_CTRL,0x008,SPI_FCMD_QUAD,9,1,RW,idf,0x0,0x0,0x0,R/W,IDF v5.5.3 soc/esp32c3/register/soc/spi_reg.h:103,
spi2,SPI_CTRL,0x008,SPI_FREAD_DUAL,14,1,RW,idf,0x0,0x0,0x0,R/W,IDF v5.5.3 soc/esp32c3/register/soc/spi_reg.h:96,
spi2,SPI_CTRL,0x008,SPI_FREAD_QUAD,15,1,RW,idf,0x0,0x0,0x0,R/W,IDF v5.5.3 soc/esp32c3/register/soc/spi_reg.h:89,
spi2,SPI_CTRL,0x008,SPI_Q_POL,18,1,RW,idf,0x1,0x1,0x1,R/W,IDF v5.5.3 soc/esp32c3/register/soc/spi_reg.h:82,
spi2,SPI_CTRL,0x008,SPI_D_POL,19,1,RW,idf,0x1,0x1,0x1,R/W,IDF v5.5.3 soc/esp32c3/register/soc/spi_reg.h:75,
spi2,SPI_CTRL,0x008,SPI_HOLD_POL,20,1,RW,idf,0x1,0x1,0x1,R/W,IDF v5.5.3 soc/esp32c3/register/soc/spi_reg.h:68,
spi2,SPI_CTRL,0x008,SPI_WP_POL,21,1,RW,idf,0x1,0x1,0x1,R/W,IDF v5.5.3 soc/esp32c3/register/soc/spi_reg.h:61,
spi2,SPI_CTRL,0x008,SPI_RD_BIT_ORDER,25,1,RW,idf,0x0,0x0,0x0,R/W,IDF v5.5.3 soc/esp32c3/register/soc/spi_reg.h:54,
spi2,SPI_CTRL,0x008,SPI_WR_BIT_ORDER,26,1,RW,idf,0x0,0x0,0x0,R/W,IDF v5.5.3 soc/esp32c3/register/soc/spi_reg.h:47,
spi2,SPI_CLOCK,0x00C,SPI_CLKCNT_L,0,6,RW,idf,0x3,0x3,0x3,R/W,IDF v5.5.3 soc/esp32c3/register/soc/spi_reg.h:168,
spi2,SPI_CLOCK,0x00C,SPI_CLKCNT_H,6,6,RW,idf,0x1,0x1,0x1,R/W,IDF v5.5.3 soc/esp32c3/register/soc/spi_reg.h:161,
spi2,SPI_CLOCK,0x00C,SPI_CLKCNT_N,12,6,RW,idf,0x3,0x3,0x3,R/W,IDF v5.5.3 soc/esp32c3/register/soc/spi_reg.h:154,
spi2,SPI_CLOCK,0x00C,SPI_CLKDIV_PRE,18,4,RW,idf,0x0,0x0,0x0,R/W,IDF v5.5.3 soc/esp32c3/register/soc/spi_reg.h:147,
spi2,SPI_CLOCK,0x00C,SPI_CLK_EQU_SYSCLK,31,1,RW,idf,0x1,0x1,0x1,R/W,IDF v5.5.3 soc/esp32c3/register/soc/spi_reg.h:140,
spi2,SPI_USER,0x010,SPI_DOUTDIN,0,1,RW,idf,0x0,0x0,0x0,R/W,IDF v5.5.3 soc/esp32c3/register/soc/spi_reg.h:304,
spi2,SPI_USER,0x010,SPI_QPI_MODE,3,1,SC,UNVERIFIED,0x0,0x0,0x0,R/W/SS/SC,IDF v5.5.3 soc/esp32c3/register/soc/spi_reg.h:297,SS (hardware sets the field) is not modeled by the access type
spi2,SPI_USER,0x010,SPI_TSCK_I_EDGE,5,1,RW,idf,0x0,0x0,0x0,R/W,IDF v5.5.3 soc/esp32c3/register/soc/spi_reg.h:290,
spi2,SPI_USER,0x010,SPI_CS_HOLD,6,1,RW,idf,0x1,0x1,0x1,R/W,IDF v5.5.3 soc/esp32c3/register/soc/spi_reg.h:283,
spi2,SPI_USER,0x010,SPI_CS_SETUP,7,1,RW,idf,0x1,0x1,0x1,R/W,IDF v5.5.3 soc/esp32c3/register/soc/spi_reg.h:276,
spi2,SPI_USER,0x010,SPI_RSCK_I_EDGE,8,1,RW,idf,0x0,0x0,0x0,R/W,IDF v5.5.3 soc/esp32c3/register/soc/spi_reg.h:269,
spi2,SPI_USER,0x010,SPI_CK_OUT_EDGE,9,1,RW,idf,0x0,0x0,0x0,R/W,IDF v5.5.3 soc/esp32c3/register/soc/spi_reg.h:262,
spi2,SPI_USER,0x010,SPI_FWRITE_DUAL,12,1,RW,idf,0x0,0x0,0x0,R/W,IDF v5.5.3 soc/esp32c3/register/soc/spi_reg.h:255,
spi2,SPI_USER,0x010,SPI_FWRITE_QUAD,13,1,RW,idf,0x0,0x0,0x0,R/W,IDF v5.5.3 soc/esp32c3/register/soc/spi_reg.h:248,
spi2,SPI_USER,0x010,SPI_USR_CONF_NXT,15,1,RW,idf,0x0,0x0,0x0,R/W,IDF v5.5.3 soc/esp32c3/register/soc/spi_reg.h:240,
spi2,SPI_USER,0x010,SPI_SIO,17,1,RW,idf,0x0,0x0,0x0,R/W,IDF v5.5.3 soc/esp32c3/register/soc/spi_reg.h:233,
spi2,SPI_USER,0x010,SPI_USR_MISO_HIGHPART,24,1,RW,idf,0x0,0x0,0x0,R/W,IDF v5.5.3 soc/esp32c3/register/soc/spi_reg.h:226,
spi2,SPI_USER,0x010,SPI_USR_MOSI_HIGHPART,25,1,RW,idf,0x0,0x0,0x0,R/W,IDF v5.5.3 soc/esp32c3/register/soc/spi_reg.h:219,
spi2,SPI_USER,0x010,SPI_USR_DUMMY_IDLE,26,1,RW,idf,0x0,0x0,0x0,R/W,IDF v5.5.3 soc/esp32c3/register/soc/spi_reg.h:212,
spi2,SPI_USER,0x010,SPI_USR_MOSI,27,1,RW,idf,0x0,0x0,0x0,R/W,IDF v5.5.3 soc/esp32c3/register/soc/spi_reg.h:205,
spi2,SPI_USER,0x010,SPI_USR_MISO,28,1,RW,idf,0x0,0x0,0x0,R/W,IDF v5.5.3 soc/esp32c3/register/soc/spi_reg.h:198,
spi2,SPI_USER,0x010,SPI_USR_DUMMY,29,1,RW,idf,0x0,0x0,0x0,R/W,IDF v5.5.3 soc/esp32c3/register/soc/spi_reg.h:191,
spi2,SPI_USER,0x010,SPI_USR_ADDR,30,1,RW,idf,0x0,0x0,0x0,R/W,IDF v5.5.3 soc/esp32c3/register/soc/spi_reg.h:184,
spi2,SPI_USER,0x010,SPI_USR_COMMAND,31,1,RW,idf,0x1,0x1,0x1,R/W,IDF v5.5.3 soc/esp32c3/register/soc/spi_reg.h:177,
spi2,SPI_USER1,0x014,SPI_USR_DUMMY_CYCLELEN,0,8,RW,idf,0x7,0x7,0x7,R/W,IDF v5.5.3 soc/esp32c3/register/soc/spi_reg.h:342,
spi2,SPI_USER1,0x014,SPI_MST_WFULL_ERR_END_EN,16,1,RW,idf,0x1,0x1,0x1,R/W,IDF v5.5.3 soc/esp32c3/register/soc/spi_reg.h:334,
spi2,SPI_USER1,0x014,SPI_CS_SETUP_TIME,17,5,RW,idf,0x0,0x0,0x0,R/W,IDF v5.5.3 soc/esp32c3/register/soc/spi_reg.h:327,
spi2,SPI_USER1,0x014,SPI_CS_HOLD_TIME,22,5,RW,idf,0x1,0x1,0x1,R/W,IDF v5.5.3 soc/esp32c3/register/soc/spi_reg.h:320,
spi2,SPI_USER1,0x014,SPI_USR_ADDR_BITLEN,27,5,RW,idf,0x17,0x17,0x17,R/W,IDF v5.5.3 soc/esp32c3/register/soc/spi_reg.h:313,
spi2,SPI_USER2,0x018,SPI_USR_COMMAND_VALUE,0,16,RW,idf,0x0,0x0,0x0,R/W,IDF v5.5.3 soc/esp32c3/register/soc/spi_reg.h:366,
spi2,SPI_USER2,0x018,SPI_MST_REMPTY_ERR_END_EN,27,1,RW,idf,0x1,0x1,0x1,R/W,IDF v5.5.3 soc/esp32c3/register/soc/spi_reg.h:358,
spi2,SPI_USER2,0x018,SPI_USR_COMMAND_BITLEN,28,4,RW,idf,0x7,0x7,0x7,R/W,IDF v5.5.3 soc/esp32c3/register/soc/spi_reg.h:351,
spi2,SPI_MS_DLEN,0x01C,SPI_MS_DATA_BITLEN,0,18,RW,idf,0x0,0x0,0x0,R/W,IDF v5.5.3 soc/esp32c3/register/soc/spi_reg.h:374,
spi2,SPI_MISC,0x020,SPI_CS0_DIS,0,1,RW,idf,0x0,0x0,0x0,R/W,IDF v5.5.3 soc/esp32c3/register/soc/spi_reg.h:460,
spi2,SPI_MISC,0x020,SPI_CS1_DIS,1,1,RW,idf,0x1,0x1,0x1,R/W,IDF v5.5.3 soc/esp32c3/register/soc/spi_reg.h:453,
spi2,SPI_MISC,0x020,SPI_CS2_DIS,2,1,RW,idf,0x1,0x1,0x1,R/W,IDF v5.5.3 soc/esp32c3/register/soc/spi_reg.h:446,
spi2,SPI_MISC,0x020,SPI_CS3_DIS,3,1,RW,idf,0x1,0x1,0x1,R/W,IDF v5.5.3 soc/esp32c3/register/soc/spi_reg.h:439,
spi2,SPI_MISC,0x020,SPI_CS4_DIS,4,1,RW,idf,0x1,0x1,0x1,R/W,IDF v5.5.3 soc/esp32c3/register/soc/spi_reg.h:432,
spi2,SPI_MISC,0x020,SPI_CS5_DIS,5,1,RW,idf,0x1,0x1,0x1,R/W,IDF v5.5.3 soc/esp32c3/register/soc/spi_reg.h:425,
spi2,SPI_MISC,0x020,SPI_CK_DIS,6,1,RW,idf,0x0,0x0,0x0,R/W,IDF v5.5.3 soc/esp32c3/register/soc/spi_reg.h:419,
spi2,SPI_MISC,0x020,SPI_MASTER_CS_POL,7,6,RW,idf,0x0,0x0,0x0,R/W,IDF v5.5.3 soc/esp32c3/register/soc/spi_reg.h:412,
spi2,SPI_MISC,0x020,SPI_SLAVE_CS_POL,23,1,RW,idf,0x0,0x0,0x0,R/W,IDF v5.5.3 soc/esp32c3/register/soc/spi_reg.h:405,
spi2,SPI_MISC,0x020,SPI_CK_IDLE_EDGE,29,1,RW,idf,0x0,0x0,0x0,R/W,IDF v5.5.3 soc/esp32c3/register/soc/spi_reg.h:398,
spi2,SPI_MISC,0x020,SPI_CS_KEEP_ACTIVE,30,1,RW,idf,0x0,0x0,0x0,R/W,IDF v5.5.3 soc/esp32c3/register/soc/spi_reg.h:392,
spi2,SPI_MISC,0x020,SPI_QUAD_DIN_PIN_SWAP,31,1,RW,idf,0x0,0x0,0x0,R/W,IDF v5.5.3 soc/esp32c3/register/soc/spi_reg.h:385,
spi2,SPI_DIN_MODE,0x024,SPI_DIN0_MODE,0,2,RW,idf,0x0,0x0,0x0,R/W,IDF v5.5.3 soc/esp32c3/register/soc/spi_reg.h:500,
spi2,SPI_DIN_MODE,0x024,SPI_DIN1_MODE,2,2,RW,idf,0x0,0x0,0x0,R/W,IDF v5.5.3 soc/esp32c3/register/soc/spi_reg.h:492,
spi2,SPI_DIN_MODE,0x024,SPI_DIN2_MODE,4,2,RW,idf,0x0,0x0,0x0,R/W,IDF v5.5.3 soc/esp32c3/register/soc/spi_reg.h:484,
spi2,SPI_DIN_MODE,0x024,SPI_DIN3_MODE,6,2,RW,idf,0x0,0x0,0x0,R/W,IDF v5.5.3 soc/esp32c3/register/soc/spi_reg.h:476,
spi2,SPI_DIN_MODE,0x024,SPI_TIMING_HCLK_ACTIVE,16,1,RW,idf,0x0,0x0,0x0,R/W,IDF v5.5.3 soc/esp32c3/register/soc/spi_reg.h:469,
spi2,SPI_DIN_NUM,0x028,SPI_DIN0_NUM,0,2,RW,idf,0x0,0x0,0x0,R/W,IDF v5.5.3 soc/esp32c3/register/soc/spi_reg.h:531,
spi2,SPI_DIN_NUM,0x028,SPI_DIN1_NUM,2,2,RW,idf,0x0,0x0,0x0,R/W,IDF v5.5.3 soc/esp32c3/register/soc/spi_reg.h:524,
spi2,SPI_DIN_NUM,0x028,SPI_DIN2_NUM,4,2,RW,idf,0x0,0x0,0x0,R/W,IDF v5.5.3 soc/esp32c3/register/soc/spi_reg.h:517,
spi2,SPI_DIN_NUM,0x028,SPI_DIN3_NUM,6,2,RW,idf,0x0,0x0,0x0,R/W,IDF v5.5.3 soc/esp32c3/register/soc/spi_reg.h:510,
spi2,SPI_DOUT_MODE,0x02C,SPI_DOUT0_MODE,0,1,RW,idf,0x0,0x0,0x0,R/W,IDF v5.5.3 soc/esp32c3/register/soc/spi_reg.h:564,
spi2,SPI_DOUT_MODE,0x02C,SPI_DOUT1_MODE,1,1,RW,idf,0x0,0x0,0x0,R/W,IDF v5.5.3 soc/esp32c3/register/soc/spi_reg.h:556,
spi2,SPI_DOUT_MODE,0x02C,SPI_DOUT2_MODE,2,1,RW,idf,0x0,0x0,0x0,R/W,IDF v5.5.3 soc/esp32c3/register/soc/spi_reg.h:548,
spi2,SPI_DOUT_MODE,0x02C,SPI_DOUT3_MODE,3,1,RW,idf,0x0,0x0,0x0,R/W,IDF v5.5.3 soc/esp32c3/register/soc/spi_reg.h:540,
spi2,SPI_DMA_CONF,0x030,SPI_DMA_SLV_SEG_TRANS_EN,18,1,RW,idf,0x0,0x0,0x0,R/W,IDF v5.5.3 soc/esp32c3/register/soc/spi_reg.h:630,
spi2,SPI_DMA_CONF,0x030,SPI_SLV_RX_SEG_TRANS_CLR_EN,19,1,RW,idf,0x0,0x0,0x0,R/W,IDF v5.5.3 soc/esp32c3/register/soc/spi_reg.h:623,
spi2,SPI_DMA_CONF,0x030,SPI_SLV_TX_SEG_TRANS_CLR_EN,20,1,RW,idf,0x0,0x0,0x0,R/W,IDF v5.5.3 soc/esp32c3/register/soc/spi_reg.h:616,
spi2,SPI_DMA_CONF,0x030,SPI_RX_EOF_EN,21,1,RW,idf,0x0,0x0,0x0,R/W,IDF v5.5.3 soc/esp32c3/register/soc/spi_reg.h:607,
spi2,SPI_DMA_CONF,0x030,SPI_DMA_RX_ENA,27,1,RW,idf,0x0,0x0,0x0,R/W,IDF v5.5.3 soc/esp32c3/register/soc/spi_reg.h:601,
spi2,SPI_DMA_CONF,0x030,SPI_DMA_TX_ENA,28,1,RW,idf,0x0,0x0,0x0,R/W,IDF v5.5.3 soc/esp32c3/register/soc/spi_reg.h:595,
spi2,SPI_DMA_CONF,0x030,SPI_RX_AFIFO_RST,29,1,WT,idf,0x0,0x0,0x0,WT,IDF v5.5.3 soc/esp32c3/register/soc/spi_reg.h:588,
spi2,SPI_DMA_CONF,0x030,SPI_BUF_AFIFO_RST,30,1,WT,idf,0x0,0x0,0x0,WT,IDF v5.5.3 soc/esp32c3/register/soc/spi_reg.h:581,
spi2,SPI_DMA_CONF,0x030,SPI_DMA_AFIFO_RST,31,1,WT,idf,0x0,0x0,0x0,WT,IDF v5.5.3 soc/esp32c3/register/soc/spi_reg.h:574,
spi2,SPI_DMA_INT_ENA,0x034,SPI_DMA_INFIFO_FULL_ERR_INT_ENA,0,1,RW,idf,0x0,0x0,0x0,R/W,IDF v5.5.3 soc/esp32c3/register/soc/spi_reg.h:758,
spi2,SPI_DMA_INT_ENA,0x034,SPI_DMA_OUTFIFO_EMPTY_ERR_INT_ENA,1,1,RW,idf,0x0,0x0,0x0,R/W,IDF v5.5.3 soc/esp32c3/register/soc/spi_reg.h:752,
spi2,SPI_DMA_INT_ENA,0x034,SPI_SLV_EX_QPI_INT_ENA,2,1,RW,idf,0x0,0x0,0x0,R/W,IDF v5.5.3 soc/esp32c3/register/soc/spi_reg.h:746,
spi2,SPI_DMA_INT_ENA,0x034,SPI_SLV_EN_QPI_INT_ENA,3,1,RW,idf,0x0,0x0,0x0,R/W,IDF v5.5.3 soc/esp32c3/register/soc/spi_reg.h:740,
spi2,SPI_DMA_INT_ENA,0x034,SPI_SLV_CMD7_INT_ENA,4,1,RW,idf,0x0,0x0,0x0,R/W,IDF v5.5.3 soc/esp32c3/register/soc/spi_reg.h:734,
spi2,SPI_DMA_INT_ENA,0x034,SPI_SLV_CMD8_INT_ENA,5,1,RW,idf,0x0,0x0,0x0,R/W,IDF v5.5.3 soc/esp32c3/register/soc/spi_reg.h:728,
spi2,SPI_DMA_INT_ENA,0x034,SPI_SLV_CMD9_INT_ENA,6,1,RW,idf,0x0,0x0,0x0,R/W,IDF v5.5.3 soc/esp32c3/register/soc/spi_reg.h:722,
spi2,SPI_DMA_INT_ENA,0x034,SPI_SLV_CMDA_INT_ENA,7,1,RW,idf,0x0,0x0,0x0,R/W,IDF v5.5.3 soc/esp32c3/register/soc/spi_reg.h:716,
spi2,SPI_DMA_INT_ENA,0x034,SPI_SLV_RD_DMA_DONE_INT_ENA,8,1,RW,idf,0x0,0x0,0x0,R/W,IDF v5.5.3 soc/esp32c3/register/soc/spi_reg.h:710,
spi2,SPI_DMA_INT_ENA,0x034,SPI_SLV_WR_DMA_DONE_INT_ENA,9,1,RW,idf,0x0,0x0,0x0,R/W,IDF v5.5.3 soc/esp32c3/register/soc/spi_reg.h:704,
spi2,SPI_DMA_INT_ENA,0x034,SPI_SLV_RD_BUF_DONE_INT_ENA,10,1,RW,idf,0x0,0x0,0x0,R/W,IDF v5.5.3 soc/esp32c3/register/soc/spi_reg.h:698,
spi2,SPI_DMA_INT_ENA,0x034,SPI_SLV_WR_BUF_DONE_INT_ENA,11,1,RW,idf,0x0,0x0,0x0,R/W,IDF v5.5.3 soc/esp32c3/register/soc/spi_reg.h:692,
spi2,SPI_DMA_INT_ENA,0x034,SPI_TRANS_DONE_INT_ENA,12,1,RW,idf,0x0,0x0,0x0,R/W,IDF v5.5.3 soc/esp32c3/register/soc/spi_reg.h:686,
spi2,SPI_DMA_INT_ENA,0x034,SPI_DMA_SEG_TRANS_DONE_INT_ENA,13,1,RW,idf,0x0,0x0,0x0,R/W,IDF v5.5.3 soc/esp32c3/register/soc/spi_reg.h:680,
spi2,SPI_DMA_INT_ENA,0x034,SPI_SEG_MAGIC_ERR_INT_ENA,14,1,RW,idf,0x0,0x0,0x0,R/W,IDF v5.5.3 soc/esp32c3/register/soc/spi_reg.h:674,
spi2,SPI_DMA_INT_ENA,0x034,SPI_SLV_BUF_ADDR_ERR_INT_ENA,15,1,RW,idf,0x0,0x0,0x0,R/W,IDF v5.5.3 soc/esp32c3/register/soc/spi_reg.h:668,
spi2,SPI_DMA_INT_ENA,0x034,SPI_SLV_CMD_ERR_INT_ENA,16,1,RW,idf,0x0,0x0,0x0,R/W,IDF v5.5.3 soc/esp32c3/register/soc/spi_reg.h:662,
spi2,SPI_DMA_INT_ENA,0x034,SPI_MST_RX_AFIFO_WFULL_ERR_INT_ENA,17,1,RW,idf,0x0,0x0,0x0,R/W,IDF v5.5.3 soc/esp32c3/register/soc/spi_reg.h:656,
spi2,SPI_DMA_INT_ENA,0x034,SPI_MST_TX_AFIFO_REMPTY_ERR_INT_ENA,18,1,RW,idf,0x0,0x0,0x0,R/W,IDF v5.5.3 soc/esp32c3/register/soc/spi_reg.h:650,
spi2,SPI_DMA_INT_ENA,0x034,SPI_APP2_INT_ENA,19,1,RW,idf,0x0,0x0,0x0,R/W,IDF v5.5.3 soc/esp32c3/register/soc/spi_reg.h:644,
spi2,SPI_DMA_INT_ENA,0x034,SPI_APP1_INT_ENA,20,1,RW,idf,0x0,0x0,0x0,R/W,IDF v5.5.3 soc/esp32c3/register/soc/spi_reg.h:638,
spi2,SPI_DMA_INT_CLR,0x038,SPI_DMA_INFIFO_FULL_ERR_INT_CLR,0,1,WT,idf,0x0,0x0,0x0,WT,IDF v5.5.3 soc/esp32c3/register/soc/spi_reg.h:886,
spi2,SPI_DMA_INT_CLR,0x038,SPI_DMA_OUTFIFO_EMPTY_ERR_INT_CLR,1,1,WT,idf,0x0,0x0,0x0,WT,IDF v5.5.3 soc/esp32c3/register/soc/spi_reg.h:880,
spi2,SPI_DMA_INT_CLR,0x038,SPI_SLV_EX_QPI_INT_CLR,2,1,WT,idf,0x0,0x0,0x0,WT,IDF v5.5.3 soc/esp32c3/register/soc/spi_reg.h:874,
spi2,SPI_DMA_INT_CLR,0x038,SPI_SLV_EN_QPI_INT_CLR,3,1,WT,idf,0x0,0x0,0x0,WT,IDF v5.5.3 soc/esp32c3/register/soc/spi_reg.h:868,
spi2,SPI_DMA_INT_CLR,0x038,SPI_SLV_CMD7_INT_CLR,4,1,WT,idf,0x0,0x0,0x0,WT,IDF v5.5.3 soc/esp32c3/register/soc/spi_reg.h:862,
spi2,SPI_DMA_INT_CLR,0x038,SPI_SLV_CMD8_INT_CLR,5,1,WT,idf,0x0,0x0,0x0,WT,IDF v5.5.3 soc/esp32c3/register/soc/spi_reg.h:856,
spi2,SPI_DMA_INT_CLR,0x038,SPI_SLV_CMD9_INT_CLR,6,1,WT,idf,0x0,0x0,0x0,WT,IDF v5.5.3 soc/esp32c3/register/soc/spi_reg.h:850,
spi2,SPI_DMA_INT_CLR,0x038,SPI_SLV_CMDA_INT_CLR,7,1,WT,idf,0x0,0x0,0x0,WT,IDF v5.5.3 soc/esp32c3/register/soc/spi_reg.h:844,
spi2,SPI_DMA_INT_CLR,0x038,SPI_SLV_RD_DMA_DONE_INT_CLR,8,1,WT,idf,0x0,0x0,0x0,WT,IDF v5.5.3 soc/esp32c3/register/soc/spi_reg.h:838,
spi2,SPI_DMA_INT_CLR,0x038,SPI_SLV_WR_DMA_DONE_INT_CLR,9,1,WT,idf,0x0,0x0,0x0,WT,IDF v5.5.3 soc/esp32c3/register/soc/spi_reg.h:832,
spi2,SPI_DMA_INT_CLR,0x038,SPI_SLV_RD_BUF_DONE_INT_CLR,10,1,WT,idf,0x0,0x0,0x0,WT,IDF v5.5.3 soc/esp32c3/register/soc/spi_reg.h:826,
spi2,SPI_DMA_INT_CLR,0x038,SPI_SLV_WR_BUF_DONE_INT_CLR,11,1,WT,idf,0x0,0x0,0x0,WT,IDF v5.5.3 soc/esp32c3/register/soc/spi_reg.h:820,
spi2,SPI_DMA_INT_CLR,0x038,SPI_TRANS_DONE_INT_CLR,12,1,WT,idf,0x0,0x0,0x0,WT,IDF v5.5.3 soc/esp32c3/register/soc/spi_reg.h:814,
spi2,SPI_DMA_INT_CLR,0x038,SPI_DMA_SEG_TRANS_DONE_INT_CLR,13,1,WT,idf,0x0,0x0,0x0,WT,IDF v5.5.3 soc/esp32c3/register/soc/spi_reg.h:808,
spi2,SPI_DMA_INT_CLR,0x038,SPI_SEG_MAGIC_ERR_INT_CLR,14,1,WT,idf,0x0,0x0,0x0,WT,IDF v5.5.3 soc/esp32c3/register/soc/spi_reg.h:802,
spi2,SPI_DMA_INT_CLR,0x038,SPI_SLV_BUF_ADDR_ERR_INT_CLR,15,1,WT,idf,0x0,0x0,0x0,WT,IDF v5.5.3 soc/esp32c3/register/soc/spi_reg.h:796,
spi2,SPI_DMA_INT_CLR,0x038,SPI_SLV_CMD_ERR_INT_CLR,16,1,WT,idf,0x0,0x0,0x0,WT,IDF v5.5.3 soc/esp32c3/register/soc/spi_reg.h:790,
spi2,SPI_DMA_INT_CLR,0x038,SPI_MST_RX_AFIFO_WFULL_ERR_INT_CLR,17,1,WT,idf,0x0,0x0,0x0,WT,IDF v5.5.3 soc/esp32c3/register/soc/spi_reg.h:784,
spi2,SPI_DMA_INT_CLR,0x038,SPI_MST_TX_AFIFO_REMPTY_ERR_INT_CLR,18,1,WT,idf,0x0,0x0,0x0,WT,IDF v5.5.3 soc/esp32c3/register/soc/spi_reg.h:778,
spi2,SPI_DMA_INT_CLR,0x038,SPI_APP2_INT_CLR,19,1,WT,idf,0x0,0x0,0x0,WT,IDF v5.5.3 soc/esp32c3/register/soc/spi_reg.h:772,
spi2,SPI_DMA_INT_CLR,0x038,SPI_APP1_INT_CLR,20,1,WT,idf,0x0,0x0,0x0,WT,IDF v5.5.3 soc/esp32c3/register/soc/spi_reg.h:766,
spi2,SPI_DMA_INT_RAW,0x03C,SPI_DMA_INFIFO_FULL_ERR_INT_RAW,0,1,RW,UNVERIFIED,0x0,0x0,0x0,R/W/WTC/SS,IDF v5.5.3 soc/esp32c3/register/soc/spi_reg.h:1037,WTC: cleared by writing the corresponding WT field; SS: hardware sets it
spi2,SPI_DMA_INT_RAW,0x03C,SPI_DMA_OUTFIFO_EMPTY_ERR_INT_RAW,1,1,RW,UNVERIFIED,0x0,0x0,0x0,R/W/WTC/SS,IDF v5.5.3 soc/esp32c3/register/soc/spi_reg.h:1030,WTC: cleared by writing the corresponding WT field; SS: hardware sets it
spi2,SPI_DMA_INT_RAW,0x03C,SPI_SLV_EX_QPI_INT_RAW,2,1,RW,UNVERIFIED,0x0,0x0,0x0,R/W/WTC/SS,IDF v5.5.3 soc/esp32c3/register/soc/spi_reg.h:1023,WTC: cleared by writing the corresponding WT field; SS: hardware sets it
spi2,SPI_DMA_INT_RAW,0x03C,SPI_SLV_EN_QPI_INT_RAW,3,1,RW,UNVERIFIED,0x0,0x0,0x0,R/W/WTC/SS,IDF v5.5.3 soc/esp32c3/register/soc/spi_reg.h:1016,WTC: cleared by writing the corresponding WT field; SS: hardware sets it
spi2,SPI_DMA_INT_RAW,0x03C,SPI_SLV_CMD7_INT_RAW,4,1,RW,UNVERIFIED,0x0,0x0,0x0,R/W/WTC/SS,IDF v5.5.3 soc/esp32c3/register/soc/spi_reg.h:1009,WTC: cleared by writing the corresponding WT field; SS: hardware sets it
spi2,SPI_DMA_INT_RAW,0x03C,SPI_SLV_CMD8_INT_RAW,5,1,RW,UNVERIFIED,0x0,0x0,0x0,R/W/WTC/SS,IDF v5.5.3 soc/esp32c3/register/soc/spi_reg.h:1002,WTC: cleared by writing the corresponding WT field; SS: hardware sets it
spi2,SPI_DMA_INT_RAW,0x03C,SPI_SLV_CMD9_INT_RAW,6,1,RW,UNVERIFIED,0x0,0x0,0x0,R/W/WTC/SS,IDF v5.5.3 soc/esp32c3/register/soc/spi_reg.h:995,WTC: cleared by writing the corresponding WT field; SS: hardware sets it
spi2,SPI_DMA_INT_RAW,0x03C,SPI_SLV_CMDA_INT_RAW,7,1,RW,UNVERIFIED,0x0,0x0,0x0,R/W/WTC/SS,IDF v5.5.3 soc/esp32c3/register/soc/spi_reg.h:988,WTC: cleared by writing the corresponding WT field; SS: hardware sets it
spi2,SPI_DMA_INT_RAW,0x03C,SPI_SLV_RD_DMA_DONE_INT_RAW,8,1,RW,UNVERIFIED,0x0,0x0,0x0,R/W/WTC/SS,IDF v5.5.3 soc/esp32c3/register/soc/spi_reg.h:981,WTC: cleared by writing the corresponding WT field; SS: hardware sets it
spi2,SPI_DMA_INT_RAW,0x03C,SPI_SLV_WR_DMA_DONE_INT_RAW,9,1,RW,UNVERIFIED,0x0,0x0,0x0,R/W/WTC/SS,IDF v5.5.3 soc/esp32c3/register/soc/spi_reg.h:974,WTC: cleared by writing the corresponding WT field; SS: hardware sets it
spi2,SPI_DMA_INT_RAW,0x03C,SPI_SLV_RD_BUF_DONE_INT_RAW,10,1,RW,UNVERIFIED,0x0,0x0,0x0,R/W/WTC/SS,IDF v5.5.3 soc/esp32c3/register/soc/spi_reg.h:967,WTC: cleared by writing the corresponding WT field; SS: hardware sets it
spi2,SPI_DMA_INT_RAW,0x03C,SPI_SLV_WR_BUF_DONE_INT_RAW,11,1,RW,UNVERIFIED,0x0,0x0,0x0,R/W/WTC/SS,IDF v5.5.3 soc/esp32c3/register/soc/spi_reg.h:960,WTC: cleared by writing the corresponding WT field; SS: hardware sets it
spi2,SPI_DMA_INT_RAW,0x03C,SPI_TRANS_DONE_INT_RAW,12,1,RW,UNVERIFIED,0x0,0x0,0x0,R/W/WTC/SS,IDF v5.5.3 soc/esp32c3/register/soc/spi_reg.h:953,WTC: cleared by writing the corresponding WT field; SS: hardware sets it
spi2,SPI_DMA_INT_RAW,0x03C,SPI_DMA_SEG_TRANS_DONE_INT_RAW,13,1,RW,UNVERIFIED,0x0,0x0,0x0,R/W/WTC/SS,IDF v5.5.3 soc/esp32c3/register/soc/spi_reg.h:944,WTC: cleared by writing the corresponding WT field; SS: hardware sets it
spi2,SPI_DMA_INT_RAW,0x03C,SPI_SEG_MAGIC_ERR_INT_RAW,14,1,RW,UNVERIFIED,0x0,0x0,0x0,R/W/WTC/SS,IDF v5.5.3 soc/esp32c3/register/soc/spi_reg.h:937,WTC: cleared by writing the corresponding WT field; SS: hardware sets it
spi2,SPI_DMA_INT_RAW,0x03C,SPI_SLV_BUF_ADDR_ERR_INT_RAW,15,1,RW,UNVERIFIED,0x0,0x0,0x0,R/W/WTC/SS,IDF v5.5.3 soc/esp32c3/register/soc/spi_reg.h:929,WTC: cleared by writing the corresponding WT field; SS: hardware sets it
spi2,SPI_DMA_INT_RAW,0x03C,SPI_SLV_CMD_ERR_INT_RAW,16,1,RW,UNVERIFIED,0x0,0x0,0x0,R/W/WTC/SS,IDF v5.5.3 soc/esp32c3/register/soc/spi_reg.h:922,WTC: cleared by writing the corresponding WT field; SS: hardware sets it
spi2,SPI_DMA_INT_RAW,0x03C,SPI_MST_RX_AFIFO_WFULL_ERR_INT_RAW,17,1,RW,UNVERIFIED,0x0,0x0,0x0,R/W/WTC/SS,IDF v5.5.3 soc/esp32c3/register/soc/spi_reg.h:915,WTC: cleared by writing the corresponding WT field; SS: hardware sets it
spi2,SPI_DMA_INT_RAW,0x03C,SPI_MST_TX_AFIFO_REMPTY_ERR_INT_RAW,18,1,RW,UNVERIFIED,0x0,0x0,0x0,R/W/WTC/SS,IDF v5.5.3 soc/esp32c3/register/soc/spi_reg.h:908,WTC: cleared by writing the corresponding WT field; SS: hardware sets it
spi2,SPI_DMA_INT_RAW,0x03C,SPI_APP2_INT_RAW,19,1,RW,UNVERIFIED,0x0,0x0,0x0,R/W/WTC,IDF v5.5.3 soc/esp32c3/register/soc/spi_reg.h:901,WTC: cleared by writing the corresponding WT field
spi2,SPI_DMA_INT_RAW,0x03C,SPI_APP1_INT_RAW,20,1,RW,UNVERIFIED,0x0,0x0,0x0,R/W/WTC,IDF v5.5.3 soc/esp32c3/register/soc/spi_reg.h:894,WTC: cleared by writing the corresponding WT field
spi2,SPI_DMA_INT_ST,0x040,SPI_DMA_INFIFO_FULL_ERR_INT_ST,0,1,RO,idf,0x0,0x0,0x0,RO,IDF v5.5.3 soc/esp32c3/register/soc/spi_reg.h:1166,
spi2,SPI_DMA_INT_ST,0x040,SPI_DMA_OUTFIFO_EMPTY_ERR_INT_ST,1,1,RO,idf,0x0,0x0,0x0,RO,IDF v5.5.3 soc/esp32c3/register/soc/spi_reg.h:1160,
spi2,SPI_DMA_INT_ST,0x040,SPI_SLV_EX_QPI_INT_ST,2,1,RO,idf,0x0,0x0,0x0,RO,IDF v5.5.3 soc/esp32c3/register/soc/spi_reg.h:1154,
spi2,SPI_DMA_INT_ST,0x040,SPI_SLV_EN_QPI_INT_ST,3,1,RO,idf,0x0,0x0,0x0,RO,IDF v5.5.3 soc/esp32c3/register/soc/spi_reg.h:1148,
spi2,SPI_DMA_INT_ST,0x040,SPI_SLV_CMD7_INT_ST,4,1,RO,idf,0x0,0x0,0x0,RO,IDF v5.5.3 soc/esp32c3/register/soc/spi_reg.h:1142,
spi2,SPI_DMA_INT_ST,0x040,SPI_SLV_CMD8_INT_ST,5,1,RO,idf,0x0,0x0,0x0,RO,IDF v5.5.3 soc/esp32c3/register/soc/spi_reg.h:1136,
spi2,SPI_DMA_INT_ST,0x040,SPI_SLV_CMD9_INT_ST,6,1,RO,idf,0x0,0x0,0x0,RO,IDF v5.5.3 soc/esp32c3/register/soc/spi_reg.h:1130,
spi2,SPI_DMA_INT_ST,0x040,SPI_SLV_CMDA_INT_ST,7,1,RO,idf,0x0,0x0,0x0,RO,IDF v5.5.3 soc/esp32c3/register/soc/spi_reg.h:1124,
spi2,SPI_DMA_INT_ST,0x040,SPI_SLV_RD_DMA_DONE_INT_ST,8,1,RO,idf,0x0,0x0,0x0,RO,IDF v5.5.3 soc/esp32c3/register/soc/spi_reg.h:1118,
spi2,SPI_DMA_INT_ST,0x040,SPI_SLV_WR_DMA_DONE_INT_ST,9,1,RO,idf,0x0,0x0,0x0,RO,IDF v5.5.3 soc/esp32c3/register/soc/spi_reg.h:1112,
spi2,SPI_DMA_INT_ST,0x040,SPI_SLV_RD_BUF_DONE_INT_ST,10,1,RO,idf,0x0,0x0,0x0,RO,IDF v5.5.3 soc/esp32c3/register/soc/spi_reg.h:1106,
spi2,SPI_DMA_INT_ST,0x040,SPI_SLV_WR_BUF_DONE_INT_ST,11,1,RO,idf,0x0,0x0,0x0,RO,IDF v5.5.3 soc/esp32c3/register/soc/spi_reg.h:1100,
spi2,SPI_DMA_INT_ST,0x040,SPI_TRANS_DONE_INT_ST,12,1,RO,idf,0x0,0x0,0x0,RO,IDF v5.5.3 soc/esp32c3/register/soc/spi_reg.h:1094,
spi2,SPI_DMA_INT_ST,0x040,SPI_DMA_SEG_TRANS_DONE_INT_ST,13,1,RO,idf,0x0,0x0,0x0,RO,IDF v5.5.3 soc/esp32c3/register/soc/spi_reg.h:1088,
spi2,SPI_DMA_INT_ST,0x040,SPI_SEG_MAGIC_ERR_INT_ST,14,1,RO,idf,0x0,0x0,0x0,RO,IDF v5.5.3 soc/esp32c3/register/soc/spi_reg.h:1082,
spi2,SPI_DMA_INT_ST,0x040,SPI_SLV_BUF_ADDR_ERR_INT_ST,15,1,RO,idf,0x0,0x0,0x0,RO,IDF v5.5.3 soc/esp32c3/register/soc/spi_reg.h:1076,
spi2,SPI_DMA_INT_ST,0x040,SPI_SLV_CMD_ERR_INT_ST,16,1,RO,idf,0x0,0x0,0x0,RO,IDF v5.5.3 soc/esp32c3/register/soc/spi_reg.h:1070,
spi2,SPI_DMA_INT_ST,0x040,SPI_MST_RX_AFIFO_WFULL_ERR_INT_ST,17,1,RO,idf,0x0,0x0,0x0,RO,IDF v5.5.3 soc/esp32c3/register/soc/spi_reg.h:1064,
spi2,SPI_DMA_INT_ST,0x040,SPI_MST_TX_AFIFO_REMPTY_ERR_INT_ST,18,1,RO,idf,0x0,0x0,0x0,RO,IDF v5.5.3 soc/esp32c3/register/soc/spi_reg.h:1058,
spi2,SPI_DMA_INT_ST,0x040,SPI_APP2_INT_ST,19,1,RO,idf,0x0,0x0,0x0,RO,IDF v5.5.3 soc/esp32c3/register/soc/spi_reg.h:1052,
spi2,SPI_DMA_INT_ST,0x040,SPI_APP1_INT_ST,20,1,RO,idf,0x0,0x0,0x0,RO,IDF v5.5.3 soc/esp32c3/register/soc/spi_reg.h:1046,
spi2,SPI_W0,0x098,SPI_BUF0,0,32,RW,UNVERIFIED,0x0,0x0,0x0,R/W/SS,IDF v5.5.3 soc/esp32c3/register/soc/spi_reg.h:1174,SS (hardware sets the field) is not modeled by the access type
spi2,SPI_W1,0x09C,SPI_BUF1,0,32,RW,UNVERIFIED,0x0,0x0,0x0,R/W/SS,IDF v5.5.3 soc/esp32c3/register/soc/spi_reg.h:1182,SS (hardware sets the field) is not modeled by the access type
spi2,SPI_W2,0x0A0,SPI_BUF2,0,32,RW,UNVERIFIED,0x0,0x0,0x0,R/W/SS,IDF v5.5.3 soc/esp32c3/register/soc/spi_reg.h:1190,SS (hardware sets the field) is not modeled by the access type
spi2,SPI_W3,0x0A4,SPI_BUF3,0,32,RW,UNVERIFIED,0x0,0x0,0x0,R/W/SS,IDF v5.5.3 soc/esp32c3/register/soc/spi_reg.h:1198,SS (hardware sets the field) is not modeled by the access type
spi2,SPI_W4,0x0A8,SPI_BUF4,0,32,RW,UNVERIFIED,0x0,0x0,0x0,R/W/SS,IDF v5.5.3 soc/esp32c3/register/soc/spi_reg.h:1206,SS (hardware sets the field) is not modeled by the access type
spi2,SPI_W5,0x0AC,SPI_BUF5,0,32,RW,UNVERIFIED,0x0,0x0,0x0,R/W/SS,IDF v5.5.3 soc/esp32c3/register/soc/spi_reg.h:1214,SS (hardware sets the field) is not modeled by the access type
spi2,SPI_W6,0x0B0,SPI_BUF6,0,32,RW,UNVERIFIED,0x0,0x0,0x0,R/W/SS,IDF v5.5.3 soc/esp32c3/register/soc/spi_reg.h:1222,SS (hardware sets the field) is not modeled by the access type
spi2,SPI_W7,0x0B4,SPI_BUF7,0,32,RW,UNVERIFIED,0x0,0x0,0x0,R/W/SS,IDF v5.5.3 soc/esp32c3/register/soc/spi_reg.h:1230,SS (hardware sets the field) is not modeled by the access type
spi2,SPI_W8,0x0B8,SPI_BUF8,0,32,RW,UNVERIFIED,0x0,0x0,0x0,R/W/SS,IDF v5.5.3 soc/esp32c3/register/soc/spi_reg.h:1238,SS (hardware sets the field) is not modeled by the access type
spi2,SPI_W9,0x0BC,SPI_BUF9,0,32,RW,UNVERIFIED,0x0,0x0,0x0,R/W/SS,IDF v5.5.3 soc/esp32c3/register/soc/spi_reg.h:1246,SS (hardware sets the field) is not modeled by the access type
spi2,SPI_W10,0x0C0,SPI_BUF10,0,32,RW,UNVERIFIED,0x0,0x0,0x0,R/W/SS,IDF v5.5.3 soc/esp32c3/register/soc/spi_reg.h:1254,SS (hardware sets the field) is not modeled by the access type
spi2,SPI_W11,0x0C4,SPI_BUF11,0,32,RW,UNVERIFIED,0x0,0x0,0x0,R/W/SS,IDF v5.5.3 soc/esp32c3/register/soc/spi_reg.h:1262,SS (hardware sets the field) is not modeled by the access type
spi2,SPI_W12,0x0C8,SPI_BUF12,0,32,RW,UNVERIFIED,0x0,0x0,0x0,R/W/SS,IDF v5.5.3 soc/esp32c3/register/soc/spi_reg.h:1270,SS (hardware sets the field) is not modeled by the access type
spi2,SPI_W13,0x0CC,SPI_BUF13,0,32,RW,UNVERIFIED,0x0,0x0,0x0,R/W/SS,IDF v5.5.3 soc/esp32c3/register/soc/spi_reg.h:1278,SS (hardware sets the field) is not modeled by the access type
spi2,SPI_W14,0x0D0,SPI_BUF14,0,32,RW,UNVERIFIED,0x0,0x0,0x0,R/W/SS,IDF v5.5.3 soc/esp32c3/register/soc/spi_reg.h:1286,SS (hardware sets the field) is not modeled by the access type
spi2,SPI_W15,0x0D4,SPI_BUF15,0,32,RW,UNVERIFIED,0x0,0x0,0x0,R/W/SS,IDF v5.5.3 soc/esp32c3/register/soc/spi_reg.h:1294,SS (hardware sets the field) is not modeled by the access type
spi2,SPI_SLAVE,0x0E0,SPI_CLK_MODE,0,2,RW,idf,0x0,0x0,0x0,R/W,IDF v5.5.3 soc/esp32c3/register/soc/spi_reg.h:1370,
spi2,SPI_SLAVE,0x0E0,SPI_CLK_MODE_13,2,1,RW,idf,0x0,0x0,0x0,R/W,IDF v5.5.3 soc/esp32c3/register/soc/spi_reg.h:1363,
spi2,SPI_SLAVE,0x0E0,SPI_RSCK_DATA_OUT,3,1,RW,idf,0x0,0x0,0x0,R/W,IDF v5.5.3 soc/esp32c3/register/soc/spi_reg.h:1356,
spi2,SPI_SLAVE,0x0E0,SPI_SLV_RDDMA_BITLEN_EN,8,1,RW,idf,0x0,0x0,0x0,R/W,IDF v5.5.3 soc/esp32c3/register/soc/spi_reg.h:1349,
spi2,SPI_SLAVE,0x0E0,SPI_SLV_WRDMA_BITLEN_EN,9,1,RW,idf,0x0,0x0,0x0,R/W,IDF v5.5.3 soc/esp32c3/register/soc/spi_reg.h:1342,
spi2,SPI_SLAVE,0x0E0,SPI_SLV_RDBUF_BITLEN_EN,10,1,RW,idf,0x0,0x0,0x0,R/W,IDF v5.5.3 soc/esp32c3/register/soc/spi_reg.h:1335,
spi2,SPI_SLAVE,0x0E0,SPI_SLV_WRBUF_BITLEN_EN,11,1,RW,idf,0x0,0x0,0x0,R/W,IDF v5.5.3 soc/esp32c3/register/soc/spi_reg.h:1328,
spi2,SPI_SLAVE,0x0E0,SPI_DMA_SEG_MAGIC_VALUE,22,4,RW,idf,0xA,0xA,0xA,R/W,IDF v5.5.3 soc/esp32c3/register/soc/spi_reg.h:1322,
spi2,SPI_SLAVE,0x0E0,SPI_SLAVE_MODE,26,1,RW,idf,0x0,0x0,0x0,R/W,IDF v5.5.3 soc/esp32c3/register/soc/spi_reg.h:1316,
spi2,SPI_SLAVE,0x0E0,SPI_SOFT_RESET,27,1,WT,idf,0x0,0x0,0x0,WT,IDF v5.5.3 soc/esp32c3/register/soc/spi_reg.h:1309,
spi2,SPI_SLAVE,0x0E0,SPI_USR_CONF,28,1,RW,idf,0x0,0x0,0x0,R/W,IDF v5.5.3 soc/esp32c3/register/soc/spi_reg.h:1302,
spi2,SPI_SLAVE1,0x0E4,SPI_SLV_DATA_BITLEN,0,18,RW,UNVERIFIED,0x0,0x0,0x0,R/W/SS,IDF v5.5.3 soc/esp32c3/register/soc/spi_reg.h:1392,SS (hardware sets the field) is not modeled by the access type
spi2,SPI_SLAVE1,0x0E4,SPI_SLV_LAST_COMMAND,18,8,RW,UNVERIFIED,0x0,0x0,0x0,R/W/SS,IDF v5.5.3 soc/esp32c3/register/soc/spi_reg.h:1386,SS (hardware sets the field) is not modeled by the access type
spi2,SPI_SLAVE1,0x0E4,SPI_SLV_LAST_ADDR,26,6,RW,UNVERIFIED,0x0,0x0,0x0,R/W/SS,IDF v5.5.3 soc/esp32c3/register/soc/spi_reg.h:1380,SS (hardware sets the field) is not modeled by the access type
spi2,SPI_CLK_GATE,0x0E8,SPI_CLK_EN,0,1,RW,idf,0x0,0x0,0x0,R/W,IDF v5.5.3 soc/esp32c3/register/soc/spi_reg.h:1413,
spi2,SPI_CLK_GATE,0x0E8,SPI_MST_CLK_ACTIVE,1,1,RW,idf,0x0,0x0,0x0,R/W,IDF v5.5.3 soc/esp32c3/register/soc/spi_reg.h:1407,
spi2,SPI_CLK_GATE,0x0E8,SPI_MST_CLK_SEL,2,1,RW,idf,0x0,0x0,0x0,R/W,IDF v5.5.3 soc/esp32c3/register/soc/spi_reg.h:1400,
spi2,SPI_DATE,0x0F0,SPI_DATE,0,28,RW,idf,0x2007220,0x2007220,0x2007220,R/W,IDF v5.5.3 soc/esp32c3/register/soc/spi_reg.h:1421,
apb_ctrl,SYSCON_SYSCLK_CONF,0x000,SYSCON_PRE_DIV_CNT,0,10,RW,idf,0x1,0x1,0x1,R/W,IDF v5.5.3 soc/esp32c3/register/soc/syscon_reg.h:33,
apb_ctrl,SYSCON_SYSCLK_CONF,0x000,SYSCON_CLK_320M_EN,10,1,RW,idf,0x0,0x0,0x0,R/W,IDF v5.5.3 soc/esp32c3/register/soc/syscon_reg.h:27,
apb_ctrl,SYSCON_SYSCLK_CONF,0x000,SYSCON_CLK_EN,11,1,RW,idf,0x0,0x0,0x0,R/W,IDF v5.5.3 soc/esp32c3/register/soc/syscon_reg.h:21,
apb_ctrl,SYSCON_SYSCLK_CONF,0x000,SYSCON_RST_TICK_CNT,12,1,RW,idf,0x0,0x0,0x0,R/W,IDF v5.5.3 soc/esp32c3/register/soc/syscon_reg.h:15,
apb_ctrl,SYSCON_TICK_CONF,0x004,SYSCON_XTAL_TICK_NUM,0,8,RW,idf,0x27,0x27,0x27,R/W,IDF v5.5.3 soc/esp32c3/register/soc/syscon_reg.h:53,
apb_ctrl,SYSCON_TICK_CONF,0x004,SYSCON_CK8M_TICK_NUM,8,8,RW,idf,0x7,0x7,0x7,R/W,IDF v5.5.3 soc/esp32c3/register/soc/syscon_reg.h:47,
apb_ctrl,SYSCON_TICK_CONF,0x004,SYSCON_TICK_ENABLE,16,1,RW,idf,0x1,0x1,0x1,R/W,IDF v5.5.3 soc/esp32c3/register/soc/syscon_reg.h:41,
apb_ctrl,SYSCON_CLK_OUT_EN,0x008,SYSCON_CLK20_OEN,0,1,RW,idf,0x1,0x1,0x1,R/W,IDF v5.5.3 soc/esp32c3/register/soc/syscon_reg.h:121,
apb_ctrl,SYSCON_CLK_OUT_EN,0x008,SYSCON_CLK22_OEN,1,1,RW,idf,0x1,0x1,0x1,R/W,IDF v5.5.3 soc/esp32c3/register/soc/syscon_reg.h:115,
apb_ctrl,SYSCON_CLK_OUT_EN,0x008,SYSCON_CLK44_OEN,2,1,RW,idf,0x1,0x1,0x1,R/W,IDF v5.5.3 soc/esp32c3/register/soc/syscon_reg.h:109,
apb_ctrl,SYSCON_CLK_OUT_EN,0x008,SYSCON_CLK_BB_OEN,3,1,RW,idf,0x1,0x1,0x1,R/W,IDF v5.5.3 soc/esp32c3/register/soc/syscon_reg.h:103,
apb_ctrl,SYSCON_CLK_OUT_EN,0x008,SYSCON_CLK80_OEN,4,1,RW,idf,0x1,0x1,0x1,R/W,IDF v5.5.3 soc/esp32c3/register/soc/syscon_reg.h:97,
apb_ctrl,SYSCON_CLK_OUT_EN,0x008,SYSCON_CLK160_OEN,5,1,RW,idf,0x1,0x1,0x1,R/W,IDF v5.5.3 soc/esp32c3/register/soc/syscon_reg.h:91,
apb_ctrl,SYSCON_CLK_OUT_EN,0x008,SYSCON_CLK_320M_OEN,6,1,RW,idf,0x1,0x1,0x1,R/W,IDF v5.5.3 soc/esp32c3/register/soc/syscon_reg.h:85,
apb_ctrl,SYSCON_CLK_OUT_EN,0x008,SYSCON_CLK_ADC_INF_OEN,7,1,RW,idf,0x1,0x1,0x1,R/W,IDF v5.5.3 soc/esp32c3/register/soc/syscon_reg.h:79,
apb_ctrl,SYSCON_CLK_OUT_EN,0x008,SYSCON_CLK_DAC_CPU_OEN,8,1,RW,idf,0x1,0x1,0x1,R/W,IDF v5.5.3 soc/esp32c3/register/soc/syscon_reg.h:73,
apb_ctrl,SYSCON_CLK_OUT_EN,0x008,SYSCON_CLK40X_BB_OEN,9,1,RW,idf,0x1,0x1,0x1,R/W,IDF v5.5.3 soc/esp32c3/register/soc/syscon_reg.h:67,
apb_ctrl,SYSCON_CLK_OUT_EN,0x008,SYSCON_CLK_XTAL_OEN,10,1,RW,idf,0x1,0x1,0x1,R/W,IDF v5.5.3 soc/esp32c3/register/soc/syscon_reg.h:61,
apb_ctrl,SYSCON_WIFI_BB_CFG,0x00C,SYSCON_WIFI_BB_CFG,0,32,RW,idf,0x0,0x0,0x0,R/W,IDF v5.5.3 soc/esp32c3/register/soc/syscon_reg.h:129,
apb_ctrl,SYSCON_WIFI_BB_CFG_2,0x010,SYSCON_WIFI_BB_CFG_2,0,32,RW,idf,0x0,0x0,0x0,R/W,IDF v5.5.3 soc/esp32c3/register/soc/syscon_reg.h:137,
apb_ctrl,SYSCON_WIFI_CLK_EN,0x014,SYSCON_WIFI_CLK_EN,0,32,RW,idf,0xFFFCE030,0xFFFCE030,0xFFFCE030,R/W,IDF v5.5.3 soc/esp32c3/register/soc/syscon_reg.h:145,
apb_ctrl,SYSCON_WIFI_RST_EN,0x018,SYSCON_WIFI_RST,0,32,RW,idf,0x0,0x0,0x0,R/W,IDF v5.5.3 soc/esp32c3/register/soc/syscon_reg.h:153,
apb_ctrl,SYSCON_HOST_INF_SEL,0x01C,SYSCON_PERI_IO_SWAP,0,8,RW,idf,0x0,0x0,0x0,R/W,IDF v5.5.3 soc/esp32c3/register/soc/syscon_reg.h:225,
apb_ctrl,SYSCON_EXT_MEM_PMS_LOCK,0x020,SYSCON_EXT_MEM_PMS_LOCK,0,1,RW,idf,0x0,0x0,0x0,R/W,IDF v5.5.3 soc/esp32c3/register/soc/syscon_reg.h:233,
apb_ctrl,SYSCON_FLASH_ACE0_ATTR,0x028,SYSCON_FLASH_ACE0_ATTR,0,2,RW,idf,0x3,0x3,0x3,R/W,IDF v5.5.3 soc/esp32c3/register/soc/syscon_reg.h:241,
apb_ctrl,SYSCON_FLASH_ACE1_ATTR,0x02C,SYSCON_FLASH_ACE1_ATTR,0,2,RW,idf,0x3,0x3,0x3,R/W,IDF v5.5.3 soc/esp32c3/register/soc/syscon_reg.h:249,
apb_ctrl,SYSCON_FLASH_ACE2_ATTR,0x030,SYSCON_FLASH_ACE2_ATTR,0,2,RW,idf,0x3,0x3,0x3,R/W,IDF v5.5.3 soc/esp32c3/register/soc/syscon_reg.h:257,
apb_ctrl,SYSCON_FLASH_ACE3_ATTR,0x034,SYSCON_FLASH_ACE3_ATTR,0,2,RW,idf,0x3,0x3,0x3,R/W,IDF v5.5.3 soc/esp32c3/register/soc/syscon_reg.h:265,
apb_ctrl,SYSCON_FLASH_ACE0_ADDR,0x038,SYSCON_FLASH_ACE0_ADDR_S,0,32,RW,idf,0x0,0x0,0x0,R/W,IDF v5.5.3 soc/esp32c3/register/soc/syscon_reg.h:273,
apb_ctrl,SYSCON_FLASH_ACE1_ADDR,0x03C,SYSCON_FLASH_ACE1_ADDR_S,0,32,RW,idf,0x400000,0x400000,0x400000,R/W,IDF v5.5.3 soc/esp32c3/register/soc/syscon_reg.h:281,
apb_ctrl,SYSCON_FLASH_ACE2_ADDR,0x040,SYSCON_FLASH_ACE2_ADDR_S,0,32,RW,idf,0x800000,0x800000,0x800000,R/W,IDF v5.5.3 soc/esp32c3/register/soc/syscon_reg.h:289,
apb_ctrl,SYSCON_FLASH_ACE3_ADDR,0x044,SYSCON_FLASH_ACE3_ADDR_S,0,32,RW,idf,0xC00000,0xC00000,0xC00000,R/W,IDF v5.5.3 soc/esp32c3/register/soc/syscon_reg.h:297,
apb_ctrl,SYSCON_FLASH_ACE0_SIZE,0x048,SYSCON_FLASH_ACE0_SIZE,0,13,RW,idf,0x400,0x400,0x400,R/W,IDF v5.5.3 soc/esp32c3/register/soc/syscon_reg.h:305,
apb_ctrl,SYSCON_FLASH_ACE1_SIZE,0x04C,SYSCON_FLASH_ACE1_SIZE,0,13,RW,idf,0x400,0x400,0x400,R/W,IDF v5.5.3 soc/esp32c3/register/soc/syscon_reg.h:313,
apb_ctrl,SYSCON_FLASH_ACE2_SIZE,0x050,SYSCON_FLASH_ACE2_SIZE,0,13,RW,idf,0x400,0x400,0x400,R/W,IDF v5.5.3 soc/esp32c3/register/soc/syscon_reg.h:321,
apb_ctrl,SYSCON_FLASH_ACE3_SIZE,0x054,SYSCON_FLASH_ACE3_SIZE,0,13,RW,idf,0x400,0x400,0x400,R/W,IDF v5.5.3 soc/esp32c3/register/soc/syscon_reg.h:329,
apb_ctrl,SYSCON_SPI_MEM_PMS_CTRL,0x088,SYSCON_SPI_MEM_REJECT_INT,0,1,RO,idf,0x0,0x0,0x0,RO,IDF v5.5.3 soc/esp32c3/register/soc/syscon_reg.h:349,
apb_ctrl,SYSCON_SPI_MEM_PMS_CTRL,0x088,SYSCON_SPI_MEM_REJECT_CLR,1,1,WO,UNVERIFIED,0x0,0x0,0x0,WOD,IDF v5.5.3 soc/esp32c3/register/soc/syscon_reg.h:343,WOD is not in the TRM glossary; read as WO
apb_ctrl,SYSCON_SPI_MEM_PMS_CTRL,0x088,SYSCON_SPI_MEM_REJECT_CDE,2,5,RO,idf,0x0,0x0,0x0,RO,IDF v5.5.3 soc/esp32c3/register/soc/syscon_reg.h:337,
apb_ctrl,SYSCON_SPI_MEM_REJECT_ADDR,0x08C,SYSCON_SPI_MEM_REJECT_ADDR,0,32,RO,idf,0x0,0x0,0x0,RO,IDF v5.5.3 soc/esp32c3/register/soc/syscon_reg.h:357,
apb_ctrl,SYSCON_SDIO_CTRL,0x090,SYSCON_SDIO_WIN_ACCESS_EN,0,1,RW,idf,0x0,0x0,0x0,R/W,IDF v5.5.3 soc/esp32c3/register/soc/syscon_reg.h:365,
apb_ctrl,SYSCON_REDCY_SIG0,0x094,SYSCON_REDCY_SIG0,0,31,RW,idf,0x0,0x0,0x0,R/W,IDF v5.5.3 soc/esp32c3/register/soc/syscon_reg.h:379,
apb_ctrl,SYSCON_REDCY_SIG0,0x094,SYSCON_REDCY_ANDOR,31,1,RO,idf,0x0,0x0,0x0,RO,IDF v5.5.3 soc/esp32c3/register/soc/syscon_reg.h:373,
apb_ctrl,SYSCON_REDCY_SIG1,0x098,SYSCON_REDCY_SIG1,0,31,RW,idf,0x0,0x0,0x0,R/W,IDF v5.5.3 soc/esp32c3/register/soc/syscon_reg.h:393,
apb_ctrl,SYSCON_REDCY_SIG1,0x098,SYSCON_REDCY_NANDOR,31,1,RO,idf,0x0,0x0,0x0,RO,IDF v5.5.3 soc/esp32c3/register/soc/syscon_reg.h:387,
apb_ctrl,SYSCON_FRONT_END_MEM_PD,0x09C,SYSCON_AGC_MEM_FORCE_PU,0,1,RW,idf,0x1,0x1,0x1,R/W,IDF v5.5.3 soc/esp32c3/register/soc/syscon_reg.h:431,
apb_ctrl,SYSCON_FRONT_END_MEM_PD,0x09C,SYSCON_AGC_MEM_FORCE_PD,1,1,RW,idf,0x0,0x0,0x0,R/W,IDF v5.5.3 soc/esp32c3/register/soc/syscon_reg.h:425,
apb_ctrl,SYSCON_FRONT_END_MEM_PD,0x09C,SYSCON_PBUS_MEM_FORCE_PU,2,1,RW,idf,0x1,0x1,0x1,R/W,IDF v5.5.3 soc/esp32c3/register/soc/syscon_reg.h:419,
apb_ctrl,SYSCON_FRONT_END_MEM_PD,0x09C,SYSCON_PBUS_MEM_FORCE_PD,3,1,RW,idf,0x0,0x0,0x0,R/W,IDF v5.5.3 soc/esp32c3/register/soc/syscon_reg.h:413,
apb_ctrl,SYSCON_FRONT_END_MEM_PD,0x09C,SYSCON_DC_MEM_FORCE_PU,4,1,RW,idf,0x1,0x1,0x1,R/W,IDF v5.5.3 soc/esp32c3/register/soc/syscon_reg.h:407,
apb_ctrl,SYSCON_FRONT_END_MEM_PD,0x09C,SYSCON_DC_MEM_FORCE_PD,5,1,RW,idf,0x0,0x0,0x0,R/W,IDF v5.5.3 soc/esp32c3/register/soc/syscon_reg.h:401,
apb_ctrl,SYSCON_RETENTION_CTRL,0x0A0,SYSCON_RETENTION_LINK_ADDR,0,27,RW,idf,0x0,0x0,0x0,R/W,IDF v5.5.3 soc/esp32c3/register/soc/syscon_reg.h:445,
apb_ctrl,SYSCON_RETENTION_CTRL,0x0A0,SYSCON_NOBYPASS_CPU_ISO_RST,27,1,RW,idf,0x0,0x0,0x0,R/W,IDF v5.5.3 soc/esp32c3/register/soc/syscon_reg.h:439,
apb_ctrl,SYSCON_CLKGATE_FORCE_ON,0x0A4,SYSCON_ROM_CLKGATE_FORCE_ON,0,2,RW,idf,0x3,0x3,0x3,R/W,IDF v5.5.3 soc/esp32c3/register/soc/syscon_reg.h:459,
apb_ctrl,SYSCON_CLKGATE_FORCE_ON,0x0A4,SYSCON_SRAM_CLKGATE_FORCE_ON,2,4,RW,idf,0xF,0xF,0xF,R/W,IDF v5.5.3 soc/esp32c3/register/soc/syscon_reg.h:453,
apb_ctrl,SYSCON_MEM_POWER_DOWN,0x0A8,SYSCON_ROM_POWER_DOWN,0,2,RW,idf,0x0,0x0,0x0,R/W,IDF v5.5.3 soc/esp32c3/register/soc/syscon_reg.h:473,
apb_ctrl,SYSCON_MEM_POWER_DOWN,0x0A8,SYSCON_SRAM_POWER_DOWN,2,4,RW,idf,0x0,0x0,0x0,R/W,IDF v5.5.3 soc/esp32c3/register/soc/syscon_reg.h:467,
apb_ctrl,SYSCON_MEM_POWER_UP,0x0AC,SYSCON_ROM_POWER_UP,0,2,RW,idf,0x3,0x3,0x3,R/W,IDF v5.5.3 soc/esp32c3/register/soc/syscon_reg.h:487,
apb_ctrl,SYSCON_MEM_POWER_UP,0x0AC,SYSCON_SRAM_POWER_UP,2,4,RW,idf,0xF,0xF,0xF,R/W,IDF v5.5.3 soc/esp32c3/register/soc/syscon_reg.h:481,
apb_ctrl,SYSCON_RND_DATA,0x0B0,SYSCON_RND_DATA,0,32,RO,idf,0x0,0x0,0x0,RO,IDF v5.5.3 soc/esp32c3/register/soc/syscon_reg.h:495,
apb_ctrl,SYSCON_PERI_BACKUP_CONFIG,0x0B4,SYSCON_PERI_BACKUP_FLOW_ERR,1,2,RO,idf,0x0,0x0,0x0,RO,IDF v5.5.3 soc/esp32c3/register/soc/syscon_reg.h:541,
apb_ctrl,SYSCON_PERI_BACKUP_CONFIG,0x0B4,SYSCON_PERI_BACKUP_BURST_LIMIT,4,5,RW,idf,0x8,0x8,0x8,R/W,IDF v5.5.3 soc/esp32c3/register/soc/syscon_reg.h:535,
apb_ctrl,SYSCON_PERI_BACKUP_CONFIG,0x0B4,SYSCON_PERI_BACKUP_TOUT_THRES,9,10,RW,idf,0x32,0x32,0x32,R/W,IDF v5.5.3 soc/esp32c3/register/soc/syscon_reg.h:529,
apb_ctrl,SYSCON_PERI_BACKUP_CONFIG,0x0B4,SYSCON_PERI_BACKUP_SIZE,19,10,RW,idf,0x0,0x0,0x0,R/W,IDF v5.5.3 soc/esp32c3/register/soc/syscon_reg.h:523,
apb_ctrl,SYSCON_PERI_BACKUP_CONFIG,0x0B4,SYSCON_PERI_BACKUP_START,29,1,WO,idf,0x0,0x0,0x0,WO,IDF v5.5.3 soc/esp32c3/register/soc/syscon_reg.h:517,
apb_ctrl,SYSCON_PERI_BACKUP_CONFIG,0x0B4,SYSCON_PERI_BACKUP_TO_MEM,30,1,RW,idf,0x0,0x0,0x0,R/W,IDF v5.5.3 soc/esp32c3/register/soc/syscon_reg.h:511,
apb_ctrl,SYSCON_PERI_BACKUP_CONFIG,0x0B4,SYSCON_PERI_BACKUP_ENA,31,1,RW,idf,0x0,0x0,0x0,R/W,IDF v5.5.3 soc/esp32c3/register/soc/syscon_reg.h:505,
apb_ctrl,SYSCON_PERI_BACKUP_APB_ADDR,0x0B8,SYSCON_BACKUP_APB_START_ADDR,0,32,RW,idf,0x0,0x0,0x0,R/W,IDF v5.5.3 soc/esp32c3/register/soc/syscon_reg.h:549,
apb_ctrl,SYSCON_PERI_BACKUP_MEM_ADDR,0x0BC,SYSCON_BACKUP_MEM_START_ADDR,0,32,RW,idf,0x0,0x0,0x0,R/W,IDF v5.5.3 soc/esp32c3/register/soc/syscon_reg.h:557,
apb_ctrl,SYSCON_PERI_BACKUP_INT_RAW,0x0C0,SYSCON_PERI_BACKUP_DONE_INT_RAW,0,1,RO,idf,0x0,0x0,0x0,RO,IDF v5.5.3 soc/esp32c3/register/soc/syscon_reg.h:571,
apb_ctrl,SYSCON_PERI_BACKUP_INT_RAW,0x0C0,SYSCON_PERI_BACKUP_ERR_INT_RAW,1,1,RO,idf,0x0,0x0,0x0,RO,IDF v5.5.3 soc/esp32c3/register/soc/syscon_reg.h:565,
apb_ctrl,SYSCON_PERI_BACKUP_INT_ST,0x0C4,SYSCON_PERI_BACKUP_DONE_INT_ST,0,1,RO,idf,0x0,0x0,0x0,RO,IDF v5.5.3 soc/esp32c3/register/soc/syscon_reg.h:585,
apb_ctrl,SYSCON_PERI_BACKUP_INT_ST,0x0C4,SYSCON_PERI_BACKUP_ERR_INT_ST,1,1,RO,idf,0x0,0x0,0x0,RO,IDF v5.5.3 soc/esp32c3/register/soc/syscon_reg.h:579,
apb_ctrl,SYSCON_PERI_BACKUP_INT_ENA,0x0C8,SYSCON_PERI_BACKUP_DONE_INT_ENA,0,1,RW,idf,0x0,0x0,0x0,R/W,IDF v5.5.3 soc/esp32c3/register/soc/syscon_reg.h:599,
apb_ctrl,SYSCON_PERI_BACKUP_INT_ENA,0x0C8,SYSCON_PERI_BACKUP_ERR_INT_ENA,1,1,RW,idf,0x0,0x0,0x0,R/W,IDF v5.5.3 soc/esp32c3/register/soc/syscon_reg.h:593,
apb_ctrl,SYSCON_PERI_BACKUP_INT_CLR,0x0D0,SYSCON_PERI_BACKUP_DONE_INT_CLR,0,1,WO,idf,0x0,0x0,0x0,WO,IDF v5.5.3 soc/esp32c3/register/soc/syscon_reg.h:613,
apb_ctrl,SYSCON_PERI_BACKUP_INT_CLR,0x0D0,SYSCON_PERI_BACKUP_ERR_INT_CLR,1,1,WO,idf,0x0,0x0,0x0,WO,IDF v5.5.3 soc/esp32c3/register/soc/syscon_reg.h:607,
apb_ctrl,SYSCON_DATE,0x3FC,SYSCON_DATE,0,32,RW,idf,0x2007210,0x2007210,0x2007210,R/W,IDF v5.5.3 soc/esp32c3/register/soc/syscon_reg.h:621,
i2s0,I2S_INT_RAW,0x00C,I2S_RX_DONE_INT_RAW,0,1,RO,idf,0x0,0x0,0x0,RO,IDF v5.5.3 soc/esp32c3/register/soc/i2s_reg.h:33,
i2s0,I2S_INT_RAW,0x00C,I2S_TX_DONE_INT_RAW,1,1,RO,idf,0x0,0x0,0x0,RO,IDF v5.5.3 soc/esp32c3/register/soc/i2s_reg.h:27,
i2s0,I2S_INT_RAW,0x00C,I2S_RX_HUNG_INT_RAW,2,1,RO,idf,0x0,0x0,0x0,RO,IDF v5.5.3 soc/esp32c3/register/soc/i2s_reg.h:21,
i2s0,I2S_INT_RAW,0x00C,I2S_TX_HUNG_INT_RAW,3,1,RO,idf,0x0,0x0,0x0,RO,IDF v5.5.3 soc/esp32c3/register/soc/i2s_reg.h:15,
i2s0,I2S_INT_ST,0x010,I2S_RX_DONE_INT_ST,0,1,RO,idf,0x0,0x0,0x0,RO,IDF v5.5.3 soc/esp32c3/register/soc/i2s_reg.h:59,
i2s0,I2S_INT_ST,0x010,I2S_TX_DONE_INT_ST,1,1,RO,idf,0x0,0x0,0x0,RO,IDF v5.5.3 soc/esp32c3/register/soc/i2s_reg.h:53,
i2s0,I2S_INT_ST,0x010,I2S_RX_HUNG_INT_ST,2,1,RO,idf,0x0,0x0,0x0,RO,IDF v5.5.3 soc/esp32c3/register/soc/i2s_reg.h:47,
i2s0,I2S_INT_ST,0x010,I2S_TX_HUNG_INT_ST,3,1,RO,idf,0x0,0x0,0x0,RO,IDF v5.5.3 soc/esp32c3/register/soc/i2s_reg.h:41,
i2s0,I2S_INT_ENA,0x014,I2S_RX_DONE_INT_ENA,0,1,RW,idf,0x0,0x0,0x0,R/W,IDF v5.5.3 soc/esp32c3/register/soc/i2s_reg.h:85,
i2s0,I2S_INT_ENA,0x014,I2S_TX_DONE_INT_ENA,1,1,RW,idf,0x0,0x0,0x0,R/W,IDF v5.5.3 soc/esp32c3/register/soc/i2s_reg.h:79,
i2s0,I2S_INT_ENA,0x014,I2S_RX_HUNG_INT_ENA,2,1,RW,idf,0x0,0x0,0x0,R/W,IDF v5.5.3 soc/esp32c3/register/soc/i2s_reg.h:73,
i2s0,I2S_INT_ENA,0x014,I2S_TX_HUNG_INT_ENA,3,1,RW,idf,0x0,0x0,0x0,R/W,IDF v5.5.3 soc/esp32c3/register/soc/i2s_reg.h:67,
i2s0,I2S_INT_CLR,0x018,I2S_RX_DONE_INT_CLR,0,1,WO,idf,0x0,0x0,0x0,WO,IDF v5.5.3 soc/esp32c3/register/soc/i2s_reg.h:111,
i2s0,I2S_INT_CLR,0x018,I2S_TX_DONE_INT_CLR,1,1,WO,idf,0x0,0x0,0x0,WO,IDF v5.5.3 soc/esp32c3/register/soc/i2s_reg.h:105,
i2s0,I2S_INT_CLR,0x018,I2S_RX_HUNG_INT_CLR,2,1,WO,idf,0x0,0x0,0x0,WO,IDF v5.5.3 soc/esp32c3/register/soc/i2s_reg.h:99,
i2s0,I2S_INT_CLR,0x018,I2S_TX_HUNG_INT_CLR,3,1,WO,idf,0x0,0x0,0x0,WO,IDF v5.5.3 soc/esp32c3/register/soc/i2s_reg.h:93,
i2s0,I2S_RX_CONF,0x020,I2S_RX_RESET,0,1,WO,idf,0x0,0x0,0x0,WO,IDF v5.5.3 soc/esp32c3/register/soc/i2s_reg.h:222,
i2s0,I2S_RX_CONF,0x020,I2S_RX_FIFO_RESET,1,1,WO,idf,0x0,0x0,0x0,WO,IDF v5.5.3 soc/esp32c3/register/soc/i2s_reg.h:216,
i2s0,I2S_RX_CONF,0x020,I2S_RX_START,2,1,RW,idf,0x0,0x0,0x0,R/W,IDF v5.5.3 soc/esp32c3/register/soc/i2s_reg.h:210,
i2s0,I2S_RX_CONF,0x020,I2S_RX_SLAVE_MOD,3,1,RW,idf,0x0,0x0,0x0,R/W,IDF v5.5.3 soc/esp32c3/register/soc/i2s_reg.h:204,
i2s0,I2S_RX_CONF,0x020,I2S_RX_MONO,5,1,RW,idf,0x0,0x0,0x0,R/W,IDF v5.5.3 soc/esp32c3/register/soc/i2s_reg.h:198,
i2s0,I2S_RX_CONF,0x020,I2S_RX_BIG_ENDIAN,7,1,RW,idf,0x0,0x0,0x0,R/W,IDF v5.5.3 soc/esp32c3/register/soc/i2s_reg.h:191,
i2s0,I2S_RX_CONF,0x020,I2S_RX_UPDATE,8,1,RW,idf,0x0,0x0,0x0,R/W,IDF v5.5.3 soc/esp32c3/register/soc/i2s_reg.h:184,
i2s0,I2S_RX_CONF,0x020,I2S_RX_MONO_FST_VLD,9,1,RW,idf,0x1,0x1,0x1,R/W,IDF v5.5.3 soc/esp32c3/register/soc/i2s_reg.h:177,
i2s0,I2S_RX_CONF,0x020,I2S_RX_PCM_CONF,10,2,RW,idf,0x1,0x1,0x1,R/W,IDF v5.5.3 soc/esp32c3/register/soc/i2s_reg.h:170,
i2s0,I2S_RX_CONF,0x020,I2S_RX_PCM_BYPASS,12,1,RW,idf,0x1,0x1,0x1,R/W,IDF v5.5.3 soc/esp32c3/register/soc/i2s_reg.h:164,
i2s0,I2S_RX_CONF,0x020,I2S_RX_STOP_MODE,13,2,RW,idf,0x0,0x0,0x0,R/W,IDF v5.5.3 soc/esp32c3/register/soc/i2s_reg.h:157,
i2s0,I2S_RX_CONF,0x020,I2S_RX_LEFT_ALIGN,15,1,RW,idf,0x1,0x1,0x1,R/W,IDF v5.5.3 soc/esp32c3/register/soc/i2s_reg.h:151,
i2s0,I2S_RX_CONF,0x020,I2S_RX_24_FILL_EN,16,1,RW,idf,0x0,0x0,0x0,R/W,IDF v5.5.3 soc/esp32c3/register/soc/i2s_reg.h:145,
i2s0,I2S_RX_CONF,0x020,I2S_RX_WS_IDLE_POL,17,1,RW,idf,0x0,0x0,0x0,R/W,IDF v5.5.3 soc/esp32c3/register/soc/i2s_reg.h:138,
i2s0,I2S_RX_CONF,0x020,I2S_RX_BIT_ORDER,18,1,RW,idf,0x0,0x0,0x0,R/W,IDF v5.5.3 soc/esp32c3/register/soc/i2s_reg.h:131,
i2s0,I2S_RX_CONF,0x020,I2S_RX_TDM_EN,19,1,RW,idf,0x0,0x0,0x0,R/W,IDF v5.5.3 soc/esp32c3/register/soc/i2s_reg.h:125,
i2s0,I2S_RX_CONF,0x020,I2S_RX_PDM_EN,20,1,RW,idf,0x0,0x0,0x0,R/W,IDF v5.5.3 soc/esp32c3/register/soc/i2s_reg.h:119,
i2s0,I2S_TX_CONF,0x024,I2S_TX_RESET,0,1,WO,idf,0x0,0x0,0x0,WO,IDF v5.5.3 soc/esp32c3/register/soc/i2s_reg.h:353,
i2s0,I2S_TX_CONF,0x024,I2S_TX_FIFO_RESET,1,1,WO,idf,0x0,0x0,0x0,WO,IDF v5.5.3 soc/esp32c3/register/soc/i2s_reg.h:347,
i2s0,I2S_TX_CONF,0x024,I2S_TX_START,2,1,RW,idf,0x0,0x0,0x0,R/W,IDF v5.5.3 soc/esp32c3/register/soc/i2s_reg.h:341,
i2s0,I2S_TX_CONF,0x024,I2S_TX_SLAVE_MOD,3,1,RW,idf,0x0,0x0,0x0,R/W,IDF v5.5.3 soc/esp32c3/register/soc/i2s_reg.h:335,
i2s0,I2S_TX_CONF,0x024,I2S_TX_MONO,5,1,RW,idf,0x0,0x0,0x0,R/W,IDF v5.5.3 soc/esp32c3/register/soc/i2s_reg.h:329,
i2s0,I2S_TX_CONF,0x024,I2S_TX_CHAN_EQUAL,6,1,RW,idf,0x0,0x0,0x0,R/W,IDF v5.5.3 soc/esp32c3/register/soc/i2s_reg.h:322,
i2s0,I2S_TX_CONF,0x024,I2S_TX_BIG_ENDIAN,7,1,RW,idf,0x0,0x0,0x0,R/W,IDF v5.5.3 soc/esp32c3/register/soc/i2s_reg.h:315,
i2s0,I2S_TX_CONF,0x024,I2S_TX_UPDATE,8,1,RW,idf,0x0,0x0,0x0,R/W,IDF v5.5.3 soc/esp32c3/register/soc/i2s_reg.h:308,
i2s0,I2S_TX_CONF,0x024,I2S_TX_MONO_FST_VLD,9,1,RW,idf,0x1,0x1,0x1,R/W,IDF v5.5.3 soc/esp32c3/register/soc/i2s_reg.h:301,
i2s0,I2S_TX_CONF,0x024,I2S_TX_PCM_CONF,10,2,RW,idf,0x0,0x0,0x0,R/W,IDF v5.5.3 soc/esp32c3/register/soc/i2s_reg.h:294,
i2s0,I2S_TX_CONF,0x024,I2S_TX_PCM_BYPASS,12,1,RW,idf,0x1,0x1,0x1,R/W,IDF v5.5.3 soc/esp32c3/register/soc/i2s_reg.h:288,
i2s0,I2S_TX_CONF,0x024,I2S_TX_STOP_EN,13,1,RW,idf,0x1,0x1,0x1,R/W,IDF v5.5.3 soc/esp32c3/register/soc/i2s_reg.h:281,
i2s0,I2S_TX_CONF,0x024,I2S_TX_LEFT_ALIGN,15,1,RW,idf,0x1,0x1,0x1,R/W,IDF v5.5.3 soc/esp32c3/register/soc/i2s_reg.h:275,
i2s0,I2S_TX_CONF,0x024,I2S_TX_24_FILL_EN,16,1,RW,idf,0x0,0x0,0x0,R/W,IDF v5.5.3 soc/esp32c3/register/soc/i2s_reg.h:269,
i2s0,I2S_TX_CONF,0x024,I2S_TX_WS_IDLE_POL,17,1,RW,idf,0x0,0x0,0x0,R/W,IDF v5.5.3 soc/esp32c3/register/soc/i2s_reg.h:262,
i2s0,I2S_TX_CONF,0x024,I2S_TX_BIT_ORDER,18,1,RW,idf,0x0,0x0,0x0,R/W,IDF v5.5.3 soc/esp32c3/register/soc/i2s_reg.h:255,
i2s0,I2S_TX_CONF,0x024,I2S_TX_TDM_EN,19,1,RW,idf,0x0,0x0,0x0,R/W,IDF v5.5.3 soc/esp32c3/register/soc/i2s_reg.h:249,
i2s0,I2S_TX_CONF,0x024,I2S_TX_PDM_EN,20,1,RW,idf,0x0,0x0,0x0,R/W,IDF v5.5.3 soc/esp32c3/register/soc/i2s_reg.h:243,
i2s0,I2S_TX_CONF,0x024,I2S_TX_CHAN_MOD,24,3,RW,idf,0x0,0x0,0x0,R/W,IDF v5.5.3 soc/esp32c3/register/soc/i2s_reg.h:237,
i2s0,I2S_TX_CONF,0x024,I2S_SIG_LOOPBACK,27,1,RW,idf,0x0,0x0,0x0,R/W,IDF v5.5.3 soc/esp32c3/register/soc/i2s_reg.h:230,
i2s0,I2S_RX_CONF1,0x028,I2S_RX_TDM_WS_WIDTH,0,7,RW,idf,0x0,0x0,0x0,R/W,IDF v5.5.3 soc/esp32c3/register/soc/i2s_reg.h:391,
i2s0,I2S_RX_CONF1,0x028,I2S_RX_BCK_DIV_NUM,7,6,RW,idf,0x6,0x6,0x6,R/W,IDF v5.5.3 soc/esp32c3/register/soc/i2s_reg.h:385,
i2s0,I2S_RX_CONF1,0x028,I2S_RX_BITS_MOD,13,5,RW,idf,0xF,0xF,0xF,R/W,IDF v5.5.3 soc/esp32c3/register/soc/i2s_reg.h:379,
i2s0,I2S_RX_CONF1,0x028,I2S_RX_HALF_SAMPLE_BITS,18,6,RW,idf,0xF,0xF,0xF,R/W,IDF v5.5.3 soc/esp32c3/register/soc/i2s_reg.h:373,
i2s0,I2S_RX_CONF1,0x028,I2S_RX_TDM_CHAN_BITS,24,5,RW,idf,0xF,0xF,0xF,R/W,IDF v5.5.3 soc/esp32c3/register/soc/i2s_reg.h:367,
i2s0,I2S_RX_CONF1,0x028,I2S_RX_MSB_SHIFT,29,1,RW,idf,0x1,0x1,0x1,R/W,IDF v5.5.3 soc/esp32c3/register/soc/i2s_reg.h:361,
i2s0,I2S_TX_CONF1,0x02C,I2S_TX_TDM_WS_WIDTH,0,7,RW,idf,0x0,0x0,0x0,R/W,IDF v5.5.3 soc/esp32c3/register/soc/i2s_reg.h:429,
i2s0,I2S_TX_CONF1,0x02C,I2S_TX_BCK_DIV_NUM,7,6,RW,idf,0x6,0x6,0x6,R/W,IDF v5.5.3 soc/esp32c3/register/soc/i2s_reg.h:423,
i2s0,I2S_TX_CONF1,0x02C,I2S_TX_BITS_MOD,13,5,RW,idf,0xF,0xF,0xF,R/W,IDF v5.5.3 soc/esp32c3/register/soc/i2s_reg.h:417,
i2s0,I2S_TX_CONF1,0x02C,I2S_TX_HALF_SAMPLE_BITS,18,6,RW,idf,0xF,0xF,0xF,R/W,IDF v5.5.3 soc/esp32c3/register/soc/i2s_reg.h:411,
i2s0,I2S_TX_CONF1,0x02C,I2S_TX_TDM_CHAN_BITS,24,5,RW,idf,0xF,0xF,0xF,R/W,IDF v5.5.3 soc/esp32c3/register/soc/i2s_reg.h:405,
i2s0,I2S_TX_CONF1,0x02C,I2S_TX_MSB_SHIFT,29,1,RW,idf,0x1,0x1,0x1,R/W,IDF v5.5.3 soc/esp32c3/register/soc/i2s_reg.h:399,
i2s0,I2S_RX_CLKM_CONF,0x030,I2S_RX_CLKM_DIV_NUM,0,8,RW,idf,0x2,0x2,0x2,R/W,IDF v5.5.3 soc/esp32c3/register/soc/i2s_reg.h:457,
i2s0,I2S_RX_CLKM_CONF,0x030,I2S_RX_CLK_ACTIVE,26,1,RW,idf,0x0,0x0,0x0,R/W,IDF v5.5.3 soc/esp32c3/register/soc/i2s_reg.h:451,
i2s0,I2S_RX_CLKM_CONF,0x030,I2S_RX_CLK_SEL,27,2,RW,idf,0x0,0x0,0x0,R/W,IDF v5.5.3 soc/esp32c3/register/soc/i2s_reg.h:444,
i2s0,I2S_RX_CLKM_CONF,0x030,I2S_MCLK_SEL,29,1,RW,idf,0x0,0x0,0x0,R/W,IDF v5.5.3 soc/esp32c3/register/soc/i2s_reg.h:437,
i2s0,I2S_TX_CLKM_CONF,0x034,I2S_TX_CLKM_DIV_NUM,0,8,RW,idf,0x2,0x2,0x2,R/W,IDF v5.5.3 soc/esp32c3/register/soc/i2s_reg.h:484,
i2s0,I2S_TX_CLKM_CONF,0x034,I2S_TX_CLK_ACTIVE,26,1,RW,idf,0x0,0x0,0x0,R/W,IDF v5.5.3 soc/esp32c3/register/soc/i2s_reg.h:478,
i2s0,I2S_TX_CLKM_CONF,0x034,I2S_TX_CLK_SEL,27,2,RW,idf,0x0,0x0,0x0,R/W,IDF v5.5.3 soc/esp32c3/register/soc/i2s_reg.h:471,
i2s0,I2S_TX_CLKM_CONF,0x034,I2S_CLK_EN,29,1,RW,idf,0x0,0x0,0x0,R/W,IDF v5.5.3 soc/esp32c3/register/soc/i2s_reg.h:465,
i2s0,I2S_RX_CLKM_DIV_CONF,0x038,I2S_RX_CLKM_DIV_Z,0,9,RW,idf,0x0,0x0,0x0,R/W,IDF v5.5.3 soc/esp32c3/register/soc/i2s_reg.h:514,
i2s0,I2S_RX_CLKM_DIV_CONF,0x038,I2S_RX_CLKM_DIV_Y,9,9,RW,idf,0x1,0x1,0x1,R/W,IDF v5.5.3 soc/esp32c3/register/soc/i2s_reg.h:507,
i2s0,I2S_RX_CLKM_DIV_CONF,0x038,I2S_RX_CLKM_DIV_X,18,9,RW,idf,0x0,0x0,0x0,R/W,IDF v5.5.3 soc/esp32c3/register/soc/i2s_reg.h:500,
i2s0,I2S_RX_CLKM_DIV_CONF,0x038,I2S_RX_CLKM_DIV_YN1,27,1,RW,idf,0x0,0x0,0x0,R/W,IDF v5.5.3 soc/esp32c3/register/soc/i2s_reg.h:493,
i2s0,I2S_TX_CLKM_DIV_CONF,0x03C,I2S_TX_CLKM_DIV_Z,0,9,RW,idf,0x0,0x0,0x0,R/W,IDF v5.5.3 soc/esp32c3/register/soc/i2s_reg.h:544,
i2s0,I2S_TX_CLKM_DIV_CONF,0x03C,I2S_TX_CLKM_DIV_Y,9,9,RW,idf,0x1,0x1,0x1,R/W,IDF v5.5.3 soc/esp32c3/register/soc/i2s_reg.h:537,
i2s0,I2S_TX_CLKM_DIV_CONF,0x03C,I2S_TX_CLKM_DIV_X,18,9,RW,idf,0x0,0x0,0x0,R/W,IDF v5.5.3 soc/esp32c3/register/soc/i2s_reg.h:530,
i2s0,I2S_TX_CLKM_DIV_CONF,0x03C,I2S_TX_CLKM_DIV_YN1,27,1,RW,idf,0x0,0x0,0x0,R/W,IDF v5.5.3 soc/esp32c3/register/soc/i2s_reg.h:523,
i2s0,I2S_TX_PCM2PDM_CONF,0x040,I2S_TX_PDM_HP_BYPASS,0,1,RW,idf,0x0,0x0,0x0,R/W,IDF v5.5.3 soc/esp32c3/register/soc/i2s_reg.h:619,
i2s0,I2S_TX_PCM2PDM_CONF,0x040,I2S_TX_PDM_SINC_OSR2,1,4,RW,idf,0x2,0x2,0x2,R/W,IDF v5.5.3 soc/esp32c3/register/soc/i2s_reg.h:613,
i2s0,I2S_TX_PCM2PDM_CONF,0x040,I2S_TX_PDM_PRESCALE,5,8,RW,idf,0x0,0x0,0x0,R/W,IDF v5.5.3 soc/esp32c3/register/soc/i2s_reg.h:607,
i2s0,I2S_TX_PCM2PDM_CONF,0x040,I2S_TX_PDM_HP_IN_SHIFT,13,2,RW,idf,0x1,0x1,0x1,R/W,IDF v5.5.3 soc/esp32c3/register/soc/i2s_reg.h:601,
i2s0,I2S_TX_PCM2PDM_CONF,0x040,I2S_TX_PDM_LP_IN_SHIFT,15,2,RW,idf,0x1,0x1,0x1,R/W,IDF v5.5.3 soc/esp32c3/register/soc/i2s_reg.h:595,
i2s0,I2S_TX_PCM2PDM_CONF,0x040,I2S_TX_PDM_SINC_IN_SHIFT,17,2,RW,idf,0x1,0x1,0x1,R/W,IDF v5.5.3 soc/esp32c3/register/soc/i2s_reg.h:589,
i2s0,I2S_TX_PCM2PDM_CONF,0x040,I2S_TX_PDM_SIGMADELTA_IN_SHIFT,19,2,RW,idf,0x1,0x1,0x1,R/W,IDF v5.5.3 soc/esp32c3/register/soc/i2s_reg.h:583,
i2s0,I2S_TX_PCM2PDM_CONF,0x040,I2S_TX_PDM_SIGMADELTA_DITHER2,21,1,RW,idf,0x0,0x0,0x0,R/W,IDF v5.5.3 soc/esp32c3/register/soc/i2s_reg.h:577,
i2s0,I2S_TX_PCM2PDM_CONF,0x040,I2S_TX_PDM_SIGMADELTA_DITHER,22,1,RW,idf,0x1,0x1,0x1,R/W,IDF v5.5.3 soc/esp32c3/register/soc/i2s_reg.h:571,
i2s0,I2S_TX_PCM2PDM_CONF,0x040,I2S_TX_PDM_DAC_2OUT_EN,23,1,RW,idf,0x0,0x0,0x0,R/W,IDF v5.5.3 soc/esp32c3/register/soc/i2s_reg.h:565,
i2s0,I2S_TX_PCM2PDM_CONF,0x040,I2S_TX_PDM_DAC_MODE_EN,24,1,RW,idf,0x0,0x0,0x0,R/W,IDF v5.5.3 soc/esp32c3/register/soc/i2s_reg.h:559,
i2s0,I2S_TX_PCM2PDM_CONF,0x040,I2S_PCM2PDM_CONV_EN,25,1,RW,idf,0x0,0x0,0x0,R/W,IDF v5.5.3 soc/esp32c3/register/soc/i2s_reg.h:553,
i2s0,I2S_TX_PCM2PDM_CONF1,0x044,I2S_TX_PDM_FP,0,10,RW,idf,0x3C0,0x3C0,0x3C0,R/W,IDF v5.5.3 soc/esp32c3/register/soc/i2s_reg.h:647,
i2s0,I2S_TX_PCM2PDM_CONF1,0x044,I2S_TX_PDM_FS,10,10,RW,idf,0x1E0,0x1E0,0x1E0,R/W,IDF v5.5.3 soc/esp32c3/register/soc/i2s_reg.h:641,
i2s0,I2S_TX_PCM2PDM_CONF1,0x044,I2S_TX_IIR_HP_MULT12_5,20,3,RW,idf,0x7,0x7,0x7,R/W,IDF v5.5.3 soc/esp32c3/register/soc/i2s_reg.h:634,
i2s0,I2S_TX_PCM2PDM_CONF1,0x044,I2S_TX_IIR_HP_MULT12_0,23,3,RW,idf,0x7,0x7,0x7,R/W,IDF v5.5.3 soc/esp32c3/register/soc/i2s_reg.h:627,
i2s0,I2S_RX_TDM_CTRL,0x050,I2S_RX_TDM_PDM_CHAN0_EN,0,1,RW,idf,0x1,0x1,0x1,R/W,IDF v5.5.3 soc/esp32c3/register/soc/i2s_reg.h:766,
i2s0,I2S_RX_TDM_CTRL,0x050,I2S_RX_TDM_PDM_CHAN1_EN,1,1,RW,idf,0x1,0x1,0x1,R/W,IDF v5.5.3 soc/esp32c3/register/soc/i2s_reg.h:759,
i2s0,I2S_RX_TDM_CTRL,0x050,I2S_RX_TDM_PDM_CHAN2_EN,2,1,RW,idf,0x1,0x1,0x1,R/W,IDF v5.5.3 soc/esp32c3/register/soc/i2s_reg.h:752,
i2s0,I2S_RX_TDM_CTRL,0x050,I2S_RX_TDM_PDM_CHAN3_EN,3,1,RW,idf,0x1,0x1,0x1,R/W,IDF v5.5.3 soc/esp32c3/register/soc/i2s_reg.h:745,
i2s0,I2S_RX_TDM_CTRL,0x050,I2S_RX_TDM_PDM_CHAN4_EN,4,1,RW,idf,0x1,0x1,0x1,R/W,IDF v5.5.3 soc/esp32c3/register/soc/i2s_reg.h:738,
i2s0,I2S_RX_TDM_CTRL,0x050,I2S_RX_TDM_PDM_CHAN5_EN,5,1,RW,idf,0x1,0x1,0x1,R/W,IDF v5.5.3 soc/esp32c3/register/soc/i2s_reg.h:731,
i2s0,I2S_RX_TDM_CTRL,0x050,I2S_RX_TDM_PDM_CHAN6_EN,6,1,RW,idf,0x1,0x1,0x1,R/W,IDF v5.5.3 soc/esp32c3/register/soc/i2s_reg.h:724,
i2s0,I2S_RX_TDM_CTRL,0x050,I2S_RX_TDM_PDM_CHAN7_EN,7,1,RW,idf,0x1,0x1,0x1,R/W,IDF v5.5.3 soc/esp32c3/register/soc/i2s_reg.h:717,
i2s0,I2S_RX_TDM_CTRL,0x050,I2S_RX_TDM_CHAN8_EN,8,1,RW,idf,0x1,0x1,0x1,R/W,IDF v5.5.3 soc/esp32c3/register/soc/i2s_reg.h:710,
i2s0,I2S_RX_TDM_CTRL,0x050,I2S_RX_TDM_CHAN9_EN,9,1,RW,idf,0x1,0x1,0x1,R/W,IDF v5.5.3 soc/esp32c3/register/soc/i2s_reg.h:703,
i2s0,I2S_RX_TDM_CTRL,0x050,I2S_RX_TDM_CHAN10_EN,10,1,RW,idf,0x1,0x1,0x1,R/W,IDF v5.5.3 soc/esp32c3/register/soc/i2s_reg.h:696,
i2s0,I2S_RX_TDM_CTRL,0x050,I2S_RX_TDM_CHAN11_EN,11,1,RW,idf,0x1,0x1,0x1,R/W,IDF v5.5.3 soc/esp32c3/register/soc/i2s_reg.h:689,
i2s0,I2S_RX_TDM_CTRL,0x050,I2S_RX_TDM_CHAN12_EN,12,1,RW,idf,0x1,0x1,0x1,R/W,IDF v5.5.3 soc/esp32c3/register/soc/i2s_reg.h:682,
i2s0,I2S_RX_TDM_CTRL,0x050,I2S_RX_TDM_CHAN13_EN,13,1,RW,idf,0x1,0x1,0x1,R/W,IDF v5.5.3 soc/esp32c3/register/soc/i2s_reg.h:675,
i2s0,I2S_RX_TDM_CTRL,0x050,I2S_RX_TDM_CHAN14_EN,14,1,RW,idf,0x1,0x1,0x1,R/W,IDF v5.5.3 soc/esp32c3/register/soc/i2s_reg.h:668,
i2s0,I2S_RX_TDM_CTRL,0x050,I2S_RX_TDM_CHAN15_EN,15,1,RW,idf,0x1,0x1,0x1,R/W,IDF v5.5.3 soc/esp32c3/register/soc/i2s_reg.h:661,
i2s0,I2S_RX_TDM_CTRL,0x050,I2S_RX_TDM_TOT_CHAN_NUM,16,4,RW,idf,0x0,0x0,0x0,R/W,IDF v5.5.3 soc/esp32c3/register/soc/i2s_reg.h:655,
i2s0,I2S_TX_TDM_CTRL,0x054,I2S_TX_TDM_CHAN0_EN,0,1,RW,idf,0x1,0x1,0x1,R/W,IDF v5.5.3 soc/esp32c3/register/soc/i2s_reg.h:893,
i2s0,I2S_TX_TDM_CTRL,0x054,I2S_TX_TDM_CHAN1_EN,1,1,RW,idf,0x1,0x1,0x1,R/W,IDF v5.5.3 soc/esp32c3/register/soc/i2s_reg.h:886,
i2s0,I2S_TX_TDM_CTRL,0x054,I2S_TX_TDM_CHAN2_EN,2,1,RW,idf,0x1,0x1,0x1,R/W,IDF v5.5.3 soc/esp32c3/register/soc/i2s_reg.h:879,
i2s0,I2S_TX_TDM_CTRL,0x054,I2S_TX_TDM_CHAN3_EN,3,1,RW,idf,0x1,0x1,0x1,R/W,IDF v5.5.3 soc/esp32c3/register/soc/i2s_reg.h:872,
i2s0,I2S_TX_TDM_CTRL,0x054,I2S_TX_TDM_CHAN4_EN,4,1,RW,idf,0x1,0x1,0x1,R/W,IDF v5.5.3 soc/esp32c3/register/soc/i2s_reg.h:865,
i2s0,I2S_TX_TDM_CTRL,0x054,I2S_TX_TDM_CHAN5_EN,5,1,RW,idf,0x1,0x1,0x1,R/W,IDF v5.5.3 soc/esp32c3/register/soc/i2s_reg.h:858,
i2s0,I2S_TX_TDM_CTRL,0x054,I2S_TX_TDM_CHAN6_EN,6,1,RW,idf,0x1,0x1,0x1,R/W,IDF v5.5.3 soc/esp32c3/register/soc/i2s_reg.h:851,
i2s0,I2S_TX_TDM_CTRL,0x054,I2S_TX_TDM_CHAN7_EN,7,1,RW,idf,0x1,0x1,0x1,R/W,IDF v5.5.3 soc/esp32c3/register/soc/i2s_reg.h:844,
i2s0,I2S_TX_TDM_CTRL,0x054,I2S_TX_TDM_CHAN8_EN,8,1,RW,idf,0x1,0x1,0x1,R/W,IDF v5.5.3 soc/esp32c3/register/soc/i2s_reg.h:837,
i2s0,I2S_TX_TDM_CTRL,0x054,I2S_TX_TDM_CHAN9_EN,9,1,RW,idf,0x1,0x1,0x1,R/W,IDF v5.5.3 soc/esp32c3/register/soc/i2s_reg.h:830,
i2s0,I2S_TX_TDM_CTRL,0x054,I2S_TX_TDM_CHAN10_EN,10,1,RW,idf,0x1,0x1,0x1,R/W,IDF v5.5.3 soc/esp32c3/register/soc/i2s_reg.h:823,
i2s0,I2S_TX_TDM_CTRL,0x054,I2S_TX_TDM_CHAN11_EN,11,1,RW,idf,0x1,0x1,0x1,R/W,IDF v5.5.3 soc/esp32c3/register/soc/i2s_reg.h:816,
i2s0,I2S_TX_TDM_CTRL,0x054,I2S_TX_TDM_CHAN12_EN,12,1,RW,idf,0x1,0x1,0x1,R/W,IDF v5.5.3 soc/esp32c3/register/soc/i2s_reg.h:809,
i2s0,I2S_TX_TDM_CTRL,0x054,I2S_TX_TDM_CHAN13_EN,13,1,RW,idf,0x1,0x1,0x1,R/W,IDF v5.5.3 soc/esp32c3/register/soc/i2s_reg.h:802,
i2s0,I2S_TX_TDM_CTRL,0x054,I2S_TX_TDM_CHAN14_EN,14,1,RW,idf,0x1,0x1,0x1,R/W,IDF v5.5.3 soc/esp32c3/register/soc/i2s_reg.h:795,
i2s0,I2S_TX_TDM_CTRL,0x054,I2S_TX_TDM_CHAN15_EN,15,1,RW,idf,0x1,0x1,0x1,R/W,IDF v5.5.3 soc/esp32c3/register/soc/i2s_reg.h:788,
i2s0,I2S_TX_TDM_CTRL,0x054,I2S_TX_TDM_TOT_CHAN_NUM,16,4,RW,idf,0x0,0x0,0x0,R/W,IDF v5.5.3 soc/esp32c3/register/soc/i2s_reg.h:782,
i2s0,I2S_TX_TDM_CTRL,0x054,I2S_TX_TDM_SKIP_MSK_EN,20,1,RW,idf,0x0,0x0,0x0,R/W,IDF v5.5.3 soc/esp32c3/register/soc/i2s_reg.h:775,
i2s0,I2S_RX_TIMING,0x058,I2S_RX_SD_IN_DM,0,2,RW,idf,0x0,0x0,0x0,R/W,IDF v5.5.3 soc/esp32c3/register/soc/i2s_reg.h:930,
i2s0,I2S_RX_TIMING,0x058,I2S_RX_WS_OUT_DM,16,2,RW,idf,0x0,0x0,0x0,R/W,IDF v5.5.3 soc/esp32c3/register/soc/i2s_reg.h:923,
i2s0,I2S_RX_TIMING,0x058,I2S_RX_BCK_OUT_DM,20,2,RW,idf,0x0,0x0,0x0,R/W,IDF v5.5.3 soc/esp32c3/register/soc/i2s_reg.h:916,
i2s0,I2S_RX_TIMING,0x058,I2S_RX_WS_IN_DM,24,2,RW,idf,0x0,0x0,0x0,R/W,IDF v5.5.3 soc/esp32c3/register/soc/i2s_reg.h:909,
i2s0,I2S_RX_TIMING,0x058,I2S_RX_BCK_IN_DM,28,2,RW,idf,0x0,0x0,0x0,R/W,IDF v5.5.3 soc/esp32c3/register/soc/i2s_reg.h:902,
i2s0,I2S_TX_TIMING,0x05C,I2S_TX_SD_OUT_DM,0,2,RW,idf,0x0,0x0,0x0,R/W,IDF v5.5.3 soc/esp32c3/register/soc/i2s_reg.h:974,
i2s0,I2S_TX_TIMING,0x05C,I2S_TX_SD1_OUT_DM,4,2,RW,idf,0x0,0x0,0x0,R/W,IDF v5.5.3 soc/esp32c3/register/soc/i2s_reg.h:967,
i2s0,I2S_TX_TIMING,0x05C,I2S_TX_WS_OUT_DM,16,2,RW,idf,0x0,0x0,0x0,R/W,IDF v5.5.3 soc/esp32c3/register/soc/i2s_reg.h:960,
i2s0,I2S_TX_TIMING,0x05C,I2S_TX_BCK_OUT_DM,20,2,RW,idf,0x0,0x0,0x0,R/W,IDF v5.5.3 soc/esp32c3/register/soc/i2s_reg.h:953,
i2s0,I2S_TX_TIMING,0x05C,I2S_TX_WS_IN_DM,24,2,RW,idf,0x0,0x0,0x0,R/W,IDF v5.5.3 soc/esp32c3/register/soc/i2s_reg.h:946,
i2s0,I2S_TX_TIMING,0x05C,I2S_TX_BCK_IN_DM,28,2,RW,idf,0x0,0x0,0x0,R/W,IDF v5.5.3 soc/esp32c3/register/soc/i2s_reg.h:939,
i2s0,I2S_LC_HUNG_CONF,0x060,I2S_LC_FIFO_TIMEOUT,0,8,RW,idf,0x10,0x10,0x10,R/W,IDF v5.5.3 soc/esp32c3/register/soc/i2s_reg.h:996,
i2s0,I2S_LC_HUNG_CONF,0x060,I2S_LC_FIFO_TIMEOUT_SHIFT,8,3,RW,idf,0x0,0x0,0x0,R/W,IDF v5.5.3 soc/esp32c3/register/soc/i2s_reg.h:989,
i2s0,I2S_LC_HUNG_CONF,0x060,I2S_LC_FIFO_TIMEOUT_ENA,11,1,RW,idf,0x1,0x1,0x1,R/W,IDF v5.5.3 soc/esp32c3/register/soc/i2s_reg.h:983,
i2s0,I2S_RXEOF_NUM,0x064,I2S_RX_EOF_NUM,0,12,RW,idf,0x40,0x40,0x40,R/W,IDF v5.5.3 soc/esp32c3/register/soc/i2s_reg.h:1005,
i2s0,I2S_CONF_SIGLE_DATA,0x068,I2S_SINGLE_DATA,0,32,RW,idf,0x0,0x0,0x0,R/W,IDF v5.5.3 soc/esp32c3/register/soc/i2s_reg.h:1013,
i2s0,I2S_STATE,0x06C,I2S_TX_IDLE,0,1,RO,idf,0x1,0x1,0x1,RO,IDF v5.5.3 soc/esp32c3/register/soc/i2s_reg.h:1022,
i2s0,I2S_DATE,0x080,I2S_DATE,0,28,RW,idf,0x2003230,0x2003230,0x2003230,R/W,IDF v5.5.3 soc/esp32c3/register/soc/i2s_reg.h:1030,
gdma,GDMA_INT_RAW_CH0,0x000,GDMA_IN_DONE_CH0_INT_RAW,0,1,RO,UNVERIFIED,0x0,0x0,0x0,R/WTC/SS,IDF v5.5.3 soc/esp32c3/register/soc/gdma_reg.h:18,WTC: cleared by writing the corresponding WT field; SS: hardware sets it
gdma,GDMA_INT_RAW_CH0,0x000,GDMA_IN_SUC_EOF_CH0_INT_RAW,1,1,RO,UNVERIFIED,0x0,0x0,0x0,R/WTC/SS,IDF v5.5.3 soc/esp32c3/register/soc/gdma_reg.h:26,WTC: cleared by writing the corresponding WT field; SS: hardware sets it
gdma,GDMA_INT_RAW_CH0,0x000,GDMA_IN_ERR_EOF_CH0_INT_RAW,2,1,RO,UNVERIFIED,0x0,0x0,0x0,R/WTC/SS,IDF v5.5.3 soc/esp32c3/register/soc/gdma_reg.h:37,WTC: cleared by writing the corresponding WT field; SS: hardware sets it
gdma,GDMA_INT_RAW_CH0,0x000,GDMA_OUT_DONE_CH0_INT_RAW,3,1,RO,UNVERIFIED,0x0,0x0,0x0,R/WTC/SS,IDF v5.5.3 soc/esp32c3/register/soc/gdma_reg.h:46,WTC: cleared by writing the corresponding WT field; SS: hardware sets it
gdma,GDMA_INT_RAW_CH0,0x000,GDMA_OUT_EOF_CH0_INT_RAW,4,1,RO,UNVERIFIED,0x0,0x0,0x0,R/WTC/SS,IDF v5.5.3 soc/esp32c3/register/soc/gdma_reg.h:54,WTC: cleared by writing the corresponding WT field; SS: hardware sets it
gdma,GDMA_INT_RAW_CH0,0x000,GDMA_IN_DSCR_ERR_CH0_INT_RAW,5,1,RO,UNVERIFIED,0x0,0x0,0x0,R/WTC/SS,IDF v5.5.3 soc/esp32c3/register/soc/gdma_reg.h:62,WTC: cleared by writing the corresponding WT field; SS: hardware sets it
gdma,GDMA_INT_RAW_CH0,0x000,GDMA_OUT_DSCR_ERR_CH0_INT_RAW,6,1,RO,UNVERIFIED,0x0,0x0,0x0,R/WTC/SS,IDF v5.5.3 soc/esp32c3/register/soc/gdma_reg.h:71,WTC: cleared by writing the corresponding WT field; SS: hardware sets it
gdma,GDMA_INT_RAW_CH0,0x000,GDMA_IN_DSCR_EMPTY_CH0_INT_RAW,7,1,RO,UNVERIFIED,0x0,0x0,0x0,R/WTC/SS,IDF v5.5.3 soc/esp32c3/register/soc/gdma_reg.h:80,WTC: cleared by writing the corresponding WT field; SS: hardware sets it
gdma,GDMA_INT_RAW_CH0,0x000,GDMA_OUT_TOTAL_EOF_CH0_INT_RAW,8,1,RO,UNVERIFIED,0x0,0x0,0x0,R/WTC/SS,IDF v5.5.3 soc/esp32c3/register/soc/gdma_reg.h:88,WTC: cleared by writing the corresponding WT field; SS: hardware sets it
gdma,GDMA_INT_RAW_CH0,0x000,GDMA_INFIFO_OVF_CH0_INT_RAW,9,1,RO,UNVERIFIED,0x0,0x0,0x0,R/WTC/SS,IDF v5.5.3 soc/esp32c3/register/soc/gdma_reg.h:96,WTC: cleared by writing the corresponding WT field; SS: hardware sets it
gdma,GDMA_INT_RAW_CH0,0x000,GDMA_INFIFO_UDF_CH0_INT_RAW,10,1,RO,UNVERIFIED,0x0,0x0,0x0,R/WTC/SS,IDF v5.5.3 soc/esp32c3/register/soc/gdma_reg.h:104,WTC: cleared by writing the corresponding WT field; SS: hardware sets it
gdma,GDMA_INT_RAW_CH0,0x000,GDMA_OUTFIFO_OVF_CH0_INT_RAW,11,1,RO,UNVERIFIED,0x0,0x0,0x0,R/WTC/SS,IDF v5.5.3 soc/esp32c3/register/soc/gdma_reg.h:112,WTC: cleared by writing the corresponding WT field; SS: hardware sets it
gdma,GDMA_INT_RAW_CH0,0x000,GDMA_OUTFIFO_UDF_CH0_INT_RAW,12,1,RO,UNVERIFIED,0x0,0x0,0x0,R/WTC/SS,IDF v5.5.3 soc/esp32c3/register/soc/gdma_reg.h:120,WTC: cleared by writing the corresponding WT field; SS: hardware sets it
gdma,GDMA_INT_ST_CH0,0x004,GDMA_IN_DONE_CH0_INT_ST,0,1,RO,idf,0x0,0x0,0x0,RO,IDF v5.5.3 soc/esp32c3/register/soc/gdma_reg.h:133,
gdma,GDMA_INT_ST_CH0,0x004,GDMA_IN_SUC_EOF_CH0_INT_ST,1,1,RO,idf,0x0,0x0,0x0,RO,IDF v5.5.3 soc/esp32c3/register/soc/gdma_reg.h:140,
gdma,GDMA_INT_ST_CH0,0x004,GDMA_IN_ERR_EOF_CH0_INT_ST,2,1,RO,idf,0x0,0x0,0x0,RO,IDF v5.5.3 soc/esp32c3/register/soc/gdma_reg.h:147,
gdma,GDMA_INT_ST_CH0,0x004,GDMA_OUT_DONE_CH0_INT_ST,3,1,RO,idf,0x0,0x0,0x0,RO,IDF v5.5.3 soc/esp32c3/register/soc/gdma_reg.h:154,
gdma,GDMA_INT_ST_CH0,0x004,GDMA_OUT_EOF_CH0_INT_ST,4,1,RO,idf,0x0,0x0,0x0,RO,IDF v5.5.3 soc/esp32c3/register/soc/gdma_reg.h:161,
gdma,GDMA_INT_ST_CH0,0x004,GDMA_IN_DSCR_ERR_CH0_INT_ST,5,1,RO,idf,0x0,0x0,0x0,RO,IDF v5.5.3 soc/esp32c3/register/soc/gdma_reg.h:168,
gdma,GDMA_INT_ST_CH0,0x004,GDMA_OUT_DSCR_ERR_CH0_INT_ST,6,1,RO,idf,0x0,0x0,0x0,RO,IDF v5.5.3 soc/esp32c3/register/soc/gdma_reg.h:175,
gdma,GDMA_INT_ST_CH0,0x004,GDMA_IN_DSCR_EMPTY_CH0_INT_ST,7,1,RO,idf,0x0,0x0,0x0,RO,IDF v5.5.3 soc/esp32c3/register/soc/gdma_reg.h:182,
gdma,GDMA_INT_ST_CH0,0x004,GDMA_OUT_TOTAL_EOF_CH0_INT_ST,8,1,RO,idf,0x0,0x0,0x0,RO,IDF v5.5.3 soc/esp32c3/register/soc/gdma_reg.h:189,
gdma,GDMA_INT_ST_CH0,0x004,GDMA_INFIFO_OVF_CH0_INT_ST,9,1,RO,idf,0x0,0x0,0x0,RO,IDF v5.5.3 soc/esp32c3/register/soc/gdma_reg.h:196,
gdma,GDMA_INT_ST_CH0,0x004,GDMA_INFIFO_UDF_CH0_INT_ST,10,1,RO,idf,0x0,0x0,0x0,RO,IDF v5.5.3 soc/esp32c3/register/soc/gdma_reg.h:203,
gdma,GDMA_INT_ST_CH0,0x004,GDMA_OUTFIFO_OVF_CH0_INT_ST,11,1,RO,idf,0x0,0x0,0x0,RO,IDF v5.5.3 soc/esp32c3/register/soc/gdma_reg.h:210,
gdma,GDMA_INT_ST_CH0,0x004,GDMA_OUTFIFO_UDF_CH0_INT_ST,12,1,RO,idf,0x0,0x0,0x0,RO,IDF v5.5.3 soc/esp32c3/register/soc/gdma_reg.h:217,
gdma,GDMA_INT_ENA_CH0,0x008,GDMA_IN_DONE_CH0_INT_ENA,0,1,RW,idf,0x0,0x0,0x0,R/W,IDF v5.5.3 soc/esp32c3/register/soc/gdma_reg.h:229,
gdma,GDMA_INT_ENA_CH0,0x008,GDMA_IN_SUC_EOF_CH0_INT_ENA,1,1,RW,idf,0x0,0x0,0x0,R/W,IDF v5.5.3 soc/esp32c3/register/soc/gdma_reg.h:236,
gdma,GDMA_INT_ENA_CH0,0x008,GDMA_IN_ERR_EOF_CH0_INT_ENA,2,1,RW,idf,0x0,0x0,0x0,R/W,IDF v5.5.3 soc/esp32c3/register/soc/gdma_reg.h:243,
gdma,GDMA_INT_ENA_CH0,0x008,GDMA_OUT_DONE_CH0_INT_ENA,3,1,RW,idf,0x0,0x0,0x0,R/W,IDF v5.5.3 soc/esp32c3/register/soc/gdma_reg.h:250,
gdma,GDMA_INT_ENA_CH0,0x008,GDMA_OUT_EOF_CH0_INT_ENA,4,1,RW,idf,0x0,0x0,0x0,R/W,IDF v5.5.3 soc/esp32c3/register/soc/gdma_reg.h:257,
gdma,GDMA_INT_ENA_CH0,0x008,GDMA_IN_DSCR_ERR_CH0_INT_ENA,5,1,RW,idf,0x0,0x0,0x0,R/W,IDF v5.5.3 soc/esp32c3/register/soc/gdma_reg.h:264,
gdma,GDMA_INT_ENA_CH0,0x008,GDMA_OUT_DSCR_ERR_CH0_INT_ENA,6,1,RW,idf,0x0,0x0,0x0,R/W,IDF v5.5.3 soc/esp32c3/register/soc/gdma_reg.h:271,
gdma,GDMA_INT_ENA_CH0,0x008,GDMA_IN_DSCR_EMPTY_CH0_INT_ENA,7,1,RW,idf,0x0,0x0,0x0,R/W,IDF v5.5.3 soc/esp32c3/register/soc/gdma_reg.h:278,
gdma,GDMA_INT_ENA_CH0,0x008,GDMA_OUT_TOTAL_EOF_CH0_INT_ENA,8,1,RW,idf,0x0,0x0,0x0,R/W,IDF v5.5.3 soc/esp32c3/register/soc/gdma_reg.h:285,
gdma,GDMA_INT_ENA_CH0,0x008,GDMA_INFIFO_OVF_CH0_INT_ENA,9,1,RW,idf,0x0,0x0,0x0,R/W,IDF v5.5.3 soc/esp32c3/register/soc/gdma_reg.h:292,
gdma,GDMA_INT_ENA_CH0,0x008,GDMA_INFIFO_UDF_CH0_INT_ENA,10,1,RW,idf,0x0,0x0,0x0,R/W,IDF v5.5.3 soc/esp32c3/register/soc/gdma_reg.h:299,
gdma,GDMA_INT_ENA_CH0,0x008,GDMA_OUTFIFO_OVF_CH0_INT_ENA,11,1,RW,idf,0x0,0x0,0x0,R/W,IDF v5.5.3 soc/esp32c3/register/soc/gdma_reg.h:306,
gdma,GDMA_INT_ENA_CH0,0x008,GDMA_OUTFIFO_UDF_CH0_INT_ENA,12,1,RW,idf,0x0,0x0,0x0,R/W,IDF v5.5.3 soc/esp32c3/register/soc/gdma_reg.h:313,
gdma,GDMA_INT_CLR_CH0,0x00C,GDMA_IN_DONE_CH0_INT_CLR,0,1,WT,idf,0x0,0x0,0x0,WT,IDF v5.5.3 soc/esp32c3/register/soc/gdma_reg.h:325,
gdma,GDMA_INT_CLR_CH0,0x00C,GDMA_IN_SUC_EOF_CH0_INT_CLR,1,1,WT,idf,0x0,0x0,0x0,WT,IDF v5.5.3 soc/esp32c3/register/soc/gdma_reg.h:332,
gdma,GDMA_INT_CLR_CH0,0x00C,GDMA_IN_ERR_EOF_CH0_INT_CLR,2,1,WT,idf,0x0,0x0,0x0,WT,IDF v5.5.3 soc/esp32c3/register/soc/gdma_reg.h:339,
gdma,GDMA_INT_CLR_CH0,0x00C,GDMA_OUT_DONE_CH0_INT_CLR,3,1,WT,idf,0x0,0x0,0x0,WT,IDF v5.5.3 soc/esp32c3/register/soc/gdma_reg.h:346,
gdma,GDMA_INT_CLR_CH0,0x00C,GDMA_OUT_EOF_CH0_INT_CLR,4,1,WT,idf,0x0,0x0,0x0,WT,IDF v5.5.3 soc/esp32c3/register/soc/gdma_reg.h:353,
gdma,GDMA_INT_CLR_CH0,0x00C,GDMA_IN_DSCR_ERR_CH0_INT_CLR,5,1,WT,idf,0x0,0x0,0x0,WT,IDF v5.5.3 soc/esp32c3/register/soc/gdma_reg.h:360,
gdma,GDMA_INT_CLR_CH0,0x00C,GDMA_OUT_DSCR_ERR_CH0_INT_CLR,6,1,WT,idf,0x0,0x0,0x0,WT,IDF v5.5.3 soc/esp32c3/register/soc/gdma_reg.h:367,
gdma,GDMA_INT_CLR_CH0,0x00C,GDMA_IN_DSCR_EMPTY_CH0_INT_CLR,7,1,WT,idf,0x0,0x0,0x0,WT,IDF v5.5.3 soc/esp32c3/register/soc/gdma_reg.h:374,
gdma,GDMA_INT_CLR_CH0,0x00C,GDMA_OUT_TOTAL_EOF_CH0_INT_CLR,8,1,WT,idf,0x0,0x0,0x0,WT,IDF v5.5.3 soc/esp32c3/register/soc/gdma_reg.h:381,
gdma,GDMA_INT_CLR_CH0,0x00C,GDMA_INFIFO_OVF_CH0_INT_CLR,9,1,WT,idf,0x0,0x0,0x0,WT,IDF v5.5.3 soc/esp32c3/register/soc/gdma_reg.h:388,
gdma,GDMA_INT_CLR_CH0,0x00C,GDMA_INFIFO_UDF_CH0_INT_CLR,10,1,WT,idf,0x0,0x0,0x0,WT,IDF v5.5.3 soc/esp32c3/register/soc/gdma_reg.h:395,
gdma,GDMA_INT_CLR_CH0,0x00C,GDMA_OUTFIFO_OVF_CH0_INT_CLR,11,1,WT,idf,0x0,0x0,0x0,WT,IDF v5.5.3 soc/esp32c3/register/soc/gdma_reg.h:402,
gdma,GDMA_INT_CLR_CH0,0x00C,GDMA_OUTFIFO_UDF_CH0_INT_CLR,12,1,WT,idf,0x0,0x0,0x0,WT,IDF v5.5.3 soc/esp32c3/register/soc/gdma_reg.h:409,
gdma,GDMA_INT_RAW_CH1,0x010,GDMA_IN_DONE_CH1_INT_RAW,0,1,RO,UNVERIFIED,0x0,0x0,0x0,R/WTC/SS,IDF v5.5.3 soc/esp32c3/register/soc/gdma_reg.h:421,WTC: cleared by writing the corresponding WT field; SS: hardware sets it
gdma,GDMA_INT_RAW_CH1,0x010,GDMA_IN_SUC_EOF_CH1_INT_RAW,1,1,RO,UNVERIFIED,0x0,0x0,0x0,R/WTC/SS,IDF v5.5.3 soc/esp32c3/register/soc/gdma_reg.h:429,WTC: cleared by writing the corresponding WT field; SS: hardware sets it
gdma,GDMA_INT_RAW_CH1,0x010,GDMA_IN_ERR_EOF_CH1_INT_RAW,2,1,RO,UNVERIFIED,0x0,0x0,0x0,R/WTC/SS,IDF v5.5.3 soc/esp32c3/register/soc/gdma_reg.h:440,WTC: cleared by writing the corresponding WT field; SS: hardware sets it
gdma,GDMA_INT_RAW_CH1,0x010,GDMA_OUT_DONE_CH1_INT_RAW,3,1,RO,UNVERIFIED,0x0,0x0,0x0,R/WTC/SS,IDF v5.5.3 soc/esp32c3/register/soc/gdma_reg.h:449,WTC: cleared by writing the corresponding WT field; SS: hardware sets it
gdma,GDMA_INT_RAW_CH1,0x010,GDMA_OUT_EOF_CH1_INT_RAW,4,1,RO,UNVERIFIED,0x0,0x0,0x0,R/WTC/SS,IDF v5.5.3 soc/esp32c3/register/soc/gdma_reg.h:457,WTC: cleared by writing the corresponding WT field; SS: hardware sets it
gdma,GDMA_INT_RAW_CH1,0x010,GDMA_IN_DSCR_ERR_CH1_INT_RAW,5,1,RO,UNVERIFIED,0x0,0x0,0x0,R/WTC/SS,IDF v5.5.3 soc/esp32c3/register/soc/gdma_reg.h:465,WTC: cleared by writing the corresponding WT field; SS: hardware sets it
gdma,GDMA_INT_RAW_CH1,0x010,GDMA_OUT_DSCR_ERR_CH1_INT_RAW,6,1,RO,UNVERIFIED,0x0,0x0,0x0,R/WTC/SS,IDF v5.5.3 soc/esp32c3/register/soc/gdma_reg.h:474,WTC: cleared by writing the corresponding WT field; SS: hardware sets it
gdma,GDMA_INT_RAW_CH1,0x010,GDMA_IN_DSCR_EMPTY_CH1_INT_RAW,7,1,RO,UNVERIFIED,0x0,0x0,0x0,R/WTC/SS,IDF v5.5.3 soc/esp32c3/register/soc/gdma_reg.h:483,WTC: cleared by writing the corresponding WT field; SS: hardware sets it
gdma,GDMA_INT_RAW_CH1,0x010,GDMA_OUT_TOTAL_EOF_CH1_INT_RAW,8,1,RO,UNVERIFIED,0x0,0x0,0x0,R/WTC/SS,IDF v5.5.3 soc/esp32c3/register/soc/gdma_reg.h:491,WTC: cleared by writing the corresponding WT field; SS: hardware sets it
gdma,GDMA_INT_RAW_CH1,0x010,GDMA_INFIFO_OVF_CH1_INT_RAW,9,1,RO,UNVERIFIED,0x0,0x0,0x0,R/WTC/SS,IDF v5.5.3 soc/esp32c3/register/soc/gdma_reg.h:499,WTC: cleared by writing the corresponding WT field; SS: hardware sets it
gdma,GDMA_INT_RAW_CH1,0x010,GDMA_INFIFO_UDF_CH1_INT_RAW,10,1,RO,UNVERIFIED,0x0,0x0,0x0,R/WTC/SS,IDF v5.5.3 soc/esp32c3/register/soc/gdma_reg.h:507,WTC: cleared by writing the corresponding WT field; SS: hardware sets it
gdma,GDMA_INT_RAW_CH1,0x010,GDMA_OUTFIFO_OVF_CH1_INT_RAW,11,1,RO,UNVERIFIED,0x0,0x0,0x0,R/WTC/SS,IDF v5.5.3 soc/esp32c3/register/soc/gdma_reg.h:515,WTC: cleared by writing the corresponding WT field; SS: hardware sets it
gdma,GDMA_INT_RAW_CH1,0x010,GDMA_OUTFIFO_UDF_CH1_INT_RAW,12,1,RO,UNVERIFIED,0x0,0x0,0x0,R/WTC/SS,IDF v5.5.3 soc/esp32c3/register/soc/gdma_reg.h:523,WTC: cleared by writing the corresponding WT field; SS: hardware sets it
gdma,GDMA_INT_ST_CH1,0x014,GDMA_IN_DONE_CH1_INT_ST,0,1,RO,idf,0x0,0x0,0x0,RO,IDF v5.5.3 soc/esp32c3/register/soc/gdma_reg.h:536,
gdma,GDMA_INT_ST_CH1,0x014,GDMA_IN_SUC_EOF_CH1_INT_ST,1,1,RO,idf,0x0,0x0,0x0,RO,IDF v5.5.3 soc/esp32c3/register/soc/gdma_reg.h:543,
gdma,GDMA_INT_ST_CH1,0x014,GDMA_IN_ERR_EOF_CH1_INT_ST,2,1,RO,idf,0x0,0x0,0x0,RO,IDF v5.5.3 soc/esp32c3/register/soc/gdma_reg.h:550,
gdma,GDMA_INT_ST_CH1,0x014,GDMA_OUT_DONE_CH1_INT_ST,3,1,RO,idf,0x0,0x0,0x0,RO,IDF v5.5.3 soc/esp32c3/register/soc/gdma_reg.h:557,
gdma,GDMA_INT_ST_CH1,0x014,GDMA_OUT_EOF_CH1_INT_ST,4,1,RO,idf,0x0,0x0,0x0,RO,IDF v5.5.3 soc/esp32c3/register/soc/gdma_reg.h:564,
gdma,GDMA_INT_ST_CH1,0x014,GDMA_IN_DSCR_ERR_CH1_INT_ST,5,1,RO,idf,0x0,0x0,0x0,RO,IDF v5.5.3 soc/esp32c3/register/soc/gdma_reg.h:571,
gdma,GDMA_INT_ST_CH1,0x014,GDMA_OUT_DSCR_ERR_CH1_INT_ST,6,1,RO,idf,0x0,0x0,0x0,RO,IDF v5.5.3 soc/esp32c3/register/soc/gdma_reg.h:578,
gdma,GDMA_INT_ST_CH1,0x014,GDMA_IN_DSCR_EMPTY_CH1_INT_ST,7,1,RO,idf,0x0,0x0,0x0,RO,IDF v5.5.3 soc/esp32c3/register/soc/gdma_reg.h:585,
gdma,GDMA_INT_ST_CH1,0x014,GDMA_OUT_TOTAL_EOF_CH1_INT_ST,8,1,RO,idf,0x0,0x0,0x0,RO,IDF v5.5.3 soc/esp32c3/register/soc/gdma_reg.h:592,
gdma,GDMA_INT_ST_CH1,0x014,GDMA_INFIFO_OVF_CH1_INT_ST,9,1,RO,idf,0x0,0x0,0x0,RO,IDF v5.5.3 soc/esp32c3/register/soc/gdma_reg.h:599,
gdma,GDMA_INT_ST_CH1,0x014,GDMA_INFIFO_UDF_CH1_INT_ST,10,1,RO,idf,0x0,0x0,0x0,RO,IDF v5.5.3 soc/esp32c3/register/soc/gdma_reg.h:606,
gdma,GDMA_INT_ST_CH1,0x014,GDMA_OUTFIFO_OVF_CH1_INT_ST,11,1,RO,idf,0x0,0x0,0x0,RO,IDF v5.5.3 soc/esp32c3/register/soc/gdma_reg.h:613,
gdma,GDMA_INT_ST_CH1,0x014,GDMA_OUTFIFO_UDF_CH1_INT_ST,12,1,RO,idf,0x0,0x0,0x0,RO,IDF v5.5.3 soc/esp32c3/register/soc/gdma_reg.h:620,
gdma,GDMA_INT_ENA_CH1,0x018,GDMA_IN_DONE_CH1_INT_ENA,0,1,RW,idf,0x0,0x0,0x0,R/W,IDF v5.5.3 soc/esp32c3/register/soc/gdma_reg.h:632,
gdma,GDMA_INT_ENA_CH1,0x018,GDMA_IN_SUC_EOF_CH1_INT_ENA,1,1,RW,idf,0x0,0x0,0x0,R/W,IDF v5.5.3 soc/esp32c3/register/soc/gdma_reg.h:639,
gdma,GDMA_INT_ENA_CH1,0x018,GDMA_IN_ERR_EOF_CH1_INT_ENA,2,1,RW,idf,0x0,0x0,0x0,R/W,IDF v5.5.3 soc/esp32c3/register/soc/gdma_reg.h:646,
gdma,GDMA_INT_ENA_CH1,0x018,GDMA_OUT_DONE_CH1_INT_ENA,3,1,RW,idf,0x0,0x0,0x0,R/W,IDF v5.5.3 soc/esp32c3/register/soc/gdma_reg.h:653,
gdma,GDMA_INT_ENA_CH1,0x018,GDMA_OUT_EOF_CH1_INT_ENA,4,1,RW,idf,0x0,0x0,0x0,R/W,IDF v5.5.3 soc/esp32c3/register/soc/gdma_reg.h:660,
gdma,GDMA_INT_ENA_CH1,0x018,GDMA_IN_DSCR_ERR_CH1_INT_ENA,5,1,RW,idf,0x0,0x0,0x0,R/W,IDF v5.5.3 soc/esp32c3/register/soc/gdma_reg.h:667,
gdma,GDMA_INT_ENA_CH1,0x018,GDMA_OUT_DSCR_ERR_CH1_INT_ENA,6,1,RW,idf,0x0,0x0,0x0,R/W,IDF v5.5.3 soc/esp32c3/register/soc/gdma_reg.h:674,
gdma,GDMA_INT_ENA_CH1,0x018,GDMA_IN_DSCR_EMPTY_CH1_INT_ENA,7,1,RW,idf,0x0,0x0,0x0,R/W,IDF v5.5.3 soc/esp32c3/register/soc/gdma_reg.h:681,
gdma,GDMA_INT_ENA_CH1,0x018,GDMA_OUT_TOTAL_EOF_CH1_INT_ENA,8,1,RW,idf,0x0,0x0,0x0,R/W,IDF v5.5.3 soc/esp32c3/register/soc/gdma_reg.h:688,
gdma,GDMA_INT_ENA_CH1,0x018,GDMA_INFIFO_OVF_CH1_INT_ENA,9,1,RW,idf,0x0,0x0,0x0,R/W,IDF v5.5.3 soc/esp32c3/register/soc/gdma_reg.h:695,
gdma,GDMA_INT_ENA_CH1,0x018,GDMA_INFIFO_UDF_CH1_INT_ENA,10,1,RW,idf,0x0,0x0,0x0,R/W,IDF v5.5.3 soc/esp32c3/register/soc/gdma_reg.h:702,
gdma,GDMA_INT_ENA_CH1,0x018,GDMA_OUTFIFO_OVF_CH1_INT_ENA,11,1,RW,idf,0x0,0x0,0x0,R/W,IDF v5.5.3 soc/esp32c3/register/soc/gdma_reg.h:709,
gdma,GDMA_INT_ENA_CH1,0x018,GDMA_OUTFIFO_UDF_CH1_INT_ENA,12,1,RW,idf,0x0,0x0,0x0,R/W,IDF v5.5.3 soc/esp32c3/register/soc/gdma_reg.h:716,
gdma,GDMA_INT_CLR_CH1,0x01C,GDMA_IN_DONE_CH1_INT_CLR,0,1,WT,idf,0x0,0x0,0x0,WT,IDF v5.5.3 soc/esp32c3/register/soc/gdma_reg.h:728,
gdma,GDMA_INT_CLR_CH1,0x01C,GDMA_IN_SUC_EOF_CH1_INT_CLR,1,1,WT,idf,0x0,0x0,0x0,WT,IDF v5.5.3 soc/esp32c3/register/soc/gdma_reg.h:735,
gdma,GDMA_INT_CLR_CH1,0x01C,GDMA_IN_ERR_EOF_CH1_INT_CLR,2,1,WT,idf,0x0,0x0,0x0,WT,IDF v5.5.3 soc/esp32c3/register/soc/gdma_reg.h:742,
gdma,GDMA_INT_CLR_CH1,0x01C,GDMA_OUT_DONE_CH1_INT_CLR,3,1,WT,idf,0x0,0x0,0x0,WT,IDF v5.5.3 soc/esp32c3/register/soc/gdma_reg.h:749,
gdma,GDMA_INT_CLR_CH1,0x01C,GDMA_OUT_EOF_CH1_INT_CLR,4,1,WT,idf,0x0,0x0,0x0,WT,IDF v5.5.3 soc/esp32c3/register/soc/gdma_reg.h:756,
gdma,GDMA_INT_CLR_CH1,0x01C,GDMA_IN_DSCR_ERR_CH1_INT_CLR,5,1,WT,idf,0x0,0x0,0x0,WT,IDF v5.5.3 soc/esp32c3/register/soc/gdma_reg.h:763,
gdma,GDMA_INT_CLR_CH1,0x01C,GDMA_OUT_DSCR_ERR_CH1_INT_CLR,6,1,WT,idf,0x0,0x0,0x0,WT,IDF v5.5.3 soc/esp32c3/register/soc/gdma_reg.h:770,
gdma,GDMA_INT_CLR_CH1,0x01C,GDMA_IN_DSCR_EMPTY_CH1_INT_CLR,7,1,WT,idf,0x0,0x0,0x0,WT,IDF v5.5.3 soc/esp32c3/register/soc/gdma_reg.h:777,
gdma,GDMA_INT_CLR_CH1,0x01C,GDMA_OUT_TOTAL_EOF_CH1_INT_CLR,8,1,WT,idf,0x0,0x0,0x0,WT,IDF v5.5.3 soc/esp32c3/register/soc/gdma_reg.h:784,
gdma,GDMA_INT_CLR_CH1,0x01C,GDMA_INFIFO_OVF_CH1_INT_CLR,9,1,WT,idf,0x0,0x0,0x0,WT,IDF v5.5.3 soc/esp32c3/register/soc/gdma_reg.h:791,
gdma,GDMA_INT_CLR_CH1,0x01C,GDMA_INFIFO_UDF_CH1_INT_CLR,10,1,WT,idf,0x0,0x0,0x0,WT,IDF v5.5.3 soc/esp32c3/register/soc/gdma_reg.h:798,
gdma,GDMA_INT_CLR_CH1,0x01C,GDMA_OUTFIFO_OVF_CH1_INT_CLR,11,1,WT,idf,0x0,0x0,0x0,WT,IDF v5.5.3 soc/esp32c3/register/soc/gdma_reg.h:805,
gdma,GDMA_INT_CLR_CH1,0x01C,GDMA_OUTFIFO_UDF_CH1_INT_CLR,12,1,WT,idf,0x0,0x0,0x0,WT,IDF v5.5.3 soc/esp32c3/register/soc/gdma_reg.h:812,
gdma,GDMA_INT_RAW_CH2,0x020,GDMA_IN_DONE_CH2_INT_RAW,0,1,RO,UNVERIFIED,0x0,0x0,0x0,R/WTC/SS,IDF v5.5.3 soc/esp32c3/register/soc/gdma_reg.h:824,WTC: cleared by writing the corresponding WT field; SS: hardware sets it
gdma,GDMA_INT_RAW_CH2,0x020,GDMA_IN_SUC_EOF_CH2_INT_RAW,1,1,RO,UNVERIFIED,0x0,0x0,0x0,R/WTC/SS,IDF v5.5.3 soc/esp32c3/register/soc/gdma_reg.h:832,WTC: cleared by writing the corresponding WT field; SS: hardware sets it
gdma,GDMA_INT_RAW_CH2,0x020,GDMA_IN_ERR_EOF_CH2_INT_RAW,2,1,RO,UNVERIFIED,0x0,0x0,0x0,R/WTC/SS,IDF v5.5.3 soc/esp32c3/register/soc/gdma_reg.h:843,WTC: cleared by writing the corresponding WT field; SS: hardware sets it
gdma,GDMA_INT_RAW_CH2,0x020,GDMA_OUT_DONE_CH2_INT_RAW,3,1,RO,UNVERIFIED,0x0,0x0,0x0,R/WTC/SS,IDF v5.5.3 soc/esp32c3/register/soc/gdma_reg.h:852,WTC: cleared by writing the corresponding WT field; SS: hardware sets it
gdma,GDMA_INT_RAW_CH2,0x020,GDMA_OUT_EOF_CH2_INT_RAW,4,1,RO,UNVERIFIED,0x0,0x0,0x0,R/WTC/SS,IDF v5.5.3 soc/esp32c3/register/soc/gdma_reg.h:860,WTC: cleared by writing the corresponding WT field; SS: hardware sets it
gdma,GDMA_INT_RAW_CH2,0x020,GDMA_IN_DSCR_ERR_CH2_INT_RAW,5,1,RO,UNVERIFIED,0x0,0x0,0x0,R/WTC/SS,IDF v5.5.3 soc/esp32c3/register/soc/gdma_reg.h:868,WTC: cleared by writing the corresponding WT field; SS: hardware sets it
gdma,GDMA_INT_RAW_CH2,0x020,GDMA_OUT_DSCR_ERR_CH2_INT_RAW,6,1,RO,UNVERIFIED,0x0,0x0,0x0,R/WTC/SS,IDF v5.5.3 soc/esp32c3/register/soc/gdma_reg.h:877,WTC: cleared by writing the corresponding WT field; SS: hardware sets it
gdma,GDMA_INT_RAW_CH2,0x020,GDMA_IN_DSCR_EMPTY_CH2_INT_RAW,7,1,RO,UNVERIFIED,0x0,0x0,0x0,R/WTC/SS,IDF v5.5.3 soc/esp32c3/register/soc/gdma_reg.h:886,WTC: cleared by writing the corresponding WT field; SS: hardware sets it
gdma,GDMA_INT_RAW_CH2,0x020,GDMA_OUT_TOTAL_EOF_CH2_INT_RAW,8,1,RO,UNVERIFIED,0x0,0x0,0x0,R/WTC/SS,IDF v5.5.3 soc/esp32c3/register/soc/gdma_reg.h:894,WTC: cleared by writing the corresponding WT field; SS: hardware sets it
gdma,GDMA_INT_RAW_CH2,0x020,GDMA_INFIFO_OVF_CH2_INT_RAW,9,1,RO,UNVERIFIED,0x0,0x0,0x0,R/WTC/SS,IDF v5.5.3 soc/esp32c3/register/soc/gdma_reg.h:902,WTC: cleared by writing the corresponding WT field; SS: hardware sets it
gdma,GDMA_INT_RAW_CH2,0x020,GDMA_INFIFO_UDF_CH2_INT_RAW,10,1,RO,UNVERIFIED,0x0,0x0,0x0,R/WTC/SS,IDF v5.5.3 soc/esp32c3/register/soc/gdma_reg.h:910,WTC: cleared by writing the corresponding WT field; SS: hardware sets it
gdma,GDMA_INT_RAW_CH2,0x020,GDMA_OUTFIFO_OVF_CH2_INT_RAW,11,1,RO,UNVERIFIED,0x0,0x0,0x0,R/WTC/SS,IDF v5.5.3 soc/esp32c3/register/soc/gdma_reg.h:918,WTC: cleared by writing the corresponding WT field; SS: hardware sets it
gdma,GDMA_INT_RAW_CH2,0x020,GDMA_OUTFIFO_UDF_CH2_INT_RAW,12,1,RO,UNVERIFIED,0x0,0x0,0x0,R/WTC/SS,IDF v5.5.3 soc/esp32c3/register/soc/gdma_reg.h:926,WTC: cleared by writing the corresponding WT field; SS: hardware sets it
gdma,GDMA_INT_ST_CH2,0x024,GDMA_IN_DONE_CH2_INT_ST,0,1,RO,idf,0x0,0x0,0x0,RO,IDF v5.5.3 soc/esp32c3/register/soc/gdma_reg.h:939,
gdma,GDMA_INT_ST_CH2,0x024,GDMA_IN_SUC_EOF_CH2_INT_ST,1,1,RO,idf,0x0,0x0,0x0,RO,IDF v5.5.3 soc/esp32c3/register/soc/gdma_reg.h:946,
gdma,GDMA_INT_ST_CH2,0x024,GDMA_IN_ERR_EOF_CH2_INT_ST,2,1,RO,idf,0x0,0x0,0x0,RO,IDF v5.5.3 soc/esp32c3/register/soc/gdma_reg.h:953,
gdma,GDMA_INT_ST_CH2,0x024,GDMA_OUT_DONE_CH2_INT_ST,3,1,RO,idf,0x0,0x0,0x0,RO,IDF v5.5.3 soc/esp32c3/register/soc/gdma_reg.h:960,
gdma,GDMA_INT_ST_CH2,0x024,GDMA_OUT_EOF_CH2_INT_ST,4,1,RO,idf,0x0,0x0,0x0,RO,IDF v5.5.3 soc/esp32c3/register/soc/gdma_reg.h:967,
gdma,GDMA_INT_ST_CH2,0x024,GDMA_IN_DSCR_ERR_CH2_INT_ST,5,1,RO,idf,0x0,0x0,0x0,RO,IDF v5.5.3 soc/esp32c3/register/soc/gdma_reg.h:974,
gdma,GDMA_INT_ST_CH2,0x024,GDMA_OUT_DSCR_ERR_CH2_INT_ST,6,1,RO,idf,0x0,0x0,0x0,RO,IDF v5.5.3 soc/esp32c3/register/soc/gdma_reg.h:981,
gdma,GDMA_INT_ST_CH2,0x024,GDMA_IN_DSCR_EMPTY_CH2_INT_ST,7,1,RO,idf,0x0,0x0,0x0,RO,IDF v5.5.3 soc/esp32c3/register/soc/gdma_reg.h:988,
gdma,GDMA_INT_ST_CH2,0x024,GDMA_OUT_TOTAL_EOF_CH2_INT_ST,8,1,RO,idf,0x0,0x0,0x0,RO,IDF v5.5.3 soc/esp32c3/register/soc/gdma_reg.h:995,
gdma,GDMA_INT_ST_CH2,0x024,GDMA_INFIFO_OVF_CH2_INT_ST,9,1,RO,idf,0x0,0x0,0x0,RO,IDF v5.5.3 soc/esp32c3/register/soc/gdma_reg.h:1002,
gdma,GDMA_INT_ST_CH2,0x024,GDMA_INFIFO_UDF_CH2_INT_ST,10,1,RO,idf,0x0,0x0,0x0,RO,IDF v5.5.3 soc/esp32c3/register/soc/gdma_reg.h:1009,
gdma,GDMA_INT_ST_CH2,0x024,GDMA_OUTFIFO_OVF_CH2_INT_ST,11,1,RO,idf,0x0,0x0,0x0,RO,IDF v5.5.3 soc/esp32c3/register/soc/gdma_reg.h:1016,
gdma,GDMA_INT_ST_CH2,0x024,GDMA_OUTFIFO_UDF_CH2_INT_ST,12,1,RO,idf,0x0,0x0,0x0,RO,IDF v5.5.3 soc/esp32c3/register/soc/gdma_reg.h:1023,
gdma,GDMA_INT_ENA_CH2,0x028,GDMA_IN_DONE_CH2_INT_ENA,0,1,RW,idf,0x0,0x0,0x0,R/W,IDF v5.5.3 soc/esp32c3/register/soc/gdma_reg.h:1035,
gdma,GDMA_INT_ENA_CH2,0x028,GDMA_IN_SUC_EOF_CH2_INT_ENA,1,1,RW,idf,0x0,0x0,0x0,R/W,IDF v5.5.3 soc/esp32c3/register/soc/gdma_reg.h:1042,
gdma,GDMA_INT_ENA_CH2,0x028,GDMA_IN_ERR_EOF_CH2_INT_ENA,2,1,RW,idf,0x0,0x0,0x0,R/W,IDF v5.5.3 soc/esp32c3/register/soc/gdma_reg.h:1049,
gdma,GDMA_INT_ENA_CH2,0x028,GDMA_OUT_DONE_CH2_INT_ENA,3,1,RW,idf,0x0,0x0,0x0,R/W,IDF v5.5.3 soc/esp32c3/register/soc/gdma_reg.h:1056,
gdma,GDMA_INT_ENA_CH2,0x028,GDMA_OUT_EOF_CH2_INT_ENA,4,1,RW,idf,0x0,0x0,0x0,R/W,IDF v5.5.3 soc/esp32c3/register/soc/gdma_reg.h:1063,
gdma,GDMA_INT_ENA_CH2,0x028,GDMA_IN_DSCR_ERR_CH2_INT_ENA,5,1,RW,idf,0x0,0x0,0x0,R/W,IDF v5.5.3 soc/esp32c3/register/soc/gdma_reg.h:1070,
gdma,GDMA_INT_ENA_CH2,0x028,GDMA_OUT_DSCR_ERR_CH2_INT_ENA,6,1,RW,idf,0x0,0x0,0x0,R/W,IDF v5.5.3 soc/esp32c3/register/soc/gdma_reg.h:1077,
gdma,GDMA_INT_ENA_CH2,0x028,GDMA_IN_DSCR_EMPTY_CH2_INT_ENA,7,1,RW,idf,0x0,0x0,0x0,R/W,IDF v5.5.3 soc/esp32c3/register/soc/gdma_reg.h:1084,
gdma,GDMA_INT_ENA_CH2,0x028,GDMA_OUT_TOTAL_EOF_CH2_INT_ENA,8,1,RW,idf,0x0,0x0,0x0,R/W,IDF v5.5.3 soc/esp32c3/register/soc/gdma_reg.h:1091,
gdma,GDMA_INT_ENA_CH2,0x028,GDMA_INFIFO_OVF_CH2_INT_ENA,9,1,RW,idf,0x0,0x0,0x0,R/W,IDF v5.5.3 soc/esp32c3/register/soc/gdma_reg.h:1098,
gdma,GDMA_INT_ENA_CH2,0x028,GDMA_INFIFO_UDF_CH2_INT_ENA,10,1,RW,idf,0x0,0x0,0x0,R/W,IDF v5.5.3 soc/esp32c3/register/soc/gdma_reg.h:1105,
gdma,GDMA_INT_ENA_CH2,0x028,GDMA_OUTFIFO_OVF_CH2_INT_ENA,11,1,RW,idf,0x0,0x0,0x0,R/W,IDF v5.5.3 soc/esp32c3/register/soc/gdma_reg.h:1112,
gdma,GDMA_INT_ENA_CH2,0x028,GDMA_OUTFIFO_UDF_CH2_INT_ENA,12,1,RW,idf,0x0,0x0,0x0,R/W,IDF v5.5.3 soc/esp32c3/register/soc/gdma_reg.h:1119,
gdma,GDMA_INT_CLR_CH2,0x02C,GDMA_IN_DONE_CH2_INT_CLR,0,1,WT,idf,0x0,0x0,0x0,WT,IDF v5.5.3 soc/esp32c3/register/soc/gdma_reg.h:1131,
gdma,GDMA_INT_CLR_CH2,0x02C,GDMA_IN_SUC_EOF_CH2_INT_CLR,1,1,WT,idf,0x0,0x0,0x0,WT,IDF v5.5.3 soc/esp32c3/register/soc/gdma_reg.h:1138,
gdma,GDMA_INT_CLR_CH2,0x02C,GDMA_IN_ERR_EOF_CH2_INT_CLR,2,1,WT,idf,0x0,0x0,0x0,WT,IDF v5.5.3 soc/esp32c3/register/soc/gdma_reg.h:1145,
gdma,GDMA_INT_CLR_CH2,0x02C,GDMA_OUT_DONE_CH2_INT_CLR,3,1,WT,idf,0x0,0x0,0x0,WT,IDF v5.5.3 soc/esp32c3/register/soc/gdma_reg.h:1152,
gdma,GDMA_INT_CLR_CH2,0x02C,GDMA_OUT_EOF_CH2_INT_CLR,4,1,WT,idf,0x0,0x0,0x0,WT,IDF v5.5.3 soc/esp32c3/register/soc/gdma_reg.h:1159,
gdma,GDMA_INT_CLR_CH2,0x02C,GDMA_IN_DSCR_ERR_CH2_INT_CLR,5,1,WT,idf,0x0,0x0,0x0,WT,IDF v5.5.3 soc/esp32c3/register/soc/gdma_reg.h:1166,
gdma,GDMA_INT_CLR_CH2,0x02C,GDMA_OUT_DSCR_ERR_CH2_INT_CLR,6,1,WT,idf,0x0,0x0,0x0,WT,IDF v5.5.3 soc/esp32c3/register/soc/gdma_reg.h:1173,
gdma,GDMA_INT_CLR_CH2,0x02C,GDMA_IN_DSCR_EMPTY_CH2_INT_CLR,7,1,WT,idf,0x0,0x0,0x0,WT,IDF v5.5.3 soc/esp32c3/register/soc/gdma_reg.h:1180,
gdma,GDMA_INT_CLR_CH2,0x02C,GDMA_OUT_TOTAL_EOF_CH2_INT_CLR,8,1,WT,idf,0x0,0x0,0x0,WT,IDF v5.5.3 soc/esp32c3/register/soc/gdma_reg.h:1187,
gdma,GDMA_INT_CLR_CH2,0x02C,GDMA_INFIFO_OVF_CH2_INT_CLR,9,1,WT,idf,0x0,0x0,0x0,WT,IDF v5.5.3 soc/esp32c3/register/soc/gdma_reg.h:1194,
gdma,GDMA_INT_CLR_CH2,0x02C,GDMA_INFIFO_UDF_CH2_INT_CLR,10,1,WT,idf,0x0,0x0,0x0,WT,IDF v5.5.3 soc/esp32c3/register/soc/gdma_reg.h:1201,
gdma,GDMA_INT_CLR_CH2,0x02C,GDMA_OUTFIFO_OVF_CH2_INT_CLR,11,1,WT,idf,0x0,0x0,0x0,WT,IDF v5.5.3 soc/esp32c3/register/soc/gdma_reg.h:1208,
gdma,GDMA_INT_CLR_CH2,0x02C,GDMA_OUTFIFO_UDF_CH2_INT_CLR,12,1,WT,idf,0x0,0x0,0x0,WT,IDF v5.5.3 soc/esp32c3/register/soc/gdma_reg.h:1215,
gdma,GDMA_MISC_CONF,0x044,GDMA_AHBM_RST_INTER,0,1,RW,idf,0x0,0x0,0x0,R/W,IDF v5.5.3 soc/esp32c3/register/soc/gdma_reg.h:1227,
gdma,GDMA_MISC_CONF,0x044,GDMA_ARB_PRI_DIS,2,1,RW,idf,0x0,0x0,0x0,R/W,IDF v5.5.3 soc/esp32c3/register/soc/gdma_reg.h:1234,
gdma,GDMA_MISC_CONF,0x044,GDMA_CLK_EN,3,1,RW,idf,0x0,0x0,0x0,R/W,IDF v5.5.3 soc/esp32c3/register/soc/gdma_reg.h:1241,
gdma,GDMA_DATE,0x048,GDMA_DATE,0,32,RW,idf,0x2008250,0x2008250,0x2008250,R/W,IDF v5.5.3 soc/esp32c3/register/soc/gdma_reg.h:1254,
gdma,GDMA_IN_CONF0_CH0,0x070,GDMA_IN_RST_CH0,0,1,RW,idf,0x0,0x0,0x0,R/W,IDF v5.5.3 soc/esp32c3/register/soc/gdma_reg.h:1266,
gdma,GDMA_IN_CONF0_CH0,0x070,GDMA_IN_LOOP_TEST_CH0,1,1,RW,idf,0x0,0x0,0x0,R/W,IDF v5.5.3 soc/esp32c3/register/soc/gdma_reg.h:1273,
gdma,GDMA_IN_CONF0_CH0,0x070,GDMA_INDSCR_BURST_EN_CH0,2,1,RW,idf,0x0,0x0,0x0,R/W,IDF v5.5.3 soc/esp32c3/register/soc/gdma_reg.h:1281,
gdma,GDMA_IN_CONF0_CH0,0x070,GDMA_IN_DATA_BURST_EN_CH0,3,1,RW,idf,0x0,0x0,0x0,R/W,IDF v5.5.3 soc/esp32c3/register/soc/gdma_reg.h:1289,
gdma,GDMA_IN_CONF0_CH0,0x070,GDMA_MEM_TRANS_EN_CH0,4,1,RW,idf,0x0,0x0,0x0,R/W,IDF v5.5.3 soc/esp32c3/register/soc/gdma_reg.h:1297,
gdma,GDMA_IN_CONF1_CH0,0x074,GDMA_IN_CHECK_OWNER_CH0,12,1,RW,idf,0x0,0x0,0x0,R/W,IDF v5.5.3 soc/esp32c3/register/soc/gdma_reg.h:1309,
gdma,GDMA_INFIFO_STATUS_CH0,0x078,GDMA_INFIFO_FULL_CH0,0,1,RO,idf,0x0,0x0,0x0,RO,IDF v5.5.3 soc/esp32c3/register/soc/gdma_reg.h:1322,
gdma,GDMA_INFIFO_STATUS_CH0,0x078,GDMA_INFIFO_EMPTY_CH0,1,1,RO,idf,0x0,0x0,0x0,RO,IDF v5.5.3 soc/esp32c3/register/soc/gdma_reg.h:1329,
gdma,GDMA_INFIFO_STATUS_CH0,0x078,GDMA_INFIFO_CNT_CH0,2,6,RO,idf,0x0,0x0,0x0,RO,IDF v5.5.3 soc/esp32c3/register/soc/gdma_reg.h:1336,
gdma,GDMA_INFIFO_STATUS_CH0,0x078,GDMA_IN_REMAIN_UNDER_1B_CH0,23,1,RO,idf,0x0,0x0,0x0,RO,IDF v5.5.3 soc/esp32c3/register/soc/gdma_reg.h:1343,
gdma,GDMA_INFIFO_STATUS_CH0,0x078,GDMA_IN_REMAIN_UNDER_2B_CH0,24,1,RO,idf,0x0,0x0,0x0,RO,IDF v5.5.3 soc/esp32c3/register/soc/gdma_reg.h:1350,
gdma,GDMA_INFIFO_STATUS_CH0,0x078,GDMA_IN_REMAIN_UNDER_3B_CH0,25,1,RO,idf,0x0,0x0,0x0,RO,IDF v5.5.3 soc/esp32c3/register/soc/gdma_reg.h:1357,
gdma,GDMA_INFIFO_STATUS_CH0,0x078,GDMA_IN_REMAIN_UNDER_4B_CH0,26,1,RO,idf,0x0,0x0,0x0,RO,IDF v5.5.3 soc/esp32c3/register/soc/gdma_reg.h:1364,
gdma,GDMA_INFIFO_STATUS_CH0,0x078,GDMA_IN_BUF_HUNGRY_CH0,27,1,RO,idf,0x0,0x0,0x0,RO,IDF v5.5.3 soc/esp32c3/register/soc/gdma_reg.h:1371,
gdma,GDMA_IN_POP_CH0,0x07C,GDMA_INFIFO_RDATA_CH0,0,12,RO,idf,0x800,0x800,0x800,RO,IDF v5.5.3 soc/esp32c3/register/soc/gdma_reg.h:1383,
gdma,GDMA_IN_POP_CH0,0x07C,GDMA_INFIFO_POP_CH0,12,1,SC,idf,0x0,0x0,0x0,R/W/SC,IDF v5.5.3 soc/esp32c3/register/soc/gdma_reg.h:1390,
gdma,GDMA_IN_LINK_CH0,0x080,GDMA_INLINK_ADDR_CH0,0,20,RW,idf,0x0,0x0,0x0,R/W,IDF v5.5.3 soc/esp32c3/register/soc/gdma_reg.h:1402,
gdma,GDMA_IN_LINK_CH0,0x080,GDMA_INLINK_AUTO_RET_CH0,20,1,RW,idf,0x0,0x0,0x0,R/W,IDF v5.5.3 soc/esp32c3/register/soc/gdma_reg.h:1410,
gdma,GDMA_IN_LINK_CH0,0x080,GDMA_INLINK_STOP_CH0,21,1,SC,idf,0x0,0x0,0x0,R/W/SC,IDF v5.5.3 soc/esp32c3/register/soc/gdma_reg.h:1418,
gdma,GDMA_IN_LINK_CH0,0x080,GDMA_INLINK_START_CH0,22,1,SC,idf,0x0,0x0,0x0,R/W/SC,IDF v5.5.3 soc/esp32c3/register/soc/gdma_reg.h:1425,
gdma,GDMA_IN_LINK_CH0,0x080,GDMA_INLINK_RESTART_CH0,23,1,SC,idf,0x0,0x0,0x0,R/W/SC,IDF v5.5.3 soc/esp32c3/register/soc/gdma_reg.h:1432,
gdma,GDMA_IN_LINK_CH0,0x080,GDMA_INLINK_PARK_CH0,24,1,RO,idf,0x0,0x0,0x0,RO,IDF v5.5.3 soc/esp32c3/register/soc/gdma_reg.h:1439,
gdma,GDMA_IN_STATE_CH0,0x084,GDMA_INLINK_DSCR_ADDR_CH0,0,18,RO,idf,0x0,0x0,0x0,RO,IDF v5.5.3 soc/esp32c3/register/soc/gdma_reg.h:1452,
gdma,GDMA_IN_STATE_CH0,0x084,GDMA_IN_DSCR_STATE_CH0,18,2,RO,idf,0x0,0x0,0x0,RO,IDF v5.5.3 soc/esp32c3/register/soc/gdma_reg.h:1462,
gdma,GDMA_IN_STATE_CH0,0x084,GDMA_IN_STATE_CH0,20,3,RO,idf,0x0,0x0,0x0,RO,IDF v5.5.3 soc/esp32c3/register/soc/gdma_reg.h:1469,
gdma,GDMA_IN_SUC_EOF_DES_ADDR_CH0,0x088,GDMA_IN_SUC_EOF_DES_ADDR_CH0,0,32,RO,idf,0x0,0x0,0x0,RO,IDF v5.5.3 soc/esp32c3/register/soc/gdma_reg.h:1481,
gdma,GDMA_IN_ERR_EOF_DES_ADDR_CH0,0x08C,GDMA_IN_ERR_EOF_DES_ADDR_CH0,0,32,RO,idf,0x0,0x0,0x0,RO,IDF v5.5.3 soc/esp32c3/register/soc/gdma_reg.h:1494,
gdma,GDMA_IN_DSCR_CH0,0x090,GDMA_INLINK_DSCR_CH0,0,32,RO,idf,0x0,0x0,0x0,RO,IDF v5.5.3 soc/esp32c3/register/soc/gdma_reg.h:1508,
gdma,GDMA_IN_DSCR_BF0_CH0,0x094,GDMA_INLINK_DSCR_BF0_CH0,0,32,RO,idf,0x0,0x0,0x0,RO,IDF v5.5.3 soc/esp32c3/register/soc/gdma_reg.h:1521,
gdma,GDMA_IN_DSCR_BF1_CH0,0x098,GDMA_INLINK_DSCR_BF1_CH0,0,32,RO,idf,0x0,0x0,0x0,RO,IDF v5.5.3 soc/esp32c3/register/soc/gdma_reg.h:1533,
gdma,GDMA_IN_PRI_CH0,0x09C,GDMA_RX_PRI_CH0,0,4,RW,idf,0x0,0x0,0x0,R/W,IDF v5.5.3 soc/esp32c3/register/soc/gdma_reg.h:1545,
gdma,GDMA_IN_PERI_SEL_CH0,0x0A0,GDMA_PERI_IN_SEL_CH0,0,6,RW,idf,0x3F,0x3F,0x3F,R/W,IDF v5.5.3 soc/esp32c3/register/soc/gdma_reg.h:1557,
gdma,GDMA_OUT_CONF0_CH0,0x0D0,GDMA_OUT_RST_CH0,0,1,RW,idf,0x0,0x0,0x0,R/W,IDF v5.5.3 soc/esp32c3/register/soc/gdma_reg.h:1570,
gdma,GDMA_OUT_CONF0_CH0,0x0D0,GDMA_OUT_LOOP_TEST_CH0,1,1,RW,idf,0x0,0x0,0x0,R/W,IDF v5.5.3 soc/esp32c3/register/soc/gdma_reg.h:1577,
gdma,GDMA_OUT_CONF0_CH0,0x0D0,GDMA_OUT_AUTO_WRBACK_CH0,2,1,RW,idf,0x0,0x0,0x0,R/W,IDF v5.5.3 soc/esp32c3/register/soc/gdma_reg.h:1584,
gdma,GDMA_OUT_CONF0_CH0,0x0D0,GDMA_OUT_EOF_MODE_CH0,3,1,RW,idf,0x0,0x0,0x0,R/W,IDF v5.5.3 soc/esp32c3/register/soc/gdma_reg.h:1592,
gdma,GDMA_OUT_CONF0_CH0,0x0D0,GDMA_OUTDSCR_BURST_EN_CH0,4,1,RW,idf,0x0,0x0,0x0,R/W,IDF v5.5.3 soc/esp32c3/register/soc/gdma_reg.h:1600,
gdma,GDMA_OUT_CONF0_CH0,0x0D0,GDMA_OUT_DATA_BURST_EN_CH0,5,1,RW,idf,0x0,0x0,0x0,R/W,IDF v5.5.3 soc/esp32c3/register/soc/gdma_reg.h:1608,
gdma,GDMA_OUT_CONF1_CH0,0x0D4,GDMA_OUT_CHECK_OWNER_CH0,12,1,RW,idf,0x0,0x0,0x0,R/W,IDF v5.5.3 soc/esp32c3/register/soc/gdma_reg.h:1621,
gdma,GDMA_OUTFIFO_STATUS_CH0,0x0D8,GDMA_OUTFIFO_FULL_CH0,0,1,RO,idf,0x0,0x0,0x0,RO,IDF v5.5.3 soc/esp32c3/register/soc/gdma_reg.h:1633,
gdma,GDMA_OUTFIFO_STATUS_CH0,0x0D8,GDMA_OUTFIFO_EMPTY_CH0,1,1,RO,idf,0x0,0x0,0x0,RO,IDF v5.5.3 soc/esp32c3/register/soc/gdma_reg.h:1640,
gdma,GDMA_OUTFIFO_STATUS_CH0,0x0D8,GDMA_OUTFIFO_CNT_CH0,2,6,RO,idf,0x0,0x0,0x0,RO,IDF v5.5.3 soc/esp32c3/register/soc/gdma_reg.h:1647,
gdma,GDMA_OUTFIFO_STATUS_CH0,0x0D8,GDMA_OUT_REMAIN_UNDER_1B_CH0,23,1,RO,idf,0x0,0x0,0x0,RO,IDF v5.5.3 soc/esp32c3/register/soc/gdma_reg.h:1654,
gdma,GDMA_OUTFIFO_STATUS_CH0,0x0D8,GDMA_OUT_REMAIN_UNDER_2B_CH0,24,1,RO,idf,0x0,0x0,0x0,RO,IDF v5.5.3 soc/esp32c3/register/soc/gdma_reg.h:1661,
gdma,GDMA_OUTFIFO_STATUS_CH0,0x0D8,GDMA_OUT_REMAIN_UNDER_3B_CH0,25,1,RO,idf,0x0,0x0,0x0,RO,IDF v5.5.3 soc/esp32c3/register/soc/gdma_reg.h:1668,
gdma,GDMA_OUTFIFO_STATUS_CH0,0x0D8,GDMA_OUT_REMAIN_UNDER_4B_CH0,26,1,RO,idf,0x0,0x0,0x0,RO,IDF v5.5.3 soc/esp32c3/register/soc/gdma_reg.h:1675,
gdma,GDMA_OUT_PUSH_CH0,0x0DC,GDMA_OUTFIFO_WDATA_CH0,0,9,RW,idf,0x0,0x0,0x0,R/W,IDF v5.5.3 soc/esp32c3/register/soc/gdma_reg.h:1687,
gdma,GDMA_OUT_PUSH_CH0,0x0DC,GDMA_OUTFIFO_PUSH_CH0,9,1,SC,idf,0x0,0x0,0x0,R/W/SC,IDF v5.5.3 soc/esp32c3/register/soc/gdma_reg.h:1694,
gdma,GDMA_OUT_LINK_CH0,0x0E0,GDMA_OUTLINK_ADDR_CH0,0,20,RW,idf,0x0,0x0,0x0,R/W,IDF v5.5.3 soc/esp32c3/register/soc/gdma_reg.h:1706,
gdma,GDMA_OUT_LINK_CH0,0x0E0,GDMA_OUTLINK_STOP_CH0,20,1,SC,idf,0x0,0x0,0x0,R/W/SC,IDF v5.5.3 soc/esp32c3/register/soc/gdma_reg.h:1714,
gdma,GDMA_OUT_LINK_CH0,0x0E0,GDMA_OUTLINK_START_CH0,21,1,SC,idf,0x0,0x0,0x0,R/W/SC,IDF v5.5.3 soc/esp32c3/register/soc/gdma_reg.h:1721,
gdma,GDMA_OUT_LINK_CH0,0x0E0,GDMA_OUTLINK_RESTART_CH0,22,1,SC,idf,0x0,0x0,0x0,R/W/SC,IDF v5.5.3 soc/esp32c3/register/soc/gdma_reg.h:1728,
gdma,GDMA_OUT_LINK_CH0,0x0E0,GDMA_OUTLINK_PARK_CH0,23,1,RO,idf,0x0,0x0,0x0,RO,IDF v5.5.3 soc/esp32c3/register/soc/gdma_reg.h:1735,
gdma,GDMA_OUT_STATE_CH0,0x0E4,GDMA_OUTLINK_DSCR_ADDR_CH0,0,18,RO,idf,0x0,0x0,0x0,RO,IDF v5.5.3 soc/esp32c3/register/soc/gdma_reg.h:1748,
gdma,GDMA_OUT_STATE_CH0,0x0E4,GDMA_OUT_DSCR_STATE_CH0,18,2,RO,idf,0x0,0x0,0x0,RO,IDF v5.5.3 soc/esp32c3/register/soc/gdma_reg.h:1758,
gdma,GDMA_OUT_STATE_CH0,0x0E4,GDMA_OUT_STATE_CH0,20,3,RO,idf,0x0,0x0,0x0,RO,IDF v5.5.3 soc/esp32c3/register/soc/gdma_reg.h:1765,
gdma,GDMA_OUT_EOF_DES_ADDR_CH0,0x0E8,GDMA_OUT_EOF_DES_ADDR_CH0,0,32,RO,idf,0x0,0x0,0x0,RO,IDF v5.5.3 soc/esp32c3/register/soc/gdma_reg.h:1777,
gdma,GDMA_OUT_EOF_BFR_DES_ADDR_CH0,0x0EC,GDMA_OUT_EOF_BFR_DES_ADDR_CH0,0,32,RO,idf,0x0,0x0,0x0,RO,IDF v5.5.3 soc/esp32c3/register/soc/gdma_reg.h:1790,
gdma,GDMA_OUT_DSCR_CH0,0x0F0,GDMA_OUTLINK_DSCR_CH0,0,32,RO,idf,0x0,0x0,0x0,RO,IDF v5.5.3 soc/esp32c3/register/soc/gdma_reg.h:1804,
gdma,GDMA_OUT_DSCR_BF0_CH0,0x0F4,GDMA_OUTLINK_DSCR_BF0_CH0,0,32,RO,idf,0x0,0x0,0x0,RO,IDF v5.5.3 soc/esp32c3/register/soc/gdma_reg.h:1817,
gdma,GDMA_OUT_DSCR_BF1_CH0,0x0F8,GDMA_OUTLINK_DSCR_BF1_CH0,0,32,RO,idf,0x0,0x0,0x0,RO,IDF v5.5.3 soc/esp32c3/register/soc/gdma_reg.h:1829,
gdma,GDMA_OUT_PRI_CH0,0x0FC,GDMA_TX_PRI_CH0,0,4,RW,idf,0x0,0x0,0x0,R/W,IDF v5.5.3 soc/esp32c3/register/soc/gdma_reg.h:1841,
gdma,GDMA_OUT_PERI_SEL_CH0,0x100,GDMA_PERI_OUT_SEL_CH0,0,6,RW,idf,0x3F,0x3F,0x3F,R/W,IDF v5.5.3 soc/esp32c3/register/soc/gdma_reg.h:1853,
gdma,GDMA_IN_CONF0_CH1,0x130,GDMA_IN_RST_CH1,0,1,RW,idf,0x0,0x0,0x0,R/W,IDF v5.5.3 soc/esp32c3/register/soc/gdma_reg.h:1866,
gdma,GDMA_IN_CONF0_CH1,0x130,GDMA_IN_LOOP_TEST_CH1,1,1,RW,idf,0x0,0x0,0x0,R/W,IDF v5.5.3 soc/esp32c3/register/soc/gdma_reg.h:1873,
gdma,GDMA_IN_CONF0_CH1,0x130,GDMA_INDSCR_BURST_EN_CH1,2,1,RW,idf,0x0,0x0,0x0,R/W,IDF v5.5.3 soc/esp32c3/register/soc/gdma_reg.h:1881,
gdma,GDMA_IN_CONF0_CH1,0x130,GDMA_IN_DATA_BURST_EN_CH1,3,1,RW,idf,0x0,0x0,0x0,R/W,IDF v5.5.3 soc/esp32c3/register/soc/gdma_reg.h:1889,
gdma,GDMA_IN_CONF0_CH1,0x130,GDMA_MEM_TRANS_EN_CH1,4,1,RW,idf,0x0,0x0,0x0,R/W,IDF v5.5.3 soc/esp32c3/register/soc/gdma_reg.h:1897,
gdma,GDMA_IN_CONF1_CH1,0x134,GDMA_IN_CHECK_OWNER_CH1,12,1,RW,idf,0x0,0x0,0x0,R/W,IDF v5.5.3 soc/esp32c3/register/soc/gdma_reg.h:1909,
gdma,GDMA_INFIFO_STATUS_CH1,0x138,GDMA_INFIFO_FULL_CH1,0,1,RO,idf,0x0,0x0,0x0,RO,IDF v5.5.3 soc/esp32c3/register/soc/gdma_reg.h:1922,
gdma,GDMA_INFIFO_STATUS_CH1,0x138,GDMA_INFIFO_EMPTY_CH1,1,1,RO,idf,0x0,0x0,0x0,RO,IDF v5.5.3 soc/esp32c3/register/soc/gdma_reg.h:1929,
gdma,GDMA_INFIFO_STATUS_CH1,0x138,GDMA_INFIFO_CNT_CH1,2,6,RO,idf,0x0,0x0,0x0,RO,IDF v5.5.3 soc/esp32c3/register/soc/gdma_reg.h:1936,
gdma,GDMA_INFIFO_STATUS_CH1,0x138,GDMA_IN_REMAIN_UNDER_1B_CH1,23,1,RO,idf,0x0,0x0,0x0,RO,IDF v5.5.3 soc/esp32c3/register/soc/gdma_reg.h:1943,
gdma,GDMA_INFIFO_STATUS_CH1,0x138,GDMA_IN_REMAIN_UNDER_2B_CH1,24,1,RO,idf,0x0,0x0,0x0,RO,IDF v5.5.3 soc/esp32c3/register/soc/gdma_reg.h:1950,
gdma,GDMA_INFIFO_STATUS_CH1,0x138,GDMA_IN_REMAIN_UNDER_3B_CH1,25,1,RO,idf,0x0,0x0,0x0,RO,IDF v5.5.3 soc/esp32c3/register/soc/gdma_reg.h:1957,
gdma,GDMA_INFIFO_STATUS_CH1,0x138,GDMA_IN_REMAIN_UNDER_4B_CH1,26,1,RO,idf,0x0,0x0,0x0,RO,IDF v5.5.3 soc/esp32c3/register/soc/gdma_reg.h:1964,
gdma,GDMA_INFIFO_STATUS_CH1,0x138,GDMA_IN_BUF_HUNGRY_CH1,27,1,RO,idf,0x0,0x0,0x0,RO,IDF v5.5.3 soc/esp32c3/register/soc/gdma_reg.h:1971,
gdma,GDMA_IN_POP_CH1,0x13C,GDMA_INFIFO_RDATA_CH1,0,12,RO,idf,0x800,0x800,0x800,RO,IDF v5.5.3 soc/esp32c3/register/soc/gdma_reg.h:1983,
gdma,GDMA_IN_POP_CH1,0x13C,GDMA_INFIFO_POP_CH1,12,1,SC,idf,0x0,0x0,0x0,R/W/SC,IDF v5.5.3 soc/esp32c3/register/soc/gdma_reg.h:1990,
gdma,GDMA_IN_LINK_CH1,0x140,GDMA_INLINK_ADDR_CH1,0,20,RW,idf,0x0,0x0,0x0,R/W,IDF v5.5.3 soc/esp32c3/register/soc/gdma_reg.h:2002,
gdma,GDMA_IN_LINK_CH1,0x140,GDMA_INLINK_AUTO_RET_CH1,20,1,RW,idf,0x0,0x0,0x0,R/W,IDF v5.5.3 soc/esp32c3/register/soc/gdma_reg.h:2010,
gdma,GDMA_IN_LINK_CH1,0x140,GDMA_INLINK_STOP_CH1,21,1,SC,idf,0x0,0x0,0x0,R/W/SC,IDF v5.5.3 soc/esp32c3/register/soc/gdma_reg.h:2018,
gdma,GDMA_IN_LINK_CH1,0x140,GDMA_INLINK_START_CH1,22,1,SC,idf,0x0,0x0,0x0,R/W/SC,IDF v5.5.3 soc/esp32c3/register/soc/gdma_reg.h:2025,
gdma,GDMA_IN_LINK_CH1,0x140,GDMA_INLINK_RESTART_CH1,23,1,SC,idf,0x0,0x0,0x0,R/W/SC,IDF v5.5.3 soc/esp32c3/register/soc/gdma_reg.h:2032,
gdma,GDMA_IN_LINK_CH1,0x140,GDMA_INLINK_PARK_CH1,24,1,RO,idf,0x0,0x0,0x0,RO,IDF v5.5.3 soc/esp32c3/register/soc/gdma_reg.h:2039,
gdma,GDMA_IN_STATE_CH1,0x144,GDMA_INLINK_DSCR_ADDR_CH1,0,18,RO,idf,0x0,0x0,0x0,RO,IDF v5.5.3 soc/esp32c3/register/soc/gdma_reg.h:2052,
gdma,GDMA_IN_STATE_CH1,0x144,GDMA_IN_DSCR_STATE_CH1,18,2,RO,idf,0x0,0x0,0x0,RO,IDF v5.5.3 soc/esp32c3/register/soc/gdma_reg.h:2062,
gdma,GDMA_IN_STATE_CH1,0x144,GDMA_IN_STATE_CH1,20,3,RO,idf,0x0,0x0,0x0,RO,IDF v5.5.3 soc/esp32c3/register/soc/gdma_reg.h:2069,
gdma,GDMA_IN_SUC_EOF_DES_ADDR_CH1,0x148,GDMA_IN_SUC_EOF_DES_ADDR_CH1,0,32,RO,idf,0x0,0x0,0x0,RO,IDF v5.5.3 soc/esp32c3/register/soc/gdma_reg.h:2081,
gdma,GDMA_IN_ERR_EOF_DES_ADDR_CH1,0x14C,GDMA_IN_ERR_EOF_DES_ADDR_CH1,0,32,RO,idf,0x0,0x0,0x0,RO,IDF v5.5.3 soc/esp32c3/register/soc/gdma_reg.h:2094,
gdma,GDMA_IN_DSCR_CH1,0x150,GDMA_INLINK_DSCR_CH1,0,32,RO,idf,0x0,0x0,0x0,RO,IDF v5.5.3 soc/esp32c3/register/soc/gdma_reg.h:2108,
gdma,GDMA_IN_DSCR_BF0_CH1,0x154,GDMA_INLINK_DSCR_BF0_CH1,0,32,RO,idf,0x0,0x0,0x0,RO,IDF v5.5.3 soc/esp32c3/register/soc/gdma_reg.h:2121,
gdma,GDMA_IN_DSCR_BF1_CH1,0x158,GDMA_INLINK_DSCR_BF1_CH1,0,32,RO,idf,0x0,0x0,0x0,RO,IDF v5.5.3 soc/esp32c3/register/soc/gdma_reg.h:2133,
gdma,GDMA_IN_PRI_CH1,0x15C,GDMA_RX_PRI_CH1,0,4,RW,idf,0x0,0x0,0x0,R/W,IDF v5.5.3 soc/esp32c3/register/soc/gdma_reg.h:2145,
gdma,GDMA_IN_PERI_SEL_CH1,0x160,GDMA_PERI_IN_SEL_CH1,0,6,RW,idf,0x3F,0x3F,0x3F,R/W,IDF v5.5.3 soc/esp32c3/register/soc/gdma_reg.h:2157,
gdma,GDMA_OUT_CONF0_CH1,0x190,GDMA_OUT_RST_CH1,0,1,RW,idf,0x0,0x0,0x0,R/W,IDF v5.5.3 soc/esp32c3/register/soc/gdma_reg.h:2170,
gdma,GDMA_OUT_CONF0_CH1,0x190,GDMA_OUT_LOOP_TEST_CH1,1,1,RW,idf,0x0,0x0,0x0,R/W,IDF v5.5.3 soc/esp32c3/register/soc/gdma_reg.h:2177,
gdma,GDMA_OUT_CONF0_CH1,0x190,GDMA_OUT_AUTO_WRBACK_CH1,2,1,RW,idf,0x0,0x0,0x0,R/W,IDF v5.5.3 soc/esp32c3/register/soc/gdma_reg.h:2184,
gdma,GDMA_OUT_CONF0_CH1,0x190,GDMA_OUT_EOF_MODE_CH1,3,1,RW,idf,0x0,0x0,0x0,R/W,IDF v5.5.3 soc/esp32c3/register/soc/gdma_reg.h:2192,
gdma,GDMA_OUT_CONF0_CH1,0x190,GDMA_OUTDSCR_BURST_EN_CH1,4,1,RW,idf,0x0,0x0,0x0,R/W,IDF v5.5.3 soc/esp32c3/register/soc/gdma_reg.h:2200,
gdma,GDMA_OUT_CONF0_CH1,0x190,GDMA_OUT_DATA_BURST_EN_CH1,5,1,RW,idf,0x0,0x0,0x0,R/W,IDF v5.5.3 soc/esp32c3/register/soc/gdma_reg.h:2208,
gdma,GDMA_OUT_CONF1_CH1,0x194,GDMA_OUT_CHECK_OWNER_CH1,12,1,RW,idf,0x0,0x0,0x0,R/W,IDF v5.5.3 soc/esp32c3/register/soc/gdma_reg.h:2221,
gdma,GDMA_OUTFIFO_STATUS_CH1,0x198,GDMA_OUTFIFO_FULL_CH1,0,1,RO,idf,0x0,0x0,0x0,RO,IDF v5.5.3 soc/esp32c3/register/soc/gdma_reg.h:2233,
gdma,GDMA_OUTFIFO_STATUS_CH1,0x198,GDMA_OUTFIFO_EMPTY_CH1,1,1,RO,idf,0x0,0x0,0x0,RO,IDF v5.5.3 soc/esp32c3/register/soc/gdma_reg.h:2240,
gdma,GDMA_OUTFIFO_STATUS_CH1,0x198,GDMA_OUTFIFO_CNT_CH1,2,6,RO,idf,0x0,0x0,0x0,RO,IDF v5.5.3 soc/esp32c3/register/soc/gdma_reg.h:2247,
gdma,GDMA_OUTFIFO_STATUS_CH1,0x198,GDMA_OUT_REMAIN_UNDER_1B_CH1,23,1,RO,idf,0x0,0x0,0x0,RO,IDF v5.5.3 soc/esp32c3/register/soc/gdma_reg.h:2254,
gdma,GDMA_OUTFIFO_STATUS_CH1,0x198,GDMA_OUT_REMAIN_UNDER_2B_CH1,24,1,RO,idf,0x0,0x0,0x0,RO,IDF v5.5.3 soc/esp32c3/register/soc/gdma_reg.h:2261,
gdma,GDMA_OUTFIFO_STATUS_CH1,0x198,GDMA_OUT_REMAIN_UNDER_3B_CH1,25,1,RO,idf,0x0,0x0,0x0,RO,IDF v5.5.3 soc/esp32c3/register/soc/gdma_reg.h:2268,
gdma,GDMA_OUTFIFO_STATUS_CH1,0x198,GDMA_OUT_REMAIN_UNDER_4B_CH1,26,1,RO,idf,0x0,0x0,0x0,RO,IDF v5.5.3 soc/esp32c3/register/soc/gdma_reg.h:2275,
gdma,GDMA_OUT_PUSH_CH1,0x19C,GDMA_OUTFIFO_WDATA_CH1,0,9,RW,idf,0x0,0x0,0x0,R/W,IDF v5.5.3 soc/esp32c3/register/soc/gdma_reg.h:2287,
gdma,GDMA_OUT_PUSH_CH1,0x19C,GDMA_OUTFIFO_PUSH_CH1,9,1,SC,idf,0x0,0x0,0x0,R/W/SC,IDF v5.5.3 soc/esp32c3/register/soc/gdma_reg.h:2294,
gdma,GDMA_OUT_LINK_CH1,0x1A0,GDMA_OUTLINK_ADDR_CH1,0,20,RW,idf,0x0,0x0,0x0,R/W,IDF v5.5.3 soc/esp32c3/register/soc/gdma_reg.h:2306,
gdma,GDMA_OUT_LINK_CH1,0x1A0,GDMA_OUTLINK_STOP_CH1,20,1,SC,idf,0x0,0x0,0x0,R/W/SC,IDF v5.5.3 soc/esp32c3/register/soc/gdma_reg.h:2314,
gdma,GDMA_OUT_LINK_CH1,0x1A0,GDMA_OUTLINK_START_CH1,21,1,SC,idf,0x0,0x0,0x0,R/W/SC,IDF v5.5.3 soc/esp32c3/register/soc/gdma_reg.h:2321,
gdma,GDMA_OUT_LINK_CH1,0x1A0,GDMA_OUTLINK_RESTART_CH1,22,1,SC,idf,0x0,0x0,0x0,R/W/SC,IDF v5.5.3 soc/esp32c3/register/soc/gdma_reg.h:2328,
gdma,GDMA_OUT_LINK_CH1,0x1A0,GDMA_OUTLINK_PARK_CH1,23,1,RO,idf,0x0,0x0,0x0,RO,IDF v5.5.3 soc/esp32c3/register/soc/gdma_reg.h:2335,
gdma,GDMA_OUT_STATE_CH1,0x1A4,GDMA_OUTLINK_DSCR_ADDR_CH1,0,18,RO,idf,0x0,0x0,0x0,RO,IDF v5.5.3 soc/esp32c3/register/soc/gdma_reg.h:2348,
gdma,GDMA_OUT_STATE_CH1,0x1A4,GDMA_OUT_DSCR_STATE_CH1,18,2,RO,idf,0x0,0x0,0x0,RO,IDF v5.5.3 soc/esp32c3/register/soc/gdma_reg.h:2358,
gdma,GDMA_OUT_STATE_CH1,0x1A4,GDMA_OUT_STATE_CH1,20,3,RO,idf,0x0,0x0,0x0,RO,IDF v5.5.3 soc/esp32c3/register/soc/gdma_reg.h:2365,
gdma,GDMA_OUT_EOF_DES_ADDR_CH1,0x1A8,GDMA_OUT_EOF_DES_ADDR_CH1,0,32,RO,idf,0x0,0x0,0x0,RO,IDF v5.5.3 soc/esp32c3/register/soc/gdma_reg.h:2377,
gdma,GDMA_OUT_EOF_BFR_DES_ADDR_CH1,0x1AC,GDMA_OUT_EOF_BFR_DES_ADDR_CH1,0,32,RO,idf,0x0,0x0,0x0,RO,IDF v5.5.3 soc/esp32c3/register/soc/gdma_reg.h:2390,
gdma,GDMA_OUT_DSCR_CH1,0x1B0,GDMA_OUTLINK_DSCR_CH1,0,32,RO,idf,0x0,0x0,0x0,RO,IDF v5.5.3 soc/esp32c3/register/soc/gdma_reg.h:2404,
gdma,GDMA_OUT_DSCR_BF0_CH1,0x1B4,GDMA_OUTLINK_DSCR_BF0_CH1,0,32,RO,idf,0x0,0x0,0x0,RO,IDF v5.5.3 soc/esp32c3/register/soc/gdma_reg.h:2417,
gdma,GDMA_OUT_DSCR_BF1_CH1,0x1B8,GDMA_OUTLINK_DSCR_BF1_CH1,0,32,RO,idf,0x0,0x0,0x0,RO,IDF v5.5.3 soc/esp32c3/register/soc/gdma_reg.h:2429,
gdma,GDMA_OUT_PRI_CH1,0x1BC,GDMA_TX_PRI_CH1,0,4,RW,idf,0x0,0x0,0x0,R/W,IDF v5.5.3 soc/esp32c3/register/soc/gdma_reg.h:2441,
gdma,GDMA_OUT_PERI_SEL_CH1,0x1C0,GDMA_PERI_OUT_SEL_CH1,0,6,RW,idf,0x3F,0x3F,0x3F,R/W,IDF v5.5.3 soc/esp32c3/register/soc/gdma_reg.h:2453,
gdma,GDMA_IN_CONF0_CH2,0x1F0,GDMA_IN_RST_CH2,0,1,RW,idf,0x0,0x0,0x0,R/W,IDF v5.5.3 soc/esp32c3/register/soc/gdma_reg.h:2466,
gdma,GDMA_IN_CONF0_CH2,0x1F0,GDMA_IN_LOOP_TEST_CH2,1,1,RW,idf,0x0,0x0,0x0,R/W,IDF v5.5.3 soc/esp32c3/register/soc/gdma_reg.h:2473,
gdma,GDMA_IN_CONF0_CH2,0x1F0,GDMA_INDSCR_BURST_EN_CH2,2,1,RW,idf,0x0,0x0,0x0,R/W,IDF v5.5.3 soc/esp32c3/register/soc/gdma_reg.h:2481,
gdma,GDMA_IN_CONF0_CH2,0x1F0,GDMA_IN_DATA_BURST_EN_CH2,3,1,RW,idf,0x0,0x0,0x0,R/W,IDF v5.5.3 soc/esp32c3/register/soc/gdma_reg.h:2489,
gdma,GDMA_IN_CONF0_CH2,0x1F0,GDMA_MEM_TRANS_EN_CH2,4,1,RW,idf,0x0,0x0,0x0,R/W,IDF v5.5.3 soc/esp32c3/register/soc/gdma_reg.h:2497,
gdma,GDMA_IN_CONF1_CH2,0x1F4,GDMA_IN_CHECK_OWNER_CH2,12,1,RW,idf,0x0,0x0,0x0,R/W,IDF v5.5.3 soc/esp32c3/register/soc/gdma_reg.h:2509,
gdma,GDMA_INFIFO_STATUS_CH2,0x1F8,GDMA_INFIFO_FULL_CH2,0,1,RO,idf,0x0,0x0,0x0,RO,IDF v5.5.3 soc/esp32c3/register/soc/gdma_reg.h:2522,
gdma,GDMA_INFIFO_STATUS_CH2,0x1F8,GDMA_INFIFO_EMPTY_CH2,1,1,RO,idf,0x0,0x0,0x0,RO,IDF v5.5.3 soc/esp32c3/register/soc/gdma_reg.h:2529,
gdma,GDMA_INFIFO_STATUS_CH2,0x1F8,GDMA_INFIFO_CNT_CH2,2,6,RO,idf,0x0,0x0,0x0,RO,IDF v5.5.3 soc/esp32c3/register/soc/gdma_reg.h:2536,
gdma,GDMA_INFIFO_STATUS_CH2,0x1F8,GDMA_IN_REMAIN_UNDER_1B_CH2,23,1,RO,idf,0x0,0x0,0x0,RO,IDF v5.5.3 soc/esp32c3/register/soc/gdma_reg.h:2543,
gdma,GDMA_INFIFO_STATUS_CH2,0x1F8,GDMA_IN_REMAIN_UNDER_2B_CH2,24,1,RO,idf,0x0,0x0,0x0,RO,IDF v5.5.3 soc/esp32c3/register/soc/gdma_reg.h:2550,
gdma,GDMA_INFIFO_STATUS_CH2,0x1F8,GDMA_IN_REMAIN_UNDER_3B_CH2,25,1,RO,idf,0x0,0x0,0x0,RO,IDF v5.5.3 soc/esp32c3/register/soc/gdma_reg.h:2557,
gdma,GDMA_INFIFO_STATUS_CH2,0x1F8,GDMA_IN_REMAIN_UNDER_4B_CH2,26,1,RO,idf,0x0,0x0,0x0,RO,IDF v5.5.3 soc/esp32c3/register/soc/gdma_reg.h:2564,
gdma,GDMA_INFIFO_STATUS_CH2,0x1F8,GDMA_IN_BUF_HUNGRY_CH2,27,1,RO,idf,0x0,0x0,0x0,RO,IDF v5.5.3 soc/esp32c3/register/soc/gdma_reg.h:2571,
gdma,GDMA_IN_POP_CH2,0x1FC,GDMA_INFIFO_RDATA_CH2,0,12,RO,idf,0x800,0x800,0x800,RO,IDF v5.5.3 soc/esp32c3/register/soc/gdma_reg.h:2583,
gdma,GDMA_IN_POP_CH2,0x1FC,GDMA_INFIFO_POP_CH2,12,1,SC,idf,0x0,0x0,0x0,R/W/SC,IDF v5.5.3 soc/esp32c3/register/soc/gdma_reg.h:2590,
gdma,GDMA_IN_LINK_CH2,0x200,GDMA_INLINK_ADDR_CH2,0,20,RW,idf,0x0,0x0,0x0,R/W,IDF v5.5.3 soc/esp32c3/register/soc/gdma_reg.h:2602,
gdma,GDMA_IN_LINK_CH2,0x200,GDMA_INLINK_AUTO_RET_CH2,20,1,RW,idf,0x0,0x0,0x0,R/W,IDF v5.5.3 soc/esp32c3/register/soc/gdma_reg.h:2610,
gdma,GDMA_IN_LINK_CH2,0x200,GDMA_INLINK_STOP_CH2,21,1,SC,idf,0x0,0x0,0x0,R/W/SC,IDF v5.5.3 soc/esp32c3/register/soc/gdma_reg.h:2618,
gdma,GDMA_IN_LINK_CH2,0x200,GDMA_INLINK_START_CH2,22,1,SC,idf,0x0,0x0,0x0,R/W/SC,IDF v5.5.3 soc/esp32c3/register/soc/gdma_reg.h:2625,
gdma,GDMA_IN_LINK_CH2,0x200,GDMA_INLINK_RESTART_CH2,23,1,SC,idf,0x0,0x0,0x0,R/W/SC,IDF v5.5.3 soc/esp32c3/register/soc/gdma_reg.h:2632,
gdma,GDMA_IN_LINK_CH2,0x200,GDMA_INLINK_PARK_CH2,24,1,RO,idf,0x0,0x0,0x0,RO,IDF v5.5.3 soc/esp32c3/register/soc/gdma_reg.h:2639,
gdma,GDMA_IN_STATE_CH2,0x204,GDMA_INLINK_DSCR_ADDR_CH2,0,18,RO,idf,0x0,0x0,0x0,RO,IDF v5.5.3 soc/esp32c3/register/soc/gdma_reg.h:2652,
gdma,GDMA_IN_STATE_CH2,0x204,GDMA_IN_DSCR_STATE_CH2,18,2,RO,idf,0x0,0x0,0x0,RO,IDF v5.5.3 soc/esp32c3/register/soc/gdma_reg.h:2662,
gdma,GDMA_IN_STATE_CH2,0x204,GDMA_IN_STATE_CH2,20,3,RO,idf,0x0,0x0,0x0,RO,IDF v5.5.3 soc/esp32c3/register/soc/gdma_reg.h:2669,
gdma,GDMA_IN_SUC_EOF_DES_ADDR_CH2,0x208,GDMA_IN_SUC_EOF_DES_ADDR_CH2,0,32,RO,idf,0x0,0x0,0x0,RO,IDF v5.5.3 soc/esp32c3/register/soc/gdma_reg.h:2681,
gdma,GDMA_IN_ERR_EOF_DES_ADDR_CH2,0x20C,GDMA_IN_ERR_EOF_DES_ADDR_CH2,0,32,RO,idf,0x0,0x0,0x0,RO,IDF v5.5.3 soc/esp32c3/register/soc/gdma_reg.h:2694,
gdma,GDMA_IN_DSCR_CH2,0x210,GDMA_INLINK_DSCR_CH2,0,32,RO,idf,0x0,0x0,0x0,RO,IDF v5.5.3 soc/esp32c3/register/soc/gdma_reg.h:2708,
gdma,GDMA_IN_DSCR_BF0_CH2,0x214,GDMA_INLINK_DSCR_BF0_CH2,0,32,RO,idf,0x0,0x0,0x0,RO,IDF v5.5.3 soc/esp32c3/register/soc/gdma_reg.h:2721,
gdma,GDMA_IN_DSCR_BF1_CH2,0x218,GDMA_INLINK_DSCR_BF1_CH2,0,32,RO,idf,0x0,0x0,0x0,RO,IDF v5.5.3 soc/esp32c3/register/soc/gdma_reg.h:2733,
gdma,GDMA_IN_PRI_CH2,0x21C,GDMA_RX_PRI_CH2,0,4,RW,idf,0x0,0x0,0x0,R/W,IDF v5.5.3 soc/esp32c3/register/soc/gdma_reg.h:2745,
gdma,GDMA_IN_PERI_SEL_CH2,0x220,GDMA_PERI_IN_SEL_CH2,0,6,RW,idf,0x3F,0x3F,0x3F,R/W,IDF v5.5.3 soc/esp32c3/register/soc/gdma_reg.h:2757,
gdma,GDMA_OUT_CONF0_CH2,0x250,GDMA_OUT_RST_CH2,0,1,RW,idf,0x0,0x0,0x0,R/W,IDF v5.5.3 soc/esp32c3/register/soc/gdma_reg.h:2770,
gdma,GDMA_OUT_CONF0_CH2,0x250,GDMA_OUT_LOOP_TEST_CH2,1,1,RW,idf,0x0,0x0,0x0,R/W,IDF v5.5.3 soc/esp32c3/register/soc/gdma_reg.h:2777,
gdma,GDMA_OUT_CONF0_CH2,0x250,GDMA_OUT_AUTO_WRBACK_CH2,2,1,RW,idf,0x0,0x0,0x0,R/W,IDF v5.5.3 soc/esp32c3/register/soc/gdma_reg.h:2784,
gdma,GDMA_OUT_CONF0_CH2,0x250,GDMA_OUT_EOF_MODE_CH2,3,1,RW,idf,0x0,0x0,0x0,R/W,IDF v5.5.3 soc/esp32c3/register/soc/gdma_reg.h:2792,
gdma,GDMA_OUT_CONF0_CH2,0x250,GDMA_OUTDSCR_BURST_EN_CH2,4,1,RW,idf,0x0,0x0,0x0,R/W,IDF v5.5.3 soc/esp32c3/register/soc/gdma_reg.h:2800,
gdma,GDMA_OUT_CONF0_CH2,0x250,GDMA_OUT_DATA_BURST_EN_CH2,5,1,RW,idf,0x0,0x0,0x0,R/W,IDF v5.5.3 soc/esp32c3/register/soc/gdma_reg.h:2808,
gdma,GDMA_OUT_CONF1_CH2,0x254,GDMA_OUT_CHECK_OWNER_CH2,12,1,RW,idf,0x0,0x0,0x0,R/W,IDF v5.5.3 soc/esp32c3/register/soc/gdma_reg.h:2821,
gdma,GDMA_OUTFIFO_STATUS_CH2,0x258,GDMA_OUTFIFO_FULL_CH2,0,1,RO,idf,0x0,0x0,0x0,RO,IDF v5.5.3 soc/esp32c3/register/soc/gdma_reg.h:2833,
gdma,GDMA_OUTFIFO_STATUS_CH2,0x258,GDMA_OUTFIFO_EMPTY_CH2,1,1,RO,idf,0x0,0x0,0x0,RO,IDF v5.5.3 soc/esp32c3/register/soc/gdma_reg.h:2840,
gdma,GDMA_OUTFIFO_STATUS_CH2,0x258,GDMA_OUTFIFO_CNT_CH2,2,6,RO,idf,0x0,0x0,0x0,RO,IDF v5.5.3 soc/esp32c3/register/soc/gdma_reg.h:2847,
gdma,GDMA_OUTFIFO_STATUS_CH2,0x258,GDMA_OUT_REMAIN_UNDER_1B_CH2,23,1,RO,idf,0x0,0x0,0x0,RO,IDF v5.5.3 soc/esp32c3/register/soc/gdma_reg.h:2854,
gdma,GDMA_OUTFIFO_STATUS_CH2,0x258,GDMA_OUT_REMAIN_UNDER_2B_CH2,24,1,RO,idf,0x0,0x0,0x0,RO,IDF v5.5.3 soc/esp32c3/register/soc/gdma_reg.h:2861,
gdma,GDMA_OUTFIFO_STATUS_CH2,0x258,GDMA_OUT_REMAIN_UNDER_3B_CH2,25,1,RO,idf,0x0,0x0,0x0,RO,IDF v5.5.3 soc/esp32c3/register/soc/gdma_reg.h:2868,
gdma,GDMA_OUTFIFO_STATUS_CH2,0x258,GDMA_OUT_REMAIN_UNDER_4B_CH2,26,1,RO,idf,0x0,0x0,0x0,RO,IDF v5.5.3 soc/esp32c3/register/soc/gdma_reg.h:2875,
gdma,GDMA_OUT_PUSH_CH2,0x25C,GDMA_OUTFIFO_WDATA_CH2,0,9,RW,idf,0x0,0x0,0x0,R/W,IDF v5.5.3 soc/esp32c3/register/soc/gdma_reg.h:2887,
gdma,GDMA_OUT_PUSH_CH2,0x25C,GDMA_OUTFIFO_PUSH_CH2,9,1,SC,idf,0x0,0x0,0x0,R/W/SC,IDF v5.5.3 soc/esp32c3/register/soc/gdma_reg.h:2894,
gdma,GDMA_OUT_LINK_CH2,0x260,GDMA_OUTLINK_ADDR_CH2,0,20,RW,idf,0x0,0x0,0x0,R/W,IDF v5.5.3 soc/esp32c3/register/soc/gdma_reg.h:2906,
gdma,GDMA_OUT_LINK_CH2,0x260,GDMA_OUTLINK_STOP_CH2,20,1,SC,idf,0x0,0x0,0x0,R/W/SC,IDF v5.5.3 soc/esp32c3/register/soc/gdma_reg.h:2914,
gdma,GDMA_OUT_LINK_CH2,0x260,GDMA_OUTLINK_START_CH2,21,1,SC,idf,0x0,0x0,0x0,R/W/SC,IDF v5.5.3 soc/esp32c3/register/soc/gdma_reg.h:2921,
gdma,GDMA_OUT_LINK_CH2,0x260,GDMA_OUTLINK_RESTART_CH2,22,1,SC,idf,0x0,0x0,0x0,R/W/SC,IDF v5.5.3 soc/esp32c3/register/soc/gdma_reg.h:2928,
gdma,GDMA_OUT_LINK_CH2,0x260,GDMA_OUTLINK_PARK_CH2,23,1,RO,idf,0x0,0x0,0x0,RO,IDF v5.5.3 soc/esp32c3/register/soc/gdma_reg.h:2935,
gdma,GDMA_OUT_STATE_CH2,0x264,GDMA_OUTLINK_DSCR_ADDR_CH2,0,18,RO,idf,0x0,0x0,0x0,RO,IDF v5.5.3 soc/esp32c3/register/soc/gdma_reg.h:2948,
gdma,GDMA_OUT_STATE_CH2,0x264,GDMA_OUT_DSCR_STATE_CH2,18,2,RO,idf,0x0,0x0,0x0,RO,IDF v5.5.3 soc/esp32c3/register/soc/gdma_reg.h:2958,
gdma,GDMA_OUT_STATE_CH2,0x264,GDMA_OUT_STATE_CH2,20,3,RO,idf,0x0,0x0,0x0,RO,IDF v5.5.3 soc/esp32c3/register/soc/gdma_reg.h:2965,
gdma,GDMA_OUT_EOF_DES_ADDR_CH2,0x268,GDMA_OUT_EOF_DES_ADDR_CH2,0,32,RO,idf,0x0,0x0,0x0,RO,IDF v5.5.3 soc/esp32c3/register/soc/gdma_reg.h:2977,
gdma,GDMA_OUT_EOF_BFR_DES_ADDR_CH2,0x26C,GDMA_OUT_EOF_BFR_DES_ADDR_CH2,0,32,RO,idf,0x0,0x0,0x0,RO,IDF v5.5.3 soc/esp32c3/register/soc/gdma_reg.h:2990,
gdma,GDMA_OUT_DSCR_CH2,0x270,GDMA_OUTLINK_DSCR_CH2,0,32,RO,idf,0x0,0x0,0x0,RO,IDF v5.5.3 soc/esp32c3/register/soc/gdma_reg.h:3004,
gdma,GDMA_OUT_DSCR_BF0_CH2,0x274,GDMA_OUTLINK_DSCR_BF0_CH2,0,32,RO,idf,0x0,0x0,0x0,RO,IDF v5.5.3 soc/esp32c3/register/soc/gdma_reg.h:3017,
gdma,GDMA_OUT_DSCR_BF1_CH2,0x278,GDMA_OUTLINK_DSCR_BF1_CH2,0,32,RO,idf,0x0,0x0,0x0,RO,IDF v5.5.3 soc/esp32c3/register/soc/gdma_reg.h:3029,
gdma,GDMA_OUT_PRI_CH2,0x27C,GDMA_TX_PRI_CH2,0,4,RW,idf,0x0,0x0,0x0,R/W,IDF v5.5.3 soc/esp32c3/register/soc/gdma_reg.h:3041,
gdma,GDMA_OUT_PERI_SEL_CH2,0x280,GDMA_PERI_OUT_SEL_CH2,0,6,RW,idf,0x3F,0x3F,0x3F,R/W,IDF v5.5.3 soc/esp32c3/register/soc/gdma_reg.h:3053,
saradc,APB_SARADC_CTRL,0x000,APB_SARADC_START_FORCE,0,1,RW,idf,0x0,0x0,0x0,R/W,IDF v5.5.3 soc/esp32c3/register/soc/apb_saradc_reg.h:57,
saradc,APB_SARADC_CTRL,0x000,APB_SARADC_START,1,1,RW,idf,0x0,0x0,0x0,R/W,IDF v5.5.3 soc/esp32c3/register/soc/apb_saradc_reg.h:51,
saradc,APB_SARADC_CTRL,0x000,APB_SARADC_SAR_CLK_GATED,6,1,RW,idf,0x1,0x1,0x1,R/W,IDF v5.5.3 soc/esp32c3/register/soc/apb_saradc_reg.h:45,
saradc,APB_SARADC_CTRL,0x000,APB_SARADC_SAR_CLK_DIV,7,8,RW,idf,0x4,0x4,0x4,R/W,IDF v5.5.3 soc/esp32c3/register/soc/apb_saradc_reg.h:39,
saradc,APB_SARADC_CTRL,0x000,APB_SARADC_SAR_PATT_LEN,15,3,RW,idf,0x7,0x7,0x7,R/W,IDF v5.5.3 soc/esp32c3/register/soc/apb_saradc_reg.h:33,
saradc,APB_SARADC_CTRL,0x000,APB_SARADC_SAR_PATT_P_CLEAR,23,1,RW,idf,0x0,0x0,0x0,R/W,IDF v5.5.3 soc/esp32c3/register/soc/apb_saradc_reg.h:27,
saradc,APB_SARADC_CTRL,0x000,APB_SARADC_XPD_SAR_FORCE,27,2,RW,idf,0x0,0x0,0x0,R/W,IDF v5.5.3 soc/esp32c3/register/soc/apb_saradc_reg.h:21,
saradc,APB_SARADC_CTRL,0x000,APB_SARADC_WAIT_ARB_CYCLE,30,2,RW,idf,0x1,0x1,0x1,R/W,IDF v5.5.3 soc/esp32c3/register/soc/apb_saradc_reg.h:15,
saradc,APB_SARADC_CTRL2,0x004,APB_SARADC_MEAS_NUM_LIMIT,0,1,RW,idf,0x0,0x0,0x0,R/W,IDF v5.5.3 soc/esp32c3/register/soc/apb_saradc_reg.h:95,
saradc,APB_SARADC_CTRL2,0x004,APB_SARADC_MAX_MEAS_NUM,1,8,RW,idf,0xFF,0xFF,0xFF,R/W,IDF v5.5.3 soc/esp32c3/register/soc/apb_saradc_reg.h:89,
saradc,APB_SARADC_CTRL2,0x004,APB_SARADC_SAR1_INV,9,1,RW,idf,0x0,0x0,0x0,R/W,IDF v5.5.3 soc/esp32c3/register/soc/apb_saradc_reg.h:83,
saradc,APB_SARADC_CTRL2,0x004,APB_SARADC_SAR2_INV,10,1,RW,idf,0x0,0x0,0x0,R/W,IDF v5.5.3 soc/esp32c3/register/soc/apb_saradc_reg.h:77,
saradc,APB_SARADC_CTRL2,0x004,APB_SARADC_TIMER_TARGET,12,12,RW,idf,0xA,0xA,0xA,R/W,IDF v5.5.3 soc/esp32c3/register/soc/apb_saradc_reg.h:71,
saradc,APB_SARADC_CTRL2,0x004,APB_SARADC_TIMER_EN,24,1,RW,idf,0x0,0x0,0x0,R/W,IDF v5.5.3 soc/esp32c3/register/soc/apb_saradc_reg.h:65,
saradc,APB_SARADC_FILTER_CTRL1,0x008,APB_SARADC_FILTER_FACTOR1,26,3,RW,idf,0x0,0x0,0x0,R/W,IDF v5.5.3 soc/esp32c3/register/soc/apb_saradc_reg.h:109,
saradc,APB_SARADC_FILTER_CTRL1,0x008,APB_SARADC_FILTER_FACTOR0,29,3,RW,idf,0x0,0x0,0x0,R/W,IDF v5.5.3 soc/esp32c3/register/soc/apb_saradc_reg.h:103,
saradc,APB_SARADC_FSM_WAIT,0x00C,APB_SARADC_XPD_WAIT,0,8,RW,idf,0x8,0x8,0x8,R/W,IDF v5.5.3 soc/esp32c3/register/soc/apb_saradc_reg.h:129,
saradc,APB_SARADC_FSM_WAIT,0x00C,APB_SARADC_RSTB_WAIT,8,8,RW,idf,0x8,0x8,0x8,R/W,IDF v5.5.3 soc/esp32c3/register/soc/apb_saradc_reg.h:123,
saradc,APB_SARADC_FSM_WAIT,0x00C,APB_SARADC_STANDBY_WAIT,16,8,RW,idf,0xFF,0xFF,0xFF,R/W,IDF v5.5.3 soc/esp32c3/register/soc/apb_saradc_reg.h:117,
saradc,APB_SARADC_SAR1_STATUS,0x010,APB_SARADC_SAR1_STATUS,0,32,RO,idf,0x0,0x0,0x0,RO,IDF v5.5.3 soc/esp32c3/register/soc/apb_saradc_reg.h:137,
saradc,APB_SARADC_SAR2_STATUS,0x014,APB_SARADC_SAR2_STATUS,0,32,RO,idf,0x0,0x0,0x0,RO,IDF v5.5.3 soc/esp32c3/register/soc/apb_saradc_reg.h:145,
saradc,APB_SARADC_SAR_PATT_TAB1,0x018,APB_SARADC_SAR_PATT_TAB1,0,24,RW,idf,0x0,0x0,0x0,R/W,IDF v5.5.3 soc/esp32c3/register/soc/apb_saradc_reg.h:153,
saradc,APB_SARADC_SAR_PATT_TAB2,0x01C,APB_SARADC_SAR_PATT_TAB2,0,24,RW,idf,0x0,0x0,0x0,R/W,IDF v5.5.3 soc/esp32c3/register/soc/apb_saradc_reg.h:161,
saradc,APB_SARADC_ONETIME_SAMPLE,0x020,APB_SARADC_ONETIME_ATTEN,23,2,RW,idf,0x0,0x0,0x0,R/W,IDF v5.5.3 soc/esp32c3/register/soc/apb_saradc_reg.h:193,
saradc,APB_SARADC_ONETIME_SAMPLE,0x020,APB_SARADC_ONETIME_CHANNEL,25,4,RW,idf,0xD,0xD,0xD,R/W,IDF v5.5.3 soc/esp32c3/register/soc/apb_saradc_reg.h:187,
saradc,APB_SARADC_ONETIME_SAMPLE,0x020,APB_SARADC_ONETIME_START,29,1,RW,idf,0x0,0x0,0x0,R/W,IDF v5.5.3 soc/esp32c3/register/soc/apb_saradc_reg.h:181,
saradc,APB_SARADC_ONETIME_SAMPLE,0x020,APB_SARADC2_ONETIME_SAMPLE,30,1,RW,idf,0x0,0x0,0x0,R/W,IDF v5.5.3 soc/esp32c3/register/soc/apb_saradc_reg.h:175,
saradc,APB_SARADC_ONETIME_SAMPLE,0x020,APB_SARADC1_ONETIME_SAMPLE,31,1,RW,idf,0x0,0x0,0x0,R/W,IDF v5.5.3 soc/esp32c3/register/soc/apb_saradc_reg.h:169,
saradc,APB_SARADC_APB_ADC_ARB_CTRL,0x024,APB_SARADC_ADC_ARB_APB_FORCE,2,1,RW,idf,0x0,0x0,0x0,R/W,IDF v5.5.3 soc/esp32c3/register/soc/apb_saradc_reg.h:243,
saradc,APB_SARADC_APB_ADC_ARB_CTRL,0x024,APB_SARADC_ADC_ARB_RTC_FORCE,3,1,RW,idf,0x0,0x0,0x0,R/W,IDF v5.5.3 soc/esp32c3/register/soc/apb_saradc_reg.h:237,
saradc,APB_SARADC_APB_ADC_ARB_CTRL,0x024,APB_SARADC_ADC_ARB_WIFI_FORCE,4,1,RW,idf,0x0,0x0,0x0,R/W,IDF v5.5.3 soc/esp32c3/register/soc/apb_saradc_reg.h:231,
saradc,APB_SARADC_APB_ADC_ARB_CTRL,0x024,APB_SARADC_ADC_ARB_GRANT_FORCE,5,1,RW,idf,0x0,0x0,0x0,R/W,IDF v5.5.3 soc/esp32c3/register/soc/apb_saradc_reg.h:225,
saradc,APB_SARADC_APB_ADC_ARB_CTRL,0x024,APB_SARADC_ADC_ARB_APB_PRIORITY,6,2,RW,idf,0x0,0x0,0x0,R/W,IDF v5.5.3 soc/esp32c3/register/soc/apb_saradc_reg.h:219,
saradc,APB_SARADC_APB_ADC_ARB_CTRL,0x024,APB_SARADC_ADC_ARB_RTC_PRIORITY,8,2,RW,idf,0x1,0x1,0x1,R/W,IDF v5.5.3 soc/esp32c3/register/soc/apb_saradc_reg.h:213,
saradc,APB_SARADC_APB_ADC_ARB_CTRL,0x024,APB_SARADC_ADC_ARB_WIFI_PRIORITY,10,2,RW,idf,0x2,0x2,0x2,R/W,IDF v5.5.3 soc/esp32c3/register/soc/apb_saradc_reg.h:207,
saradc,APB_SARADC_APB_ADC_ARB_CTRL,0x024,APB_SARADC_ADC_ARB_FIX_PRIORITY,12,1,RW,idf,0x0,0x0,0x0,R/W,IDF v5.5.3 soc/esp32c3/register/soc/apb_saradc_reg.h:201,
saradc,APB_SARADC_FILTER_CTRL0,0x028,APB_SARADC_FILTER_CHANNEL1,18,4,RW,idf,0xD,0xD,0xD,R/W,IDF v5.5.3 soc/esp32c3/register/soc/apb_saradc_reg.h:263,
saradc,APB_SARADC_FILTER_CTRL0,0x028,APB_SARADC_FILTER_CHANNEL0,22,4,RW,idf,0xD,0xD,0xD,R/W,IDF v5.5.3 soc/esp32c3/register/soc/apb_saradc_reg.h:257,
saradc,APB_SARADC_FILTER_CTRL0,0x028,APB_SARADC_FILTER_RESET,31,1,RW,idf,0x0,0x0,0x0,R/W,IDF v5.5.3 soc/esp32c3/register/soc/apb_saradc_reg.h:251,
saradc,APB_SARADC_1_DATA_STATUS,0x02C,APB_SARADC_ADC1_DATA,0,17,RO,idf,0x0,0x0,0x0,RO,IDF v5.5.3 soc/esp32c3/register/soc/apb_saradc_reg.h:271,
saradc,APB_SARADC_2_DATA_STATUS,0x030,APB_SARADC_ADC2_DATA,0,17,RO,idf,0x0,0x0,0x0,RO,IDF v5.5.3 soc/esp32c3/register/soc/apb_saradc_reg.h:279,
saradc,APB_SARADC_THRES0_CTRL,0x034,APB_SARADC_THRES0_CHANNEL,0,4,RW,idf,0xD,0xD,0xD,R/W,IDF v5.5.3 soc/esp32c3/register/soc/apb_saradc_reg.h:299,
saradc,APB_SARADC_THRES0_CTRL,0x034,APB_SARADC_THRES0_HIGH,5,13,RW,idf,0x1FFF,0x1FFF,0x1FFF,R/W,IDF v5.5.3 soc/esp32c3/register/soc/apb_saradc_reg.h:293,
saradc,APB_SARADC_THRES0_CTRL,0x034,APB_SARADC_THRES0_LOW,18,13,RW,idf,0x0,0x0,0x0,R/W,IDF v5.5.3 soc/esp32c3/register/soc/apb_saradc_reg.h:287,
saradc,APB_SARADC_THRES1_CTRL,0x038,APB_SARADC_THRES1_CHANNEL,0,4,RW,idf,0xD,0xD,0xD,R/W,IDF v5.5.3 soc/esp32c3/register/soc/apb_saradc_reg.h:319,
saradc,APB_SARADC_THRES1_CTRL,0x038,APB_SARADC_THRES1_HIGH,5,13,RW,idf,0x1FFF,0x1FFF,0x1FFF,R/W,IDF v5.5.3 soc/esp32c3/register/soc/apb_saradc_reg.h:313,
saradc,APB_SARADC_THRES1_CTRL,0x038,APB_SARADC_THRES1_LOW,18,13,RW,idf,0x0,0x0,0x0,R/W,IDF v5.5.3 soc/esp32c3/register/soc/apb_saradc_reg.h:307,
saradc,APB_SARADC_THRES_CTRL,0x03C,APB_SARADC_THRES1_EN,30,1,RW,idf,0x0,0x0,0x0,R/W,IDF v5.5.3 soc/esp32c3/register/soc/apb_saradc_reg.h:333,
saradc,APB_SARADC_THRES_CTRL,0x03C,APB_SARADC_THRES0_EN,31,1,RW,idf,0x0,0x0,0x0,R/W,IDF v5.5.3 soc/esp32c3/register/soc/apb_saradc_reg.h:327,
saradc,APB_SARADC_INT_ENA,0x040,APB_SARADC_THRES1_LOW_INT_ENA,26,1,RW,idf,0x0,0x0,0x0,R/W,IDF v5.5.3 soc/esp32c3/register/soc/apb_saradc_reg.h:376,
saradc,APB_SARADC_INT_ENA,0x040,APB_SARADC_THRES0_LOW_INT_ENA,27,1,RW,idf,0x0,0x0,0x0,R/W,IDF v5.5.3 soc/esp32c3/register/soc/apb_saradc_reg.h:370,
saradc,APB_SARADC_INT_ENA,0x040,APB_SARADC_THRES1_HIGH_INT_ENA,28,1,RW,idf,0x0,0x0,0x0,R/W,IDF v5.5.3 soc/esp32c3/register/soc/apb_saradc_reg.h:364,
saradc,APB_SARADC_INT_ENA,0x040,APB_SARADC_THRES0_HIGH_INT_ENA,29,1,RW,idf,0x0,0x0,0x0,R/W,IDF v5.5.3 soc/esp32c3/register/soc/apb_saradc_reg.h:358,
saradc,APB_SARADC_INT_ENA,0x040,APB_SARADC_ADC2_DONE_INT_ENA,30,1,RW,idf,0x0,0x0,0x0,R/W,IDF v5.5.3 soc/esp32c3/register/soc/apb_saradc_reg.h:352,
saradc,APB_SARADC_INT_ENA,0x040,APB_SARADC_ADC1_DONE_INT_ENA,31,1,RW,idf,0x0,0x0,0x0,R/W,IDF v5.5.3 soc/esp32c3/register/soc/apb_saradc_reg.h:346,
saradc,APB_SARADC_INT_RAW,0x044,APB_SARADC_THRES1_LOW_INT_RAW,26,1,RO,idf,0x0,0x0,0x0,RO,IDF v5.5.3 soc/esp32c3/register/soc/apb_saradc_reg.h:414,
saradc,APB_SARADC_INT_RAW,0x044,APB_SARADC_THRES0_LOW_INT_RAW,27,1,RO,idf,0x0,0x0,0x0,RO,IDF v5.5.3 soc/esp32c3/register/soc/apb_saradc_reg.h:408,
saradc,APB_SARADC_INT_RAW,0x044,APB_SARADC_THRES1_HIGH_INT_RAW,28,1,RO,idf,0x0,0x0,0x0,RO,IDF v5.5.3 soc/esp32c3/register/soc/apb_saradc_reg.h:402,
saradc,APB_SARADC_INT_RAW,0x044,APB_SARADC_THRES0_HIGH_INT_RAW,29,1,RO,idf,0x0,0x0,0x0,RO,IDF v5.5.3 soc/esp32c3/register/soc/apb_saradc_reg.h:396,
saradc,APB_SARADC_INT_RAW,0x044,APB_SARADC_ADC2_DONE_INT_RAW,30,1,RO,idf,0x0,0x0,0x0,RO,IDF v5.5.3 soc/esp32c3/register/soc/apb_saradc_reg.h:390,
saradc,APB_SARADC_INT_RAW,0x044,APB_SARADC_ADC1_DONE_INT_RAW,31,1,RO,idf,0x0,0x0,0x0,RO,IDF v5.5.3 soc/esp32c3/register/soc/apb_saradc_reg.h:384,
saradc,APB_SARADC_INT_ST,0x048,APB_SARADC_THRES1_LOW_INT_ST,26,1,RO,idf,0x0,0x0,0x0,RO,IDF v5.5.3 soc/esp32c3/register/soc/apb_saradc_reg.h:452,
saradc,APB_SARADC_INT_ST,0x048,APB_SARADC_THRES0_LOW_INT_ST,27,1,RO,idf,0x0,0x0,0x0,RO,IDF v5.5.3 soc/esp32c3/register/soc/apb_saradc_reg.h:446,
saradc,APB_SARADC_INT_ST,0x048,APB_SARADC_THRES1_HIGH_INT_ST,28,1,RO,idf,0x0,0x0,0x0,RO,IDF v5.5.3 soc/esp32c3/register/soc/apb_saradc_reg.h:440,
saradc,APB_SARADC_INT_ST,0x048,APB_SARADC_THRES0_HIGH_INT_ST,29,1,RO,idf,0x0,0x0,0x0,RO,IDF v5.5.3 soc/esp32c3/register/soc/apb_saradc_reg.h:434,
saradc,APB_SARADC_INT_ST,0x048,APB_SARADC_ADC2_DONE_INT_ST,30,1,RO,idf,0x0,0x0,0x0,RO,IDF v5.5.3 soc/esp32c3/register/soc/apb_saradc_reg.h:428,
saradc,APB_SARADC_INT_ST,0x048,APB_SARADC_ADC1_DONE_INT_ST,31,1,RO,idf,0x0,0x0,0x0,RO,IDF v5.5.3 soc/esp32c3/register/soc/apb_saradc_reg.h:422,
saradc,APB_SARADC_INT_CLR,0x04C,APB_SARADC_THRES1_LOW_INT_CLR,26,1,WO,idf,0x0,0x0,0x0,WO,IDF v5.5.3 soc/esp32c3/register/soc/apb_saradc_reg.h:490,
saradc,APB_SARADC_INT_CLR,0x04C,APB_SARADC_THRES0_LOW_INT_CLR,27,1,WO,idf,0x0,0x0,0x0,WO,IDF v5.5.3 soc/esp32c3/register/soc/apb_saradc_reg.h:484,
saradc,APB_SARADC_INT_CLR,0x04C,APB_SARADC_THRES1_HIGH_INT_CLR,28,1,WO,idf,0x0,0x0,0x0,WO,IDF v5.5.3 soc/esp32c3/register/soc/apb_saradc_reg.h:478,
saradc,APB_SARADC_INT_CLR,0x04C,APB_SARADC_THRES0_HIGH_INT_CLR,29,1,WO,idf,0x0,0x0,0x0,WO,IDF v5.5.3 soc/esp32c3/register/soc/apb_saradc_reg.h:472,
saradc,APB_SARADC_INT_CLR,0x04C,APB_SARADC_ADC2_DONE_INT_CLR,30,1,WO,idf,0x0,0x0,0x0,WO,IDF v5.5.3 soc/esp32c3/register/soc/apb_saradc_reg.h:466,
saradc,APB_SARADC_INT_CLR,0x04C,APB_SARADC_ADC1_DONE_INT_CLR,31,1,WO,idf,0x0,0x0,0x0,WO,IDF v5.5.3 soc/esp32c3/register/soc/apb_saradc_reg.h:460,
saradc,APB_SARADC_DMA_CONF,0x050,APB_SARADC_APB_ADC_EOF_NUM,0,16,RW,idf,0xFF,0xFF,0xFF,R/W,IDF v5.5.3 soc/esp32c3/register/soc/apb_saradc_reg.h:510,
saradc,APB_SARADC_DMA_CONF,0x050,APB_SARADC_APB_ADC_RESET_FSM,30,1,RW,idf,0x0,0x0,0x0,R/W,IDF v5.5.3 soc/esp32c3/register/soc/apb_saradc_reg.h:504,
saradc,APB_SARADC_DMA_CONF,0x050,APB_SARADC_APB_ADC_TRANS,31,1,RW,idf,0x0,0x0,0x0,R/W,IDF v5.5.3 soc/esp32c3/register/soc/apb_saradc_reg.h:498,
saradc,APB_SARADC_APB_ADC_CLKM_CONF,0x054,APB_SARADC_CLKM_DIV_NUM,0,8,RW,idf,0x4,0x4,0x4,R/W,IDF v5.5.3 soc/esp32c3/register/soc/apb_saradc_reg.h:542,
saradc,APB_SARADC_APB_ADC_CLKM_CONF,0x054,APB_SARADC_CLKM_DIV_B,8,6,RW,idf,0x0,0x0,0x0,R/W,IDF v5.5.3 soc/esp32c3/register/soc/apb_saradc_reg.h:536,
saradc,APB_SARADC_APB_ADC_CLKM_CONF,0x054,APB_SARADC_CLKM_DIV_A,14,6,RW,idf,0x0,0x0,0x0,R/W,IDF v5.5.3 soc/esp32c3/register/soc/apb_saradc_reg.h:530,
saradc,APB_SARADC_APB_ADC_CLKM_CONF,0x054,APB_SARADC_CLK_EN,20,1,RW,idf,0x0,0x0,0x0,R/W,IDF v5.5.3 soc/esp32c3/register/soc/apb_saradc_reg.h:524,
saradc,APB_SARADC_APB_ADC_CLKM_CONF,0x054,APB_SARADC_CLK_SEL,21,2,RW,idf,0x0,0x0,0x0,R/W,IDF v5.5.3 soc/esp32c3/register/soc/apb_saradc_reg.h:518,
saradc,APB_SARADC_APB_TSENS_CTRL,0x058,APB_SARADC_TSENS_OUT,0,8,RO,idf,0x0,0x0,0x0,RO,IDF v5.5.3 soc/esp32c3/register/soc/apb_saradc_reg.h:568,
saradc,APB_SARADC_APB_TSENS_CTRL,0x058,APB_SARADC_TSENS_IN_INV,13,1,RW,idf,0x0,0x0,0x0,R/W,IDF v5.5.3 soc/esp32c3/register/soc/apb_saradc_reg.h:562,
saradc,APB_SARADC_APB_TSENS_CTRL,0x058,APB_SARADC_TSENS_CLK_DIV,14,8,RW,idf,0x6,0x6,0x6,R/W,IDF v5.5.3 soc/esp32c3/register/soc/apb_saradc_reg.h:556,
saradc,APB_SARADC_APB_TSENS_CTRL,0x058,APB_SARADC_TSENS_PU,22,1,RW,idf,0x0,0x0,0x0,R/W,IDF v5.5.3 soc/esp32c3/register/soc/apb_saradc_reg.h:550,
saradc,APB_SARADC_APB_TSENS_CTRL2,0x05C,APB_SARADC_TSENS_XPD_WAIT,0,12,RW,idf,0x2,0x2,0x2,R/W,IDF v5.5.3 soc/esp32c3/register/soc/apb_saradc_reg.h:594,
saradc,APB_SARADC_APB_TSENS_CTRL2,0x05C,APB_SARADC_TSENS_XPD_FORCE,12,2,RW,idf,0x0,0x0,0x0,R/W,IDF v5.5.3 soc/esp32c3/register/soc/apb_saradc_reg.h:588,
saradc,APB_SARADC_APB_TSENS_CTRL2,0x05C,APB_SARADC_TSENS_CLK_INV,14,1,RW,idf,0x1,0x1,0x1,R/W,IDF v5.5.3 soc/esp32c3/register/soc/apb_saradc_reg.h:582,
saradc,APB_SARADC_APB_TSENS_CTRL2,0x05C,APB_SARADC_TSENS_CLK_SEL,15,1,RW,idf,0x0,0x0,0x0,R/W,IDF v5.5.3 soc/esp32c3/register/soc/apb_saradc_reg.h:576,
saradc,APB_SARADC_CALI,0x060,APB_SARADC_CALI_CFG,0,17,RW,idf,0x8000,0x8000,0x8000,R/W,IDF v5.5.3 soc/esp32c3/register/soc/apb_saradc_reg.h:602,
saradc,APB_SARADC_APB_CTRL_DATE,0x3FC,APB_SARADC_DATE,0,32,RW,idf,0x2007171,0x2007171,0x2007171,R/W,IDF v5.5.3 soc/esp32c3/register/soc/apb_saradc_reg.h:610,
usj,USB_SERIAL_JTAG_EP1,0x000,USB_SERIAL_JTAG_RDWR_BYTE,0,8,RW,idf,0x0,0x0,0x0,R/W,IDF v5.5.3 soc/esp32c3/register/soc/usb_serial_jtag_reg.h:21,IDF bitpos comment disagrees with its _S and _V macros; macros used
usj,USB_SERIAL_JTAG_EP1_CONF,0x004,USB_SERIAL_JTAG_WR_DONE,0,1,WT,idf,0x0,0x0,0x0,WT,IDF v5.5.3 soc/esp32c3/register/soc/usb_serial_jtag_reg.h:224,
usj,USB_SERIAL_JTAG_EP1_CONF,0x004,USB_SERIAL_JTAG_SERIAL_IN_EP_DATA_FREE,1,1,RO,idf,0x1,0x1,0x1,RO,IDF v5.5.3 soc/esp32c3/register/soc/usb_serial_jtag_reg.h:233,
usj,USB_SERIAL_JTAG_EP1_CONF,0x004,USB_SERIAL_JTAG_SERIAL_OUT_EP_DATA_AVAIL,2,1,RO,idf,0x0,0x0,0x0,RO,IDF v5.5.3 soc/esp32c3/register/soc/usb_serial_jtag_reg.h:243,
usj,USB_SERIAL_JTAG_INT_RAW,0x008,USB_SERIAL_JTAG_JTAG_IN_FLUSH_INT_RAW,0,1,RO,UNVERIFIED,0x0,0x0,0x0,R/WTC/SS,IDF v5.5.3 soc/esp32c3/register/soc/usb_serial_jtag_reg.h:558,WTC: cleared by writing the corresponding WT field; SS: hardware sets it
usj,USB_SERIAL_JTAG_INT_RAW,0x008,USB_SERIAL_JTAG_SOF_INT_RAW,1,1,RO,UNVERIFIED,0x0,0x0,0x0,R/WTC/SS,IDF v5.5.3 soc/esp32c3/register/soc/usb_serial_jtag_reg.h:567,WTC: cleared by writing the corresponding WT field; SS: hardware sets it
usj,USB_SERIAL_JTAG_INT_RAW,0x008,USB_SERIAL_JTAG_SERIAL_OUT_RECV_PKT_INT_RAW,2,1,RO,UNVERIFIED,0x0,0x0,0x0,R/WTC/SS,IDF v5.5.3 soc/esp32c3/register/soc/usb_serial_jtag_reg.h:575,WTC: cleared by writing the corresponding WT field; SS: hardware sets it
usj,USB_SERIAL_JTAG_INT_RAW,0x008,USB_SERIAL_JTAG_SERIAL_IN_EMPTY_INT_RAW,3,1,RO,UNVERIFIED,0x1,0x1,0x1,R/WTC/SS,IDF v5.5.3 soc/esp32c3/register/soc/usb_serial_jtag_reg.h:584,WTC: cleared by writing the corresponding WT field; SS: hardware sets it
usj,USB_SERIAL_JTAG_INT_RAW,0x008,USB_SERIAL_JTAG_PID_ERR_INT_RAW,4,1,RO,UNVERIFIED,0x0,0x0,0x0,R/WTC/SS,IDF v5.5.3 soc/esp32c3/register/soc/usb_serial_jtag_reg.h:593,WTC: cleared by writing the corresponding WT field; SS: hardware sets it
usj,USB_SERIAL_JTAG_INT_RAW,0x008,USB_SERIAL_JTAG_CRC5_ERR_INT_RAW,5,1,RO,UNVERIFIED,0x0,0x0,0x0,R/WTC/SS,IDF v5.5.3 soc/esp32c3/register/soc/usb_serial_jtag_reg.h:601,WTC: cleared by writing the corresponding WT field; SS: hardware sets it
usj,USB_SERIAL_JTAG_INT_RAW,0x008,USB_SERIAL_JTAG_CRC16_ERR_INT_RAW,6,1,RO,UNVERIFIED,0x0,0x0,0x0,R/WTC/SS,IDF v5.5.3 soc/esp32c3/register/soc/usb_serial_jtag_reg.h:609,WTC: cleared by writing the corresponding WT field; SS: hardware sets it
usj,USB_SERIAL_JTAG_INT_RAW,0x008,USB_SERIAL_JTAG_STUFF_ERR_INT_RAW,7,1,RO,UNVERIFIED,0x0,0x0,0x0,R/WTC/SS,IDF v5.5.3 soc/esp32c3/register/soc/usb_serial_jtag_reg.h:617,WTC: cleared by writing the corresponding WT field; SS: hardware sets it
usj,USB_SERIAL_JTAG_INT_RAW,0x008,USB_SERIAL_JTAG_IN_TOKEN_REC_IN_EP1_INT_RAW,8,1,RO,UNVERIFIED,0x0,0x0,0x0,R/WTC/SS,IDF v5.5.3 soc/esp32c3/register/soc/usb_serial_jtag_reg.h:625,WTC: cleared by writing the corresponding WT field; SS: hardware sets it
usj,USB_SERIAL_JTAG_INT_RAW,0x008,USB_SERIAL_JTAG_USB_BUS_RESET_INT_RAW,9,1,RO,UNVERIFIED,0x0,0x0,0x0,R/WTC/SS,IDF v5.5.3 soc/esp32c3/register/soc/usb_serial_jtag_reg.h:634,WTC: cleared by writing the corresponding WT field; SS: hardware sets it
usj,USB_SERIAL_JTAG_INT_RAW,0x008,USB_SERIAL_JTAG_OUT_EP1_ZERO_PAYLOAD_INT_RAW,10,1,RO,UNVERIFIED,0x0,0x0,0x0,R/WTC/SS,IDF v5.5.3 soc/esp32c3/register/soc/usb_serial_jtag_reg.h:642,WTC: cleared by writing the corresponding WT field; SS: hardware sets it
usj,USB_SERIAL_JTAG_INT_RAW,0x008,USB_SERIAL_JTAG_OUT_EP2_ZERO_PAYLOAD_INT_RAW,11,1,RO,UNVERIFIED,0x0,0x0,0x0,R/WTC/SS,IDF v5.5.3 soc/esp32c3/register/soc/usb_serial_jtag_reg.h:651,WTC: cleared by writing the corresponding WT field; SS: hardware sets it
usj,USB_SERIAL_JTAG_INT_ST,0x00C,USB_SERIAL_JTAG_JTAG_IN_FLUSH_INT_ST,0,1,RO,idf,0x0,0x0,0x0,RO,IDF v5.5.3 soc/esp32c3/register/soc/usb_serial_jtag_reg.h:665,
usj,USB_SERIAL_JTAG_INT_ST,0x00C,USB_SERIAL_JTAG_SOF_INT_ST,1,1,RO,idf,0x0,0x0,0x0,RO,IDF v5.5.3 soc/esp32c3/register/soc/usb_serial_jtag_reg.h:673,
usj,USB_SERIAL_JTAG_INT_ST,0x00C,USB_SERIAL_JTAG_SERIAL_OUT_RECV_PKT_INT_ST,2,1,RO,idf,0x0,0x0,0x0,RO,IDF v5.5.3 soc/esp32c3/register/soc/usb_serial_jtag_reg.h:681,
usj,USB_SERIAL_JTAG_INT_ST,0x00C,USB_SERIAL_JTAG_SERIAL_IN_EMPTY_INT_ST,3,1,RO,idf,0x0,0x0,0x0,RO,IDF v5.5.3 soc/esp32c3/register/soc/usb_serial_jtag_reg.h:690,
usj,USB_SERIAL_JTAG_INT_ST,0x00C,USB_SERIAL_JTAG_PID_ERR_INT_ST,4,1,RO,idf,0x0,0x0,0x0,RO,IDF v5.5.3 soc/esp32c3/register/soc/usb_serial_jtag_reg.h:699,
usj,USB_SERIAL_JTAG_INT_ST,0x00C,USB_SERIAL_JTAG_CRC5_ERR_INT_ST,5,1,RO,idf,0x0,0x0,0x0,RO,IDF v5.5.3 soc/esp32c3/register/soc/usb_serial_jtag_reg.h:707,
usj,USB_SERIAL_JTAG_INT_ST,0x00C,USB_SERIAL_JTAG_CRC16_ERR_INT_ST,6,1,RO,idf,0x0,0x0,0x0,RO,IDF v5.5.3 soc/esp32c3/register/soc/usb_serial_jtag_reg.h:715,
usj,USB_SERIAL_JTAG_INT_ST,0x00C,USB_SERIAL_JTAG_STUFF_ERR_INT_ST,7,1,RO,idf,0x0,0x0,0x0,RO,IDF v5.5.3 soc/esp32c3/register/soc/usb_serial_jtag_reg.h:723,
usj,USB_SERIAL_JTAG_INT_ST,0x00C,USB_SERIAL_JTAG_IN_TOKEN_REC_IN_EP1_INT_ST,8,1,RO,idf,0x0,0x0,0x0,RO,IDF v5.5.3 soc/esp32c3/register/soc/usb_serial_jtag_reg.h:731,
usj,USB_SERIAL_JTAG_INT_ST,0x00C,USB_SERIAL_JTAG_USB_BUS_RESET_INT_ST,9,1,RO,idf,0x0,0x0,0x0,RO,IDF v5.5.3 soc/esp32c3/register/soc/usb_serial_jtag_reg.h:740,
usj,USB_SERIAL_JTAG_INT_ST,0x00C,USB_SERIAL_JTAG_OUT_EP1_ZERO_PAYLOAD_INT_ST,10,1,RO,idf,0x0,0x0,0x0,RO,IDF v5.5.3 soc/esp32c3/register/soc/usb_serial_jtag_reg.h:748,
usj,USB_SERIAL_JTAG_INT_ST,0x00C,USB_SERIAL_JTAG_OUT_EP2_ZERO_PAYLOAD_INT_ST,11,1,RO,idf,0x0,0x0,0x0,RO,IDF v5.5.3 soc/esp32c3/register/soc/usb_serial_jtag_reg.h:757,
usj,USB_SERIAL_JTAG_INT_ENA,0x010,USB_SERIAL_JTAG_JTAG_IN_FLUSH_INT_ENA,0,1,RW,idf,0x0,0x0,0x0,R/W,IDF v5.5.3 soc/esp32c3/register/soc/usb_serial_jtag_reg.h:771,
usj,USB_SERIAL_JTAG_INT_ENA,0x010,USB_SERIAL_JTAG_SOF_INT_ENA,1,1,RW,idf,0x0,0x0,0x0,R/W,IDF v5.5.3 soc/esp32c3/register/soc/usb_serial_jtag_reg.h:779,
usj,USB_SERIAL_JTAG_INT_ENA,0x010,USB_SERIAL_JTAG_SERIAL_OUT_RECV_PKT_INT_ENA,2,1,RW,idf,0x0,0x0,0x0,R/W,IDF v5.5.3 soc/esp32c3/register/soc/usb_serial_jtag_reg.h:787,
usj,USB_SERIAL_JTAG_INT_ENA,0x010,USB_SERIAL_JTAG_SERIAL_IN_EMPTY_INT_ENA,3,1,RW,idf,0x0,0x0,0x0,R/W,IDF v5.5.3 soc/esp32c3/register/soc/usb_serial_jtag_reg.h:796,
usj,USB_SERIAL_JTAG_INT_ENA,0x010,USB_SERIAL_JTAG_PID_ERR_INT_ENA,4,1,RW,idf,0x0,0x0,0x0,R/W,IDF v5.5.3 soc/esp32c3/register/soc/usb_serial_jtag_reg.h:804,
usj,USB_SERIAL_JTAG_INT_ENA,0x010,USB_SERIAL_JTAG_CRC5_ERR_INT_ENA,5,1,RW,idf,0x0,0x0,0x0,R/W,IDF v5.5.3 soc/esp32c3/register/soc/usb_serial_jtag_reg.h:812,
usj,USB_SERIAL_JTAG_INT_ENA,0x010,USB_SERIAL_JTAG_CRC16_ERR_INT_ENA,6,1,RW,idf,0x0,0x0,0x0,R/W,IDF v5.5.3 soc/esp32c3/register/soc/usb_serial_jtag_reg.h:820,
usj,USB_SERIAL_JTAG_INT_ENA,0x010,USB_SERIAL_JTAG_STUFF_ERR_INT_ENA,7,1,RW,idf,0x0,0x0,0x0,R/W,IDF v5.5.3 soc/esp32c3/register/soc/usb_serial_jtag_reg.h:828,
usj,USB_SERIAL_JTAG_INT_ENA,0x010,USB_SERIAL_JTAG_IN_TOKEN_REC_IN_EP1_INT_ENA,8,1,RW,idf,0x0,0x0,0x0,R/W,IDF v5.5.3 soc/esp32c3/register/soc/usb_serial_jtag_reg.h:836,
usj,USB_SERIAL_JTAG_INT_ENA,0x010,USB_SERIAL_JTAG_USB_BUS_RESET_INT_ENA,9,1,RW,idf,0x0,0x0,0x0,R/W,IDF v5.5.3 soc/esp32c3/register/soc/usb_serial_jtag_reg.h:845,
usj,USB_SERIAL_JTAG_INT_ENA,0x010,USB_SERIAL_JTAG_OUT_EP1_ZERO_PAYLOAD_INT_ENA,10,1,RW,idf,0x0,0x0,0x0,R/W,IDF v5.5.3 soc/esp32c3/register/soc/usb_serial_jtag_reg.h:853,
usj,USB_SERIAL_JTAG_INT_ENA,0x010,USB_SERIAL_JTAG_OUT_EP2_ZERO_PAYLOAD_INT_ENA,11,1,RW,idf,0x0,0x0,0x0,R/W,IDF v5.5.3 soc/esp32c3/register/soc/usb_serial_jtag_reg.h:862,
usj,USB_SERIAL_JTAG_INT_CLR,0x014,USB_SERIAL_JTAG_JTAG_IN_FLUSH_INT_CLR,0,1,WT,idf,0x0,0x0,0x0,WT,IDF v5.5.3 soc/esp32c3/register/soc/usb_serial_jtag_reg.h:876,
usj,USB_SERIAL_JTAG_INT_CLR,0x014,USB_SERIAL_JTAG_SOF_INT_CLR,1,1,WT,idf,0x0,0x0,0x0,WT,IDF v5.5.3 soc/esp32c3/register/soc/usb_serial_jtag_reg.h:884,
usj,USB_SERIAL_JTAG_INT_CLR,0x014,USB_SERIAL_JTAG_SERIAL_OUT_RECV_PKT_INT_CLR,2,1,WT,idf,0x0,0x0,0x0,WT,IDF v5.5.3 soc/esp32c3/register/soc/usb_serial_jtag_reg.h:892,
usj,USB_SERIAL_JTAG_INT_CLR,0x014,USB_SERIAL_JTAG_SERIAL_IN_EMPTY_INT_CLR,3,1,WT,idf,0x0,0x0,0x0,WT,IDF v5.5.3 soc/esp32c3/register/soc/usb_serial_jtag_reg.h:900,
usj,USB_SERIAL_JTAG_INT_CLR,0x014,USB_SERIAL_JTAG_PID_ERR_INT_CLR,4,1,WT,idf,0x0,0x0,0x0,WT,IDF v5.5.3 soc/esp32c3/register/soc/usb_serial_jtag_reg.h:908,
usj,USB_SERIAL_JTAG_INT_CLR,0x014,USB_SERIAL_JTAG_CRC5_ERR_INT_CLR,5,1,WT,idf,0x0,0x0,0x0,WT,IDF v5.5.3 soc/esp32c3/register/soc/usb_serial_jtag_reg.h:916,
usj,USB_SERIAL_JTAG_INT_CLR,0x014,USB_SERIAL_JTAG_CRC16_ERR_INT_CLR,6,1,WT,idf,0x0,0x0,0x0,WT,IDF v5.5.3 soc/esp32c3/register/soc/usb_serial_jtag_reg.h:924,
usj,USB_SERIAL_JTAG_INT_CLR,0x014,USB_SERIAL_JTAG_STUFF_ERR_INT_CLR,7,1,WT,idf,0x0,0x0,0x0,WT,IDF v5.5.3 soc/esp32c3/register/soc/usb_serial_jtag_reg.h:932,
usj,USB_SERIAL_JTAG_INT_CLR,0x014,USB_SERIAL_JTAG_IN_TOKEN_REC_IN_EP1_INT_CLR,8,1,WT,idf,0x0,0x0,0x0,WT,IDF v5.5.3 soc/esp32c3/register/soc/usb_serial_jtag_reg.h:940,
usj,USB_SERIAL_JTAG_INT_CLR,0x014,USB_SERIAL_JTAG_USB_BUS_RESET_INT_CLR,9,1,WT,idf,0x0,0x0,0x0,WT,IDF v5.5.3 soc/esp32c3/register/soc/usb_serial_jtag_reg.h:948,
usj,USB_SERIAL_JTAG_INT_CLR,0x014,USB_SERIAL_JTAG_OUT_EP1_ZERO_PAYLOAD_INT_CLR,10,1,WT,idf,0x0,0x0,0x0,WT,IDF v5.5.3 soc/esp32c3/register/soc/usb_serial_jtag_reg.h:956,
usj,USB_SERIAL_JTAG_INT_CLR,0x014,USB_SERIAL_JTAG_OUT_EP2_ZERO_PAYLOAD_INT_CLR,11,1,WT,idf,0x0,0x0,0x0,WT,IDF v5.5.3 soc/esp32c3/register/soc/usb_serial_jtag_reg.h:964,
usj,USB_SERIAL_JTAG_CONF0,0x018,USB_SERIAL_JTAG_PHY_SEL,0,1,RW,idf,0x0,0x0,0x0,R/W,IDF v5.5.3 soc/esp32c3/register/soc/usb_serial_jtag_reg.h:40,
usj,USB_SERIAL_JTAG_CONF0,0x018,USB_SERIAL_JTAG_EXCHG_PINS_OVERRIDE,1,1,RW,idf,0x0,0x0,0x0,R/W,IDF v5.5.3 soc/esp32c3/register/soc/usb_serial_jtag_reg.h:48,
usj,USB_SERIAL_JTAG_CONF0,0x018,USB_SERIAL_JTAG_EXCHG_PINS,2,1,RW,idf,0x0,0x0,0x0,R/W,IDF v5.5.3 soc/esp32c3/register/soc/usb_serial_jtag_reg.h:56,
usj,USB_SERIAL_JTAG_CONF0,0x018,USB_SERIAL_JTAG_VREFL,3,2,RW,idf,0x0,0x0,0x0,R/W,IDF v5.5.3 soc/esp32c3/register/soc/usb_serial_jtag_reg.h:64,IDF bitpos comment disagrees with its _S and _V macros; macros used
usj,USB_SERIAL_JTAG_CONF0,0x018,USB_SERIAL_JTAG_VREFH,5,2,RW,idf,0x0,0x0,0x0,R/W,IDF v5.5.3 soc/esp32c3/register/soc/usb_serial_jtag_reg.h:72,IDF bitpos comment disagrees with its _S and _V macros; macros used
usj,USB_SERIAL_JTAG_CONF0,0x018,USB_SERIAL_JTAG_VREF_OVERRIDE,7,1,RW,idf,0x0,0x0,0x0,R/W,IDF v5.5.3 soc/esp32c3/register/soc/usb_serial_jtag_reg.h:80,
usj,USB_SERIAL_JTAG_CONF0,0x018,USB_SERIAL_JTAG_PAD_PULL_OVERRIDE,8,1,RW,idf,0x0,0x0,0x0,R/W,IDF v5.5.3 soc/esp32c3/register/soc/usb_serial_jtag_reg.h:88,
usj,USB_SERIAL_JTAG_CONF0,0x018,USB_SERIAL_JTAG_DP_PULLUP,9,1,RW,idf,0x1,0x1,0x1,R/W,IDF v5.5.3 soc/esp32c3/register/soc/usb_serial_jtag_reg.h:96,
usj,USB_SERIAL_JTAG_CONF0,0x018,USB_SERIAL_JTAG_DP_PULLDOWN,10,1,RW,idf,0x0,0x0,0x0,R/W,IDF v5.5.3 soc/esp32c3/register/soc/usb_serial_jtag_reg.h:104,
usj,USB_SERIAL_JTAG_CONF0,0x018,USB_SERIAL_JTAG_DM_PULLUP,11,1,RW,idf,0x0,0x0,0x0,R/W,IDF v5.5.3 soc/esp32c3/register/soc/usb_serial_jtag_reg.h:112,
usj,USB_SERIAL_JTAG_CONF0,0x018,USB_SERIAL_JTAG_DM_PULLDOWN,12,1,RW,idf,0x0,0x0,0x0,R/W,IDF v5.5.3 soc/esp32c3/register/soc/usb_serial_jtag_reg.h:120,
usj,USB_SERIAL_JTAG_CONF0,0x018,USB_SERIAL_JTAG_PULLUP_VALUE,13,1,RW,idf,0x0,0x0,0x0,R/W,IDF v5.5.3 soc/esp32c3/register/soc/usb_serial_jtag_reg.h:128,
usj,USB_SERIAL_JTAG_CONF0,0x018,USB_SERIAL_JTAG_USB_PAD_ENABLE,14,1,RW,idf,0x1,0x1,0x1,R/W,IDF v5.5.3 soc/esp32c3/register/soc/usb_serial_jtag_reg.h:136,
usj,USB_SERIAL_JTAG_TEST,0x01C,USB_SERIAL_JTAG_TEST_ENABLE,0,1,RW,idf,0x0,0x0,0x0,R/W,IDF v5.5.3 soc/esp32c3/register/soc/usb_serial_jtag_reg.h:149,
usj,USB_SERIAL_JTAG_TEST,0x01C,USB_SERIAL_JTAG_TEST_USB_OE,1,1,RW,idf,0x0,0x0,0x0,R/W,IDF v5.5.3 soc/esp32c3/register/soc/usb_serial_jtag_reg.h:157,
usj,USB_SERIAL_JTAG_TEST,0x01C,USB_SERIAL_JTAG_TEST_TX_DP,2,1,RW,idf,0x0,0x0,0x0,R/W,IDF v5.5.3 soc/esp32c3/register/soc/usb_serial_jtag_reg.h:165,
usj,USB_SERIAL_JTAG_TEST,0x01C,USB_SERIAL_JTAG_TEST_TX_DM,3,1,RW,idf,0x0,0x0,0x0,R/W,IDF v5.5.3 soc/esp32c3/register/soc/usb_serial_jtag_reg.h:173,
usj,USB_SERIAL_JTAG_JFIFO_ST,0x020,USB_SERIAL_JTAG_IN_FIFO_CNT,0,2,RO,idf,0x0,0x0,0x0,RO,IDF v5.5.3 soc/esp32c3/register/soc/usb_serial_jtag_reg.h:256,IDF bitpos comment disagrees with its _S and _V macros; macros used
usj,USB_SERIAL_JTAG_JFIFO_ST,0x020,USB_SERIAL_JTAG_IN_FIFO_EMPTY,2,1,RO,idf,0x1,0x1,0x1,RO,IDF v5.5.3 soc/esp32c3/register/soc/usb_serial_jtag_reg.h:264,
usj,USB_SERIAL_JTAG_JFIFO_ST,0x020,USB_SERIAL_JTAG_IN_FIFO_FULL,3,1,RO,idf,0x0,0x0,0x0,RO,IDF v5.5.3 soc/esp32c3/register/soc/usb_serial_jtag_reg.h:272,
usj,USB_SERIAL_JTAG_JFIFO_ST,0x020,USB_SERIAL_JTAG_OUT_FIFO_CNT,4,2,RO,idf,0x0,0x0,0x0,RO,IDF v5.5.3 soc/esp32c3/register/soc/usb_serial_jtag_reg.h:280,IDF bitpos comment disagrees with its _S and _V macros; macros used
usj,USB_SERIAL_JTAG_JFIFO_ST,0x020,USB_SERIAL_JTAG_OUT_FIFO_EMPTY,6,1,RO,idf,0x1,0x1,0x1,RO,IDF v5.5.3 soc/esp32c3/register/soc/usb_serial_jtag_reg.h:288,
usj,USB_SERIAL_JTAG_JFIFO_ST,0x020,USB_SERIAL_JTAG_OUT_FIFO_FULL,7,1,RO,idf,0x0,0x0,0x0,RO,IDF v5.5.3 soc/esp32c3/register/soc/usb_serial_jtag_reg.h:296,
usj,USB_SERIAL_JTAG_JFIFO_ST,0x020,USB_SERIAL_JTAG_IN_FIFO_RESET,8,1,RW,idf,0x0,0x0,0x0,R/W,IDF v5.5.3 soc/esp32c3/register/soc/usb_serial_jtag_reg.h:304,
usj,USB_SERIAL_JTAG_JFIFO_ST,0x020,USB_SERIAL_JTAG_OUT_FIFO_RESET,9,1,RW,idf,0x0,0x0,0x0,R/W,IDF v5.5.3 soc/esp32c3/register/soc/usb_serial_jtag_reg.h:312,
usj,USB_SERIAL_JTAG_FRAM_NUM,0x024,USB_SERIAL_JTAG_SOF_FRAME_INDEX,0,11,RO,idf,0x0,0x0,0x0,RO,IDF v5.5.3 soc/esp32c3/register/soc/usb_serial_jtag_reg.h:325,IDF bitpos comment disagrees with its _S and _V macros; macros used
usj,USB_SERIAL_JTAG_IN_EP0_ST,0x028,USB_SERIAL_JTAG_IN_EP0_STATE,0,2,RO,idf,0x1,0x1,0x1,RO,IDF v5.5.3 soc/esp32c3/register/soc/usb_serial_jtag_reg.h:338,IDF bitpos comment disagrees with its _S and _V macros; macros used
usj,USB_SERIAL_JTAG_IN_EP0_ST,0x028,USB_SERIAL_JTAG_IN_EP0_WR_ADDR,2,7,RO,idf,0x0,0x0,0x0,RO,IDF v5.5.3 soc/esp32c3/register/soc/usb_serial_jtag_reg.h:346,IDF bitpos comment disagrees with its _S and _V macros; macros used
usj,USB_SERIAL_JTAG_IN_EP0_ST,0x028,USB_SERIAL_JTAG_IN_EP0_RD_ADDR,9,7,RO,idf,0x0,0x0,0x0,RO,IDF v5.5.3 soc/esp32c3/register/soc/usb_serial_jtag_reg.h:354,IDF bitpos comment disagrees with its _S and _V macros; macros used
usj,USB_SERIAL_JTAG_IN_EP1_ST,0x02C,USB_SERIAL_JTAG_IN_EP1_STATE,0,2,RO,idf,0x1,0x1,0x1,RO,IDF v5.5.3 soc/esp32c3/register/soc/usb_serial_jtag_reg.h:367,IDF bitpos comment disagrees with its _S and _V macros; macros used
usj,USB_SERIAL_JTAG_IN_EP1_ST,0x02C,USB_SERIAL_JTAG_IN_EP1_WR_ADDR,2,7,RO,idf,0x0,0x0,0x0,RO,IDF v5.5.3 soc/esp32c3/register/soc/usb_serial_jtag_reg.h:375,IDF bitpos comment disagrees with its _S and _V macros; macros used
usj,USB_SERIAL_JTAG_IN_EP1_ST,0x02C,USB_SERIAL_JTAG_IN_EP1_RD_ADDR,9,7,RO,idf,0x0,0x0,0x0,RO,IDF v5.5.3 soc/esp32c3/register/soc/usb_serial_jtag_reg.h:383,IDF bitpos comment disagrees with its _S and _V macros; macros used
usj,USB_SERIAL_JTAG_IN_EP2_ST,0x030,USB_SERIAL_JTAG_IN_EP2_STATE,0,2,RO,idf,0x1,0x1,0x1,RO,IDF v5.5.3 soc/esp32c3/register/soc/usb_serial_jtag_reg.h:396,IDF bitpos comment disagrees with its _S and _V macros; macros used
usj,USB_SERIAL_JTAG_IN_EP2_ST,0x030,USB_SERIAL_JTAG_IN_EP2_WR_ADDR,2,7,RO,idf,0x0,0x0,0x0,RO,IDF v5.5.3 soc/esp32c3/register/soc/usb_serial_jtag_reg.h:404,IDF bitpos comment disagrees with its _S and _V macros; macros used
usj,USB_SERIAL_JTAG_IN_EP2_ST,0x030,USB_SERIAL_JTAG_IN_EP2_RD_ADDR,9,7,RO,idf,0x0,0x0,0x0,RO,IDF v5.5.3 soc/esp32c3/register/soc/usb_serial_jtag_reg.h:412,IDF bitpos comment disagrees with its _S and _V macros; macros used
usj,USB_SERIAL_JTAG_IN_EP3_ST,0x034,USB_SERIAL_JTAG_IN_EP3_STATE,0,2,RO,idf,0x1,0x1,0x1,RO,IDF v5.5.3 soc/esp32c3/register/soc/usb_serial_jtag_reg.h:425,IDF bitpos comment disagrees with its _S and _V macros; macros used
usj,USB_SERIAL_JTAG_IN_EP3_ST,0x034,USB_SERIAL_JTAG_IN_EP3_WR_ADDR,2,7,RO,idf,0x0,0x0,0x0,RO,IDF v5.5.3 soc/esp32c3/register/soc/usb_serial_jtag_reg.h:433,IDF bitpos comment disagrees with its _S and _V macros; macros used
usj,USB_SERIAL_JTAG_IN_EP3_ST,0x034,USB_SERIAL_JTAG_IN_EP3_RD_ADDR,9,7,RO,idf,0x0,0x0,0x0,RO,IDF v5.5.3 soc/esp32c3/register/soc/usb_serial_jtag_reg.h:441,IDF bitpos comment disagrees with its _S and _V macros; macros used
usj,USB_SERIAL_JTAG_OUT_EP0_ST,0x038,USB_SERIAL_JTAG_OUT_EP0_STATE,0,2,RO,idf,0x0,0x0,0x0,RO,IDF v5.5.3 soc/esp32c3/register/soc/usb_serial_jtag_reg.h:454,IDF bitpos comment disagrees with its _S and _V macros; macros used
usj,USB_SERIAL_JTAG_OUT_EP0_ST,0x038,USB_SERIAL_JTAG_OUT_EP0_WR_ADDR,2,7,RO,idf,0x0,0x0,0x0,RO,IDF v5.5.3 soc/esp32c3/register/soc/usb_serial_jtag_reg.h:462,IDF bitpos comment disagrees with its _S and _V macros; macros used
usj,USB_SERIAL_JTAG_OUT_EP0_ST,0x038,USB_SERIAL_JTAG_OUT_EP0_RD_ADDR,9,7,RO,idf,0x0,0x0,0x0,RO,IDF v5.5.3 soc/esp32c3/register/soc/usb_serial_jtag_reg.h:472,IDF bitpos comment disagrees with its _S and _V macros; macros used
usj,USB_SERIAL_JTAG_OUT_EP1_ST,0x03C,USB_SERIAL_JTAG_OUT_EP1_STATE,0,2,RO,idf,0x0,0x0,0x0,RO,IDF v5.5.3 soc/esp32c3/register/soc/usb_serial_jtag_reg.h:485,IDF bitpos comment disagrees with its _S and _V macros; macros used
usj,USB_SERIAL_JTAG_OUT_EP1_ST,0x03C,USB_SERIAL_JTAG_OUT_EP1_WR_ADDR,2,7,RO,idf,0x0,0x0,0x0,RO,IDF v5.5.3 soc/esp32c3/register/soc/usb_serial_jtag_reg.h:493,IDF bitpos comment disagrees with its _S and _V macros; macros used
usj,USB_SERIAL_JTAG_OUT_EP1_ST,0x03C,USB_SERIAL_JTAG_OUT_EP1_RD_ADDR,9,7,RO,idf,0x0,0x0,0x0,RO,IDF v5.5.3 soc/esp32c3/register/soc/usb_serial_jtag_reg.h:503,IDF bitpos comment disagrees with its _S and _V macros; macros used
usj,USB_SERIAL_JTAG_OUT_EP1_ST,0x03C,USB_SERIAL_JTAG_OUT_EP1_REC_DATA_CNT,16,7,RO,idf,0x0,0x0,0x0,RO,IDF v5.5.3 soc/esp32c3/register/soc/usb_serial_jtag_reg.h:511,IDF bitpos comment disagrees with its _S and _V macros; macros used
usj,USB_SERIAL_JTAG_OUT_EP2_ST,0x040,USB_SERIAL_JTAG_OUT_EP2_STATE,0,2,RO,idf,0x0,0x0,0x0,RO,IDF v5.5.3 soc/esp32c3/register/soc/usb_serial_jtag_reg.h:524,IDF bitpos comment disagrees with its _S and _V macros; macros used
usj,USB_SERIAL_JTAG_OUT_EP2_ST,0x040,USB_SERIAL_JTAG_OUT_EP2_WR_ADDR,2,7,RO,idf,0x0,0x0,0x0,RO,IDF v5.5.3 soc/esp32c3/register/soc/usb_serial_jtag_reg.h:532,IDF bitpos comment disagrees with its _S and _V macros; macros used
usj,USB_SERIAL_JTAG_OUT_EP2_ST,0x040,USB_SERIAL_JTAG_OUT_EP2_RD_ADDR,9,7,RO,idf,0x0,0x0,0x0,RO,IDF v5.5.3 soc/esp32c3/register/soc/usb_serial_jtag_reg.h:542,IDF bitpos comment disagrees with its _S and _V macros; macros used
usj,USB_SERIAL_JTAG_MISC_CONF,0x044,USB_SERIAL_JTAG_CLK_EN,0,1,RW,idf,0x0,0x0,0x0,R/W,IDF v5.5.3 soc/esp32c3/register/soc/usb_serial_jtag_reg.h:186,
usj,USB_SERIAL_JTAG_MEM_CONF,0x048,USB_SERIAL_JTAG_USB_MEM_PD,0,1,RW,idf,0x0,0x0,0x0,R/W,IDF v5.5.3 soc/esp32c3/register/soc/usb_serial_jtag_reg.h:200,
usj,USB_SERIAL_JTAG_MEM_CONF,0x048,USB_SERIAL_JTAG_USB_MEM_CLK_EN,1,1,RW,idf,0x1,0x1,0x1,R/W,IDF v5.5.3 soc/esp32c3/register/soc/usb_serial_jtag_reg.h:208,
usj,USB_SERIAL_JTAG_DATE,0x080,USB_SERIAL_JTAG_DATE,0,32,RW,idf,0x2007300,0x2007300,0x2007300,R/W,IDF v5.5.3 soc/esp32c3/register/soc/usb_serial_jtag_reg.h:980,IDF bitpos [32:0] read as [31:0]
system,SYSTEM_CPU_PERI_CLK_EN,0x000,SYSTEM_CLK_EN_ASSIST_DEBUG,6,1,RW,idf,0x0,0x0,0x0,R/W,IDF v5.5.3 soc/esp32c3/register/soc/system_reg.h:21,
system,SYSTEM_CPU_PERI_CLK_EN,0x000,SYSTEM_CLK_EN_DEDICATED_GPIO,7,1,RW,idf,0x0,0x0,0x0,R/W,IDF v5.5.3 soc/esp32c3/register/soc/system_reg.h:15,
system,SYSTEM_CPU_PERI_RST_EN,0x004,SYSTEM_RST_EN_ASSIST_DEBUG,6,1,RW,idf,0x1,0x1,0x1,R/W,IDF v5.5.3 soc/esp32c3/register/soc/system_reg.h:35,
system,SYSTEM_CPU_PERI_RST_EN,0x004,SYSTEM_RST_EN_DEDICATED_GPIO,7,1,RW,idf,0x1,0x1,0x1,R/W,IDF v5.5.3 soc/esp32c3/register/soc/system_reg.h:29,
system,SYSTEM_CPU_PER_CONF,0x008,SYSTEM_CPUPERIOD_SEL,0,2,RW,idf,0x0,0x0,0x0,R/W,IDF v5.5.3 soc/esp32c3/register/soc/system_reg.h:61,
system,SYSTEM_CPU_PER_CONF,0x008,SYSTEM_PLL_FREQ_SEL,2,1,RW,idf,0x1,0x1,0x1,R/W,IDF v5.5.3 soc/esp32c3/register/soc/system_reg.h:55,
system,SYSTEM_CPU_PER_CONF,0x008,SYSTEM_CPU_WAIT_MODE_FORCE_ON,3,1,RW,idf,0x1,0x1,0x1,R/W,IDF v5.5.3 soc/esp32c3/register/soc/system_reg.h:49,
system,SYSTEM_CPU_PER_CONF,0x008,SYSTEM_CPU_WAITI_DELAY_NUM,4,4,RW,idf,0x0,0x0,0x0,R/W,IDF v5.5.3 soc/esp32c3/register/soc/system_reg.h:43,
system,SYSTEM_MEM_PD_MASK,0x00C,SYSTEM_LSLP_MEM_PD_MASK,0,1,RW,idf,0x1,0x1,0x1,R/W,IDF v5.5.3 soc/esp32c3/register/soc/system_reg.h:69,
system,SYSTEM_PERIP_CLK_EN0,0x010,SYSTEM_TIMERS_CLK_EN,0,1,RW,idf,0x1,0x1,0x1,R/W,IDF v5.5.3 soc/esp32c3/register/soc/system_reg.h:257,
system,SYSTEM_PERIP_CLK_EN0,0x010,SYSTEM_SPI01_CLK_EN,1,1,RW,idf,0x1,0x1,0x1,R/W,IDF v5.5.3 soc/esp32c3/register/soc/system_reg.h:251,
system,SYSTEM_PERIP_CLK_EN0,0x010,SYSTEM_UART_CLK_EN,2,1,RW,idf,0x1,0x1,0x1,R/W,IDF v5.5.3 soc/esp32c3/register/soc/system_reg.h:245,
system,SYSTEM_PERIP_CLK_EN0,0x010,SYSTEM_WDG_CLK_EN,3,1,RW,idf,0x1,0x1,0x1,R/W,IDF v5.5.3 soc/esp32c3/register/soc/system_reg.h:239,
system,SYSTEM_PERIP_CLK_EN0,0x010,SYSTEM_UART1_CLK_EN,5,1,RW,idf,0x1,0x1,0x1,R/W,IDF v5.5.3 soc/esp32c3/register/soc/system_reg.h:233,
system,SYSTEM_PERIP_CLK_EN0,0x010,SYSTEM_SPI2_CLK_EN,6,1,RW,idf,0x1,0x1,0x1,R/W,IDF v5.5.3 soc/esp32c3/register/soc/system_reg.h:227,
system,SYSTEM_PERIP_CLK_EN0,0x010,SYSTEM_I2C_EXT0_CLK_EN,7,1,RW,idf,0x0,0x0,0x0,R/W,IDF v5.5.3 soc/esp32c3/register/soc/system_reg.h:221,
system,SYSTEM_PERIP_CLK_EN0,0x010,SYSTEM_UHCI0_CLK_EN,8,1,RW,idf,0x0,0x0,0x0,R/W,IDF v5.5.3 soc/esp32c3/register/soc/system_reg.h:215,
system,SYSTEM_PERIP_CLK_EN0,0x010,SYSTEM_RMT_CLK_EN,9,1,RW,idf,0x0,0x0,0x0,R/W,IDF v5.5.3 soc/esp32c3/register/soc/system_reg.h:209,
system,SYSTEM_PERIP_CLK_EN0,0x010,SYSTEM_PCNT_CLK_EN,10,1,RW,idf,0x0,0x0,0x0,R/W,IDF v5.5.3 soc/esp32c3/register/soc/system_reg.h:203,
system,SYSTEM_PERIP_CLK_EN0,0x010,SYSTEM_LEDC_CLK_EN,11,1,RW,idf,0x0,0x0,0x0,R/W,IDF v5.5.3 soc/esp32c3/register/soc/system_reg.h:197,
system,SYSTEM_PERIP_CLK_EN0,0x010,SYSTEM_UHCI1_CLK_EN,12,1,RW,idf,0x0,0x0,0x0,R/W,IDF v5.5.3 soc/esp32c3/register/soc/system_reg.h:191,
system,SYSTEM_PERIP_CLK_EN0,0x010,SYSTEM_TIMERGROUP_CLK_EN,13,1,RW,idf,0x1,0x1,0x1,R/W,IDF v5.5.3 soc/esp32c3/register/soc/system_reg.h:185,
system,SYSTEM_PERIP_CLK_EN0,0x010,SYSTEM_EFUSE_CLK_EN,14,1,RW,idf,0x1,0x1,0x1,R/W,IDF v5.5.3 soc/esp32c3/register/soc/system_reg.h:179,
system,SYSTEM_PERIP_CLK_EN0,0x010,SYSTEM_TIMERGROUP1_CLK_EN,15,1,RW,idf,0x1,0x1,0x1,R/W,IDF v5.5.3 soc/esp32c3/register/soc/system_reg.h:173,
system,SYSTEM_PERIP_CLK_EN0,0x010,SYSTEM_SPI3_CLK_EN,16,1,RW,idf,0x1,0x1,0x1,R/W,IDF v5.5.3 soc/esp32c3/register/soc/system_reg.h:167,
system,SYSTEM_PERIP_CLK_EN0,0x010,SYSTEM_PWM0_CLK_EN,17,1,RW,idf,0x0,0x0,0x0,R/W,IDF v5.5.3 soc/esp32c3/register/soc/system_reg.h:161,
system,SYSTEM_PERIP_CLK_EN0,0x010,SYSTEM_I2C_EXT1_CLK_EN,18,1,RW,idf,0x0,0x0,0x0,R/W,IDF v5.5.3 soc/esp32c3/register/soc/system_reg.h:155,
system,SYSTEM_PERIP_CLK_EN0,0x010,SYSTEM_TWAI_CLK_EN,19,1,RW,idf,0x0,0x0,0x0,R/W,IDF v5.5.3 soc/esp32c3/register/soc/system_reg.h:149,
system,SYSTEM_PERIP_CLK_EN0,0x010,SYSTEM_PWM1_CLK_EN,20,1,RW,idf,0x0,0x0,0x0,R/W,IDF v5.5.3 soc/esp32c3/register/soc/system_reg.h:143,
system,SYSTEM_PERIP_CLK_EN0,0x010,SYSTEM_I2S0_CLK_EN,21,1,RW,idf,0x0,0x0,0x0,R/W,IDF v5.5.3 soc/esp32c3/register/soc/system_reg.h:137,
system,SYSTEM_PERIP_CLK_EN0,0x010,SYSTEM_SPI2_DMA_CLK_EN,22,1,RW,idf,0x1,0x1,0x1,R/W,IDF v5.5.3 soc/esp32c3/register/soc/system_reg.h:131,
system,SYSTEM_PERIP_CLK_EN0,0x010,SYSTEM_USB_DEVICE_CLK_EN,23,1,RW,idf,0x1,0x1,0x1,R/W,IDF v5.5.3 soc/esp32c3/register/soc/system_reg.h:125,
system,SYSTEM_PERIP_CLK_EN0,0x010,SYSTEM_UART_MEM_CLK_EN,24,1,RW,idf,0x1,0x1,0x1,R/W,IDF v5.5.3 soc/esp32c3/register/soc/system_reg.h:119,
system,SYSTEM_PERIP_CLK_EN0,0x010,SYSTEM_PWM2_CLK_EN,25,1,RW,idf,0x0,0x0,0x0,R/W,IDF v5.5.3 soc/esp32c3/register/soc/system_reg.h:113,
system,SYSTEM_PERIP_CLK_EN0,0x010,SYSTEM_PWM3_CLK_EN,26,1,RW,idf,0x0,0x0,0x0,R/W,IDF v5.5.3 soc/esp32c3/register/soc/system_reg.h:107,
system,SYSTEM_PERIP_CLK_EN0,0x010,SYSTEM_SPI3_DMA_CLK_EN,27,1,RW,idf,0x1,0x1,0x1,R/W,IDF v5.5.3 soc/esp32c3/register/soc/system_reg.h:101,
system,SYSTEM_PERIP_CLK_EN0,0x010,SYSTEM_APB_SARADC_CLK_EN,28,1,RW,idf,0x1,0x1,0x1,R/W,IDF v5.5.3 soc/esp32c3/register/soc/system_reg.h:95,
system,SYSTEM_PERIP_CLK_EN0,0x010,SYSTEM_SYSTIMER_CLK_EN,29,1,RW,idf,0x1,0x1,0x1,R/W,IDF v5.5.3 soc/esp32c3/register/soc/system_reg.h:89,
system,SYSTEM_PERIP_CLK_EN0,0x010,SYSTEM_ADC2_ARB_CLK_EN,30,1,RW,idf,0x1,0x1,0x1,R/W,IDF v5.5.3 soc/esp32c3/register/soc/system_reg.h:83,
system,SYSTEM_PERIP_CLK_EN0,0x010,SYSTEM_SPI4_CLK_EN,31,1,RW,idf,0x1,0x1,0x1,R/W,IDF v5.5.3 soc/esp32c3/register/soc/system_reg.h:77,
system,SYSTEM_PERIP_CLK_EN1,0x014,SYSTEM_CRYPTO_AES_CLK_EN,1,1,RW,idf,0x0,0x0,0x0,R/W,IDF v5.5.3 soc/esp32c3/register/soc/system_reg.h:313,
system,SYSTEM_PERIP_CLK_EN1,0x014,SYSTEM_CRYPTO_SHA_CLK_EN,2,1,RW,idf,0x0,0x0,0x0,R/W,IDF v5.5.3 soc/esp32c3/register/soc/system_reg.h:307,
system,SYSTEM_PERIP_CLK_EN1,0x014,SYSTEM_CRYPTO_RSA_CLK_EN,3,1,RW,idf,0x0,0x0,0x0,R/W,IDF v5.5.3 soc/esp32c3/register/soc/system_reg.h:301,
system,SYSTEM_PERIP_CLK_EN1,0x014,SYSTEM_CRYPTO_DS_CLK_EN,4,1,RW,idf,0x0,0x0,0x0,R/W,IDF v5.5.3 soc/esp32c3/register/soc/system_reg.h:295,
system,SYSTEM_PERIP_CLK_EN1,0x014,SYSTEM_CRYPTO_HMAC_CLK_EN,5,1,RW,idf,0x0,0x0,0x0,R/W,IDF v5.5.3 soc/esp32c3/register/soc/system_reg.h:289,
system,SYSTEM_PERIP_CLK_EN1,0x014,SYSTEM_DMA_CLK_EN,6,1,RW,idf,0x0,0x0,0x0,R/W,IDF v5.5.3 soc/esp32c3/register/soc/system_reg.h:283,
system,SYSTEM_PERIP_CLK_EN1,0x014,SYSTEM_SDIO_HOST_CLK_EN,7,1,RW,idf,0x0,0x0,0x0,R/W,IDF v5.5.3 soc/esp32c3/register/soc/system_reg.h:277,
system,SYSTEM_PERIP_CLK_EN1,0x014,SYSTEM_LCD_CAM_CLK_EN,8,1,RW,idf,0x0,0x0,0x0,R/W,IDF v5.5.3 soc/esp32c3/register/soc/system_reg.h:271,
system,SYSTEM_PERIP_CLK_EN1,0x014,SYSTEM_TSENS_CLK_EN,10,1,RW,idf,0x0,0x0,0x0,R/W,IDF v5.5.3 soc/esp32c3/register/soc/system_reg.h:265,
system,SYSTEM_PERIP_RST_EN0,0x018,SYSTEM_TIMERS_RST,0,1,RW,idf,0x0,0x0,0x0,R/W,IDF v5.5.3 soc/esp32c3/register/soc/system_reg.h:501,
system,SYSTEM_PERIP_RST_EN0,0x018,SYSTEM_SPI01_RST,1,1,RW,idf,0x0,0x0,0x0,R/W,IDF v5.5.3 soc/esp32c3/register/soc/system_reg.h:495,
system,SYSTEM_PERIP_RST_EN0,0x018,SYSTEM_UART_RST,2,1,RW,idf,0x0,0x0,0x0,R/W,IDF v5.5.3 soc/esp32c3/register/soc/system_reg.h:489,
system,SYSTEM_PERIP_RST_EN0,0x018,SYSTEM_WDG_RST,3,1,RW,idf,0x0,0x0,0x0,R/W,IDF v5.5.3 soc/esp32c3/register/soc/system_reg.h:483,
system,SYSTEM_PERIP_RST_EN0,0x018,SYSTEM_UART1_RST,5,1,RW,idf,0x0,0x0,0x0,R/W,IDF v5.5.3 soc/esp32c3/register/soc/system_reg.h:477,
system,SYSTEM_PERIP_RST_EN0,0x018,SYSTEM_SPI2_RST,6,1,RW,idf,0x0,0x0,0x0,R/W,IDF v5.5.3 soc/esp32c3/register/soc/system_reg.h:471,
system,SYSTEM_PERIP_RST_EN0,0x018,SYSTEM_I2C_EXT0_RST,7,1,RW,idf,0x0,0x0,0x0,R/W,IDF v5.5.3 soc/esp32c3/register/soc/system_reg.h:465,
system,SYSTEM_PERIP_RST_EN0,0x018,SYSTEM_UHCI0_RST,8,1,RW,idf,0x0,0x0,0x0,R/W,IDF v5.5.3 soc/esp32c3/register/soc/system_reg.h:459,
system,SYSTEM_PERIP_RST_EN0,0x018,SYSTEM_RMT_RST,9,1,RW,idf,0x0,0x0,0x0,R/W,IDF v5.5.3 soc/esp32c3/register/soc/system_reg.h:453,
system,SYSTEM_PERIP_RST_EN0,0x018,SYSTEM_PCNT_RST,10,1,RW,idf,0x0,0x0,0x0,R/W,IDF v5.5.3 soc/esp32c3/register/soc/system_reg.h:447,
system,SYSTEM_PERIP_RST_EN0,0x018,SYSTEM_LEDC_RST,11,1,RW,idf,0x0,0x0,0x0,R/W,IDF v5.5.3 soc/esp32c3/register/soc/system_reg.h:441,
system,SYSTEM_PERIP_RST_EN0,0x018,SYSTEM_UHCI1_RST,12,1,RW,idf,0x0,0x0,0x0,R/W,IDF v5.5.3 soc/esp32c3/register/soc/system_reg.h:435,
system,SYSTEM_PERIP_RST_EN0,0x018,SYSTEM_TIMERGROUP_RST,13,1,RW,idf,0x0,0x0,0x0,R/W,IDF v5.5.3 soc/esp32c3/register/soc/system_reg.h:429,
system,SYSTEM_PERIP_RST_EN0,0x018,SYSTEM_EFUSE_RST,14,1,RW,idf,0x0,0x0,0x0,R/W,IDF v5.5.3 soc/esp32c3/register/soc/system_reg.h:423,
system,SYSTEM_PERIP_RST_EN0,0x018,SYSTEM_TIMERGROUP1_RST,15,1,RW,idf,0x0,0x0,0x0,R/W,IDF v5.5.3 soc/esp32c3/register/soc/system_reg.h:417,
system,SYSTEM_PERIP_RST_EN0,0x018,SYSTEM_SPI3_RST,16,1,RW,idf,0x0,0x0,0x0,R/W,IDF v5.5.3 soc/esp32c3/register/soc/system_reg.h:411,
system,SYSTEM_PERIP_RST_EN0,0x018,SYSTEM_PWM0_RST,17,1,RW,idf,0x0,0x0,0x0,R/W,IDF v5.5.3 soc/esp32c3/register/soc/system_reg.h:405,
system,SYSTEM_PERIP_RST_EN0,0x018,SYSTEM_I2C_EXT1_RST,18,1,RW,idf,0x0,0x0,0x0,R/W,IDF v5.5.3 soc/esp32c3/register/soc/system_reg.h:399,
system,SYSTEM_PERIP_RST_EN0,0x018,SYSTEM_TWAI_RST,19,1,RW,idf,0x0,0x0,0x0,R/W,IDF v5.5.3 soc/esp32c3/register/soc/system_reg.h:393,
system,SYSTEM_PERIP_RST_EN0,0x018,SYSTEM_PWM1_RST,20,1,RW,idf,0x0,0x0,0x0,R/W,IDF v5.5.3 soc/esp32c3/register/soc/system_reg.h:387,
system,SYSTEM_PERIP_RST_EN0,0x018,SYSTEM_I2S0_RST,21,1,RW,idf,0x0,0x0,0x0,R/W,IDF v5.5.3 soc/esp32c3/register/soc/system_reg.h:381,
system,SYSTEM_PERIP_RST_EN0,0x018,SYSTEM_SPI2_DMA_RST,22,1,RW,idf,0x0,0x0,0x0,R/W,IDF v5.5.3 soc/esp32c3/register/soc/system_reg.h:375,
system,SYSTEM_PERIP_RST_EN0,0x018,SYSTEM_USB_DEVICE_RST,23,1,RW,idf,0x0,0x0,0x0,R/W,IDF v5.5.3 soc/esp32c3/register/soc/system_reg.h:369,
system,SYSTEM_PERIP_RST_EN0,0x018,SYSTEM_UART_MEM_RST,24,1,RW,idf,0x0,0x0,0x0,R/W,IDF v5.5.3 soc/esp32c3/register/soc/system_reg.h:363,
system,SYSTEM_PERIP_RST_EN0,0x018,SYSTEM_PWM2_RST,25,1,RW,idf,0x0,0x0,0x0,R/W,IDF v5.5.3 soc/esp32c3/register/soc/system_reg.h:357,
system,SYSTEM_PERIP_RST_EN0,0x018,SYSTEM_PWM3_RST,26,1,RW,idf,0x0,0x0,0x0,R/W,IDF v5.5.3 soc/esp32c3/register/soc/system_reg.h:351,
system,SYSTEM_PERIP_RST_EN0,0x018,SYSTEM_SPI3_DMA_RST,27,1,RW,idf,0x0,0x0,0x0,R/W,IDF v5.5.3 soc/esp32c3/register/soc/system_reg.h:345,
system,SYSTEM_PERIP_RST_EN0,0x018,SYSTEM_APB_SARADC_RST,28,1,RW,idf,0x0,0x0,0x0,R/W,IDF v5.5.3 soc/esp32c3/register/soc/system_reg.h:339,
system,SYSTEM_PERIP_RST_EN0,0x018,SYSTEM_SYSTIMER_RST,29,1,RW,idf,0x0,0x0,0x0,R/W,IDF v5.5.3 soc/esp32c3/register/soc/system_reg.h:333,
system,SYSTEM_PERIP_RST_EN0,0x018,SYSTEM_ADC2_ARB_RST,30,1,RW,idf,0x0,0x0,0x0,R/W,IDF v5.5.3 soc/esp32c3/register/soc/system_reg.h:327,
system,SYSTEM_PERIP_RST_EN0,0x018,SYSTEM_SPI4_RST,31,1,RW,idf,0x0,0x0,0x0,R/W,IDF v5.5.3 soc/esp32c3/register/soc/system_reg.h:321,
system,SYSTEM_PERIP_RST_EN1,0x01C,SYSTEM_CRYPTO_AES_RST,1,1,RW,idf,0x1,0x1,0x1,R/W,IDF v5.5.3 soc/esp32c3/register/soc/system_reg.h:557,
system,SYSTEM_PERIP_RST_EN1,0x01C,SYSTEM_CRYPTO_SHA_RST,2,1,RW,idf,0x1,0x1,0x1,R/W,IDF v5.5.3 soc/esp32c3/register/soc/system_reg.h:551,
system,SYSTEM_PERIP_RST_EN1,0x01C,SYSTEM_CRYPTO_RSA_RST,3,1,RW,idf,0x1,0x1,0x1,R/W,IDF v5.5.3 soc/esp32c3/register/soc/system_reg.h:545,
system,SYSTEM_PERIP_RST_EN1,0x01C,SYSTEM_CRYPTO_DS_RST,4,1,RW,idf,0x1,0x1,0x1,R/W,IDF v5.5.3 soc/esp32c3/register/soc/system_reg.h:539,
system,SYSTEM_PERIP_RST_EN1,0x01C,SYSTEM_CRYPTO_HMAC_RST,5,1,RW,idf,0x1,0x1,0x1,R/W,IDF v5.5.3 soc/esp32c3/register/soc/system_reg.h:533,
system,SYSTEM_PERIP_RST_EN1,0x01C,SYSTEM_DMA_RST,6,1,RW,idf,0x1,0x1,0x1,R/W,IDF v5.5.3 soc/esp32c3/register/soc/system_reg.h:527,
system,SYSTEM_PERIP_RST_EN1,0x01C,SYSTEM_SDIO_HOST_RST,7,1,RW,idf,0x1,0x1,0x1,R/W,IDF v5.5.3 soc/esp32c3/register/soc/system_reg.h:521,
system,SYSTEM_PERIP_RST_EN1,0x01C,SYSTEM_LCD_CAM_RST,8,1,RW,idf,0x1,0x1,0x1,R/W,IDF v5.5.3 soc/esp32c3/register/soc/system_reg.h:515,
system,SYSTEM_PERIP_RST_EN1,0x01C,SYSTEM_TSENS_RST,10,1,RW,idf,0x0,0x0,0x0,R/W,IDF v5.5.3 soc/esp32c3/register/soc/system_reg.h:509,
system,SYSTEM_BT_LPCK_DIV_INT,0x020,SYSTEM_BT_LPCK_DIV_NUM,0,12,RW,idf,0xFF,0xFF,0xFF,R/W,IDF v5.5.3 soc/esp32c3/register/soc/system_reg.h:565,
system,SYSTEM_BT_LPCK_DIV_FRAC,0x024,SYSTEM_BT_LPCK_DIV_B,0,12,RW,idf,0x1,0x1,0x1,R/W,IDF v5.5.3 soc/esp32c3/register/soc/system_reg.h:609,
system,SYSTEM_BT_LPCK_DIV_FRAC,0x024,SYSTEM_BT_LPCK_DIV_A,12,12,RW,idf,0x1,0x1,0x1,R/W,IDF v5.5.3 soc/esp32c3/register/soc/system_reg.h:603,
system,SYSTEM_BT_LPCK_DIV_FRAC,0x024,SYSTEM_LPCLK_SEL_RTC_SLOW,24,1,RW,idf,0x0,0x0,0x0,R/W,IDF v5.5.3 soc/esp32c3/register/soc/system_reg.h:597,
system,SYSTEM_BT_LPCK_DIV_FRAC,0x024,SYSTEM_LPCLK_SEL_8M,25,1,RW,idf,0x1,0x1,0x1,R/W,IDF v5.5.3 soc/esp32c3/register/soc/system_reg.h:591,
system,SYSTEM_BT_LPCK_DIV_FRAC,0x024,SYSTEM_LPCLK_SEL_XTAL,26,1,RW,idf,0x0,0x0,0x0,R/W,IDF v5.5.3 soc/esp32c3/register/soc/system_reg.h:585,
system,SYSTEM_BT_LPCK_DIV_FRAC,0x024,SYSTEM_LPCLK_SEL_XTAL32K,27,1,RW,idf,0x0,0x0,0x0,R/W,IDF v5.5.3 soc/esp32c3/register/soc/system_reg.h:579,
system,SYSTEM_BT_LPCK_DIV_FRAC,0x024,SYSTEM_LPCLK_RTC_EN,28,1,RW,idf,0x0,0x0,0x0,R/W,IDF v5.5.3 soc/esp32c3/register/soc/system_reg.h:573,
system,SYSTEM_CPU_INTR_FROM_CPU_0,0x028,SYSTEM_CPU_INTR_FROM_CPU_0,0,1,RW,idf,0x0,0x0,0x0,R/W,IDF v5.5.3 soc/esp32c3/register/soc/system_reg.h:617,
system,SYSTEM_CPU_INTR_FROM_CPU_1,0x02C,SYSTEM_CPU_INTR_FROM_CPU_1,0,1,RW,idf,0x0,0x0,0x0,R/W,IDF v5.5.3 soc/esp32c3/register/soc/system_reg.h:625,
system,SYSTEM_CPU_INTR_FROM_CPU_2,0x030,SYSTEM_CPU_INTR_FROM_CPU_2,0,1,RW,idf,0x0,0x0,0x0,R/W,IDF v5.5.3 soc/esp32c3/register/soc/system_reg.h:633,
system,SYSTEM_CPU_INTR_FROM_CPU_3,0x034,SYSTEM_CPU_INTR_FROM_CPU_3,0,1,RW,idf,0x0,0x0,0x0,R/W,IDF v5.5.3 soc/esp32c3/register/soc/system_reg.h:641,
system,SYSTEM_RSA_PD_CTRL,0x038,SYSTEM_RSA_MEM_PD,0,1,RW,idf,0x1,0x1,0x1,R/W,IDF v5.5.3 soc/esp32c3/register/soc/system_reg.h:661,
system,SYSTEM_RSA_PD_CTRL,0x038,SYSTEM_RSA_MEM_FORCE_PU,1,1,RW,idf,0x0,0x0,0x0,R/W,IDF v5.5.3 soc/esp32c3/register/soc/system_reg.h:655,
system,SYSTEM_RSA_PD_CTRL,0x038,SYSTEM_RSA_MEM_FORCE_PD,2,1,RW,idf,0x0,0x0,0x0,R/W,IDF v5.5.3 soc/esp32c3/register/soc/system_reg.h:649,
system,SYSTEM_EDMA_CTRL,0x03C,SYSTEM_EDMA_CLK_ON,0,1,RW,idf,0x1,0x1,0x1,R/W,IDF v5.5.3 soc/esp32c3/register/soc/system_reg.h:675,
system,SYSTEM_EDMA_CTRL,0x03C,SYSTEM_EDMA_RESET,1,1,RW,idf,0x0,0x0,0x0,R/W,IDF v5.5.3 soc/esp32c3/register/soc/system_reg.h:669,
system,SYSTEM_CACHE_CONTROL,0x040,SYSTEM_ICACHE_CLK_ON,0,1,RW,idf,0x1,0x1,0x1,R/W,IDF v5.5.3 soc/esp32c3/register/soc/system_reg.h:701,
system,SYSTEM_CACHE_CONTROL,0x040,SYSTEM_ICACHE_RESET,1,1,RW,idf,0x0,0x0,0x0,R/W,IDF v5.5.3 soc/esp32c3/register/soc/system_reg.h:695,
system,SYSTEM_CACHE_CONTROL,0x040,SYSTEM_DCACHE_CLK_ON,2,1,RW,idf,0x1,0x1,0x1,R/W,IDF v5.5.3 soc/esp32c3/register/soc/system_reg.h:689,
system,SYSTEM_CACHE_CONTROL,0x040,SYSTEM_DCACHE_RESET,3,1,RW,idf,0x0,0x0,0x0,R/W,IDF v5.5.3 soc/esp32c3/register/soc/system_reg.h:683,
system,SYSTEM_EXTERNAL_DEVICE_ENCRYPT_DECRYPT_CONTROL,0x044,SYSTEM_ENABLE_SPI_MANUAL_ENCRYPT,0,1,RW,idf,0x0,0x0,0x0,R/W,IDF v5.5.3 soc/esp32c3/register/soc/system_reg.h:727,
system,SYSTEM_EXTERNAL_DEVICE_ENCRYPT_DECRYPT_CONTROL,0x044,SYSTEM_ENABLE_DOWNLOAD_DB_ENCRYPT,1,1,RW,idf,0x0,0x0,0x0,R/W,IDF v5.5.3 soc/esp32c3/register/soc/system_reg.h:721,
system,SYSTEM_EXTERNAL_DEVICE_ENCRYPT_DECRYPT_CONTROL,0x044,SYSTEM_ENABLE_DOWNLOAD_G0CB_DECRYPT,2,1,RW,idf,0x0,0x0,0x0,R/W,IDF v5.5.3 soc/esp32c3/register/soc/system_reg.h:715,
system,SYSTEM_EXTERNAL_DEVICE_ENCRYPT_DECRYPT_CONTROL,0x044,SYSTEM_ENABLE_DOWNLOAD_MANUAL_ENCRYPT,3,1,RW,idf,0x0,0x0,0x0,R/W,IDF v5.5.3 soc/esp32c3/register/soc/system_reg.h:709,
system,SYSTEM_RTC_FASTMEM_CONFIG,0x048,SYSTEM_RTC_MEM_CRC_START,8,1,RW,idf,0x0,0x0,0x0,R/W,IDF v5.5.3 soc/esp32c3/register/soc/system_reg.h:753,
system,SYSTEM_RTC_FASTMEM_CONFIG,0x048,SYSTEM_RTC_MEM_CRC_ADDR,9,11,RW,idf,0x0,0x0,0x0,R/W,IDF v5.5.3 soc/esp32c3/register/soc/system_reg.h:747,
system,SYSTEM_RTC_FASTMEM_CONFIG,0x048,SYSTEM_RTC_MEM_CRC_LEN,20,11,RW,idf,0x7FF,0x7FF,0x7FF,R/W,IDF v5.5.3 soc/esp32c3/register/soc/system_reg.h:741,
system,SYSTEM_RTC_FASTMEM_CONFIG,0x048,SYSTEM_RTC_MEM_CRC_FINISH,31,1,RO,idf,0x0,0x0,0x0,RO,IDF v5.5.3 soc/esp32c3/register/soc/system_reg.h:735,
system,SYSTEM_RTC_FASTMEM_CRC,0x04C,SYSTEM_RTC_MEM_CRC_RES,0,32,RO,idf,0x0,0x0,0x0,RO,IDF v5.5.3 soc/esp32c3/register/soc/system_reg.h:761,
system,SYSTEM_REDUNDANT_ECO_CTRL,0x050,SYSTEM_REDUNDANT_ECO_DRIVE,0,1,RW,idf,0x0,0x0,0x0,R/W,IDF v5.5.3 soc/esp32c3/register/soc/system_reg.h:775,
system,SYSTEM_REDUNDANT_ECO_CTRL,0x050,SYSTEM_REDUNDANT_ECO_RESULT,1,1,RO,idf,0x0,0x0,0x0,RO,IDF v5.5.3 soc/esp32c3/register/soc/system_reg.h:769,
system,SYSTEM_CLOCK_GATE,0x054,SYSTEM_CLK_EN,0,1,RW,idf,0x1,0x1,0x1,R/W,IDF v5.5.3 soc/esp32c3/register/soc/system_reg.h:783,
system,SYSTEM_SYSCLK_CONF,0x058,SYSTEM_PRE_DIV_CNT,0,10,RW,idf,0x1,0x1,0x1,R/W,IDF v5.5.3 soc/esp32c3/register/soc/system_reg.h:809,
system,SYSTEM_SYSCLK_CONF,0x058,SYSTEM_SOC_CLK_SEL,10,2,RW,idf,0x0,0x0,0x0,R/W,IDF v5.5.3 soc/esp32c3/register/soc/system_reg.h:803,
system,SYSTEM_SYSCLK_CONF,0x058,SYSTEM_CLK_XTAL_FREQ,12,7,RO,idf,0x0,0x0,0x0,RO,IDF v5.5.3 soc/esp32c3/register/soc/system_reg.h:797,
system,SYSTEM_SYSCLK_CONF,0x058,SYSTEM_CLK_DIV_EN,19,1,RO,idf,0x0,0x0,0x0,RO,IDF v5.5.3 soc/esp32c3/register/soc/system_reg.h:791,
system,SYSTEM_MEM_PVT,0x05C,SYSTEM_MEM_PATH_LEN,0,4,RW,idf,0x3,0x3,0x3,R/W,IDF v5.5.3 soc/esp32c3/register/soc/system_reg.h:841,
system,SYSTEM_MEM_PVT,0x05C,SYSTEM_MEM_ERR_CNT_CLR,4,1,WO,idf,0x0,0x0,0x0,WO,IDF v5.5.3 soc/esp32c3/register/soc/system_reg.h:835,
system,SYSTEM_MEM_PVT,0x05C,SYSTEM_MEM_PVT_MONITOR_EN,5,1,RW,idf,0x0,0x0,0x0,R/W,IDF v5.5.3 soc/esp32c3/register/soc/system_reg.h:829,
system,SYSTEM_MEM_PVT,0x05C,SYSTEM_MEM_TIMING_ERR_CNT,6,16,RO,idf,0x0,0x0,0x0,RO,IDF v5.5.3 soc/esp32c3/register/soc/system_reg.h:823,
system,SYSTEM_MEM_PVT,0x05C,SYSTEM_MEM_VT_SEL,22,2,RW,idf,0x0,0x0,0x0,R/W,IDF v5.5.3 soc/esp32c3/register/soc/system_reg.h:817,
system,SYSTEM_COMB_PVT_LVT_CONF,0x060,SYSTEM_COMB_PATH_LEN_LVT,0,5,RW,idf,0x3,0x3,0x3,R/W,IDF v5.5.3 soc/esp32c3/register/soc/system_reg.h:861,
system,SYSTEM_COMB_PVT_LVT_CONF,0x060,SYSTEM_COMB_ERR_CNT_CLR_LVT,5,1,WO,idf,0x0,0x0,0x0,WO,IDF v5.5.3 soc/esp32c3/register/soc/system_reg.h:855,
system,SYSTEM_COMB_PVT_LVT_CONF,0x060,SYSTEM_COMB_PVT_MONITOR_EN_LVT,6,1,RW,idf,0x0,0x0,0x0,R/W,IDF v5.5.3 soc/esp32c3/register/soc/system_reg.h:849,
system,SYSTEM_COMB_PVT_NVT_CONF,0x064,SYSTEM_COMB_PATH_LEN_NVT,0,5,RW,idf,0x3,0x3,0x3,R/W,IDF v5.5.3 soc/esp32c3/register/soc/system_reg.h:881,
system,SYSTEM_COMB_PVT_NVT_CONF,0x064,SYSTEM_COMB_ERR_CNT_CLR_NVT,5,1,WO,idf,0x0,0x0,0x0,WO,IDF v5.5.3 soc/esp32c3/register/soc/system_reg.h:875,
system,SYSTEM_COMB_PVT_NVT_CONF,0x064,SYSTEM_COMB_PVT_MONITOR_EN_NVT,6,1,RW,idf,0x0,0x0,0x0,R/W,IDF v5.5.3 soc/esp32c3/register/soc/system_reg.h:869,
system,SYSTEM_COMB_PVT_HVT_CONF,0x068,SYSTEM_COMB_PATH_LEN_HVT,0,5,RW,idf,0x3,0x3,0x3,R/W,IDF v5.5.3 soc/esp32c3/register/soc/system_reg.h:901,
system,SYSTEM_COMB_PVT_HVT_CONF,0x068,SYSTEM_COMB_ERR_CNT_CLR_HVT,5,1,WO,idf,0x0,0x0,0x0,WO,IDF v5.5.3 soc/esp32c3/register/soc/system_reg.h:895,
system,SYSTEM_COMB_PVT_HVT_CONF,0x068,SYSTEM_COMB_PVT_MONITOR_EN_HVT,6,1,RW,idf,0x0,0x0,0x0,R/W,IDF v5.5.3 soc/esp32c3/register/soc/system_reg.h:889,
system,SYSTEM_COMB_PVT_ERR_LVT_SITE0,0x06C,SYSTEM_COMB_TIMING_ERR_CNT_LVT_SITE0,0,16,RO,idf,0x0,0x0,0x0,RO,IDF v5.5.3 soc/esp32c3/register/soc/system_reg.h:909,
system,SYSTEM_COMB_PVT_ERR_NVT_SITE0,0x070,SYSTEM_COMB_TIMING_ERR_CNT_NVT_SITE0,0,16,RO,idf,0x0,0x0,0x0,RO,IDF v5.5.3 soc/esp32c3/register/soc/system_reg.h:917,
system,SYSTEM_COMB_PVT_ERR_HVT_SITE0,0x074,SYSTEM_COMB_TIMING_ERR_CNT_HVT_SITE0,0,16,RO,idf,0x0,0x0,0x0,RO,IDF v5.5.3 soc/esp32c3/register/soc/system_reg.h:925,
system,SYSTEM_COMB_PVT_ERR_LVT_SITE1,0x078,SYSTEM_COMB_TIMING_ERR_CNT_LVT_SITE1,0,16,RO,idf,0x0,0x0,0x0,RO,IDF v5.5.3 soc/esp32c3/register/soc/system_reg.h:933,
system,SYSTEM_COMB_PVT_ERR_NVT_SITE1,0x07C,SYSTEM_COMB_TIMING_ERR_CNT_NVT_SITE1,0,16,RO,idf,0x0,0x0,0x0,RO,IDF v5.5.3 soc/esp32c3/register/soc/system_reg.h:941,
system,SYSTEM_COMB_PVT_ERR_HVT_SITE1,0x080,SYSTEM_COMB_TIMING_ERR_CNT_HVT_SITE1,0,16,RO,idf,0x0,0x0,0x0,RO,IDF v5.5.3 soc/esp32c3/register/soc/system_reg.h:949,
system,SYSTEM_COMB_PVT_ERR_LVT_SITE2,0x084,SYSTEM_COMB_TIMING_ERR_CNT_LVT_SITE2,0,16,RO,idf,0x0,0x0,0x0,RO,IDF v5.5.3 soc/esp32c3/register/soc/system_reg.h:957,
system,SYSTEM_COMB_PVT_ERR_NVT_SITE2,0x088,SYSTEM_COMB_TIMING_ERR_CNT_NVT_SITE2,0,16,RO,idf,0x0,0x0,0x0,RO,IDF v5.5.3 soc/esp32c3/register/soc/system_reg.h:965,
system,SYSTEM_COMB_PVT_ERR_HVT_SITE2,0x08C,SYSTEM_COMB_TIMING_ERR_CNT_HVT_SITE2,0,16,RO,idf,0x0,0x0,0x0,RO,IDF v5.5.3 soc/esp32c3/register/soc/system_reg.h:973,
system,SYSTEM_COMB_PVT_ERR_LVT_SITE3,0x090,SYSTEM_COMB_TIMING_ERR_CNT_LVT_SITE3,0,16,RO,idf,0x0,0x0,0x0,RO,IDF v5.5.3 soc/esp32c3/register/soc/system_reg.h:981,
system,SYSTEM_COMB_PVT_ERR_NVT_SITE3,0x094,SYSTEM_COMB_TIMING_ERR_CNT_NVT_SITE3,0,16,RO,idf,0x0,0x0,0x0,RO,IDF v5.5.3 soc/esp32c3/register/soc/system_reg.h:989,
system,SYSTEM_COMB_PVT_ERR_HVT_SITE3,0x098,SYSTEM_COMB_TIMING_ERR_CNT_HVT_SITE3,0,16,RO,idf,0x0,0x0,0x0,RO,IDF v5.5.3 soc/esp32c3/register/soc/system_reg.h:997,
system,SYSTEM_DATE,0xFFC,SYSTEM_DATE,0,28,RW,idf,0x2007150,0x2007150,0x2007150,R/W,IDF v5.5.3 soc/esp32c3/register/soc/system_reg.h:1005,
sensitive,SENSITIVE_ROM_TABLE_LOCK,0x000,SENSITIVE_ROM_TABLE_LOCK,0,1,RW,idf,0x0,0x0,0x0,R/W,IDF v5.5.3 soc/esp32c3/register/soc/sensitive_reg.h:15,
sensitive,SENSITIVE_ROM_TABLE,0x004,SENSITIVE_ROM_TABLE,0,32,RW,idf,0x0,0x0,0x0,R/W,IDF v5.5.3 soc/esp32c3/register/soc/sensitive_reg.h:23,
sensitive,SENSITIVE_PRIVILEGE_MODE_SEL_LOCK,0x008,SENSITIVE_PRIVILEGE_MODE_SEL_LOCK,0,1,RW,idf,0x0,0x0,0x0,R/W,IDF v5.5.3 soc/esp32c3/register/soc/sensitive_reg.h:31,
sensitive,SENSITIVE_PRIVILEGE_MODE_SEL,0x00C,SENSITIVE_PRIVILEGE_MODE_SEL,0,1,RW,idf,0x0,0x0,0x0,R/W,IDF v5.5.3 soc/esp32c3/register/soc/sensitive_reg.h:39,
sensitive,SENSITIVE_APB_PERIPHERAL_ACCESS_0,0x010,SENSITIVE_APB_PERIPHERAL_ACCESS_LOCK,0,1,RW,idf,0x0,0x0,0x0,R/W,IDF v5.5.3 soc/esp32c3/register/soc/sensitive_reg.h:47,
sensitive,SENSITIVE_APB_PERIPHERAL_ACCESS_1,0x014,SENSITIVE_APB_PERIPHERAL_ACCESS_SPLIT_BURST,0,1,RW,idf,0x1,0x1,0x1,R/W,IDF v5.5.3 soc/esp32c3/register/soc/sensitive_reg.h:55,
sensitive,SENSITIVE_INTERNAL_SRAM_USAGE_0,0x018,SENSITIVE_INTERNAL_SRAM_USAGE_LOCK,0,1,RW,idf,0x0,0x0,0x0,R/W,IDF v5.5.3 soc/esp32c3/register/soc/sensitive_reg.h:63,
sensitive,SENSITIVE_INTERNAL_SRAM_USAGE_1,0x01C,SENSITIVE_INTERNAL_SRAM_USAGE_CPU_CACHE,0,1,RW,idf,0x1,0x1,0x1,R/W,IDF v5.5.3 soc/esp32c3/register/soc/sensitive_reg.h:77,
sensitive,SENSITIVE_INTERNAL_SRAM_USAGE_1,0x01C,SENSITIVE_INTERNAL_SRAM_USAGE_CPU_SRAM,1,3,RW,idf,0x7,0x7,0x7,R/W,IDF v5.5.3 soc/esp32c3/register/soc/sensitive_reg.h:71,
sensitive,SENSITIVE_INTERNAL_SRAM_USAGE_3,0x020,SENSITIVE_INTERNAL_SRAM_USAGE_MAC_DUMP_SRAM,0,3,RW,idf,0x0,0x0,0x0,R/W,IDF v5.5.3 soc/esp32c3/register/soc/sensitive_reg.h:91,
sensitive,SENSITIVE_INTERNAL_SRAM_USAGE_3,0x020,SENSITIVE_INTERNAL_SRAM_ALLOC_MAC_DUMP,3,1,RW,idf,0x0,0x0,0x0,R/W,IDF v5.5.3 soc/esp32c3/register/soc/sensitive_reg.h:85,
sensitive,SENSITIVE_INTERNAL_SRAM_USAGE_4,0x024,SENSITIVE_INTERNAL_SRAM_USAGE_LOG_SRAM,0,1,RW,idf,0x0,0x0,0x0,R/W,IDF v5.5.3 soc/esp32c3/register/soc/sensitive_reg.h:99,
sensitive,SENSITIVE_CACHE_TAG_ACCESS_0,0x028,SENSITIVE_CACHE_TAG_ACCESS_LOCK,0,1,RW,idf,0x0,0x0,0x0,R/W,IDF v5.5.3 soc/esp32c3/register/soc/sensitive_reg.h:107,
sensitive,SENSITIVE_CACHE_TAG_ACCESS_1,0x02C,SENSITIVE_PRO_I_TAG_RD_ACS,0,1,RW,idf,0x1,0x1,0x1,R/W,IDF v5.5.3 soc/esp32c3/register/soc/sensitive_reg.h:133,
sensitive,SENSITIVE_CACHE_TAG_ACCESS_1,0x02C,SENSITIVE_PRO_I_TAG_WR_ACS,1,1,RW,idf,0x1,0x1,0x1,R/W,IDF v5.5.3 soc/esp32c3/register/soc/sensitive_reg.h:127,
sensitive,SENSITIVE_CACHE_TAG_ACCESS_1,0x02C,SENSITIVE_PRO_D_TAG_RD_ACS,2,1,RW,idf,0x1,0x1,0x1,R/W,IDF v5.5.3 soc/esp32c3/register/soc/sensitive_reg.h:121,
sensitive,SENSITIVE_CACHE_TAG_ACCESS_1,0x02C,SENSITIVE_PRO_D_TAG_WR_ACS,3,1,RW,idf,0x1,0x1,0x1,R/W,IDF v5.5.3 soc/esp32c3/register/soc/sensitive_reg.h:115,
sensitive,SENSITIVE_CACHE_MMU_ACCESS_0,0x030,SENSITIVE_CACHE_MMU_ACCESS_LOCK,0,1,RW,idf,0x0,0x0,0x0,R/W,IDF v5.5.3 soc/esp32c3/register/soc/sensitive_reg.h:141,
sensitive,SENSITIVE_CACHE_MMU_ACCESS_1,0x034,SENSITIVE_PRO_MMU_RD_ACS,0,1,RW,idf,0x1,0x1,0x1,R/W,IDF v5.5.3 soc/esp32c3/register/soc/sensitive_reg.h:155,
sensitive,SENSITIVE_CACHE_MMU_ACCESS_1,0x034,SENSITIVE_PRO_MMU_WR_ACS,1,1,RW,idf,0x1,0x1,0x1,R/W,IDF v5.5.3 soc/esp32c3/register/soc/sensitive_reg.h:149,
sensitive,SENSITIVE_DMA_APBPERI_SPI2_PMS_CONSTRAIN_0,0x038,SENSITIVE_DMA_APBPERI_SPI2_PMS_CONSTRAIN_LOCK,0,1,RW,idf,0x0,0x0,0x0,R/W,IDF v5.5.3 soc/esp32c3/register/soc/sensitive_reg.h:163,
sensitive,SENSITIVE_DMA_APBPERI_SPI2_PMS_CONSTRAIN_1,0x03C,SENSITIVE_DMA_APBPERI_SPI2_PMS_CONSTRAIN_SRAM_WORLD_0_PMS_0,0,2,RW,idf,0x3,0x3,0x3,R/W,IDF v5.5.3 soc/esp32c3/register/soc/sensitive_reg.h:213,
sensitive,SENSITIVE_DMA_APBPERI_SPI2_PMS_CONSTRAIN_1,0x03C,SENSITIVE_DMA_APBPERI_SPI2_PMS_CONSTRAIN_SRAM_WORLD_0_PMS_1,2,2,RW,idf,0x3,0x3,0x3,R/W,IDF v5.5.3 soc/esp32c3/register/soc/sensitive_reg.h:207,
sensitive,SENSITIVE_DMA_APBPERI_SPI2_PMS_CONSTRAIN_1,0x03C,SENSITIVE_DMA_APBPERI_SPI2_PMS_CONSTRAIN_SRAM_WORLD_0_PMS_2,4,2,RW,idf,0x3,0x3,0x3,R/W,IDF v5.5.3 soc/esp32c3/register/soc/sensitive_reg.h:201,
sensitive,SENSITIVE_DMA_APBPERI_SPI2_PMS_CONSTRAIN_1,0x03C,SENSITIVE_DMA_APBPERI_SPI2_PMS_CONSTRAIN_SRAM_WORLD_0_PMS_3,6,2,RW,idf,0x3,0x3,0x3,R/W,IDF v5.5.3 soc/esp32c3/register/soc/sensitive_reg.h:195,
sensitive,SENSITIVE_DMA_APBPERI_SPI2_PMS_CONSTRAIN_1,0x03C,SENSITIVE_DMA_APBPERI_SPI2_PMS_CONSTRAIN_SRAM_WORLD_1_PMS_0,12,2,RW,idf,0x3,0x3,0x3,R/W,IDF v5.5.3 soc/esp32c3/register/soc/sensitive_reg.h:189,
sensitive,SENSITIVE_DMA_APBPERI_SPI2_PMS_CONSTRAIN_1,0x03C,SENSITIVE_DMA_APBPERI_SPI2_PMS_CONSTRAIN_SRAM_WORLD_1_PMS_1,14,2,RW,idf,0x3,0x3,0x3,R/W,IDF v5.5.3 soc/esp32c3/register/soc/sensitive_reg.h:183,
sensitive,SENSITIVE_DMA_APBPERI_SPI2_PMS_CONSTRAIN_1,0x03C,SENSITIVE_DMA_APBPERI_SPI2_PMS_CONSTRAIN_SRAM_WORLD_1_PMS_2,16,2,RW,idf,0x3,0x3,0x3,R/W,IDF v5.5.3 soc/esp32c3/register/soc/sensitive_reg.h:177,
sensitive,SENSITIVE_DMA_APBPERI_SPI2_PMS_CONSTRAIN_1,0x03C,SENSITIVE_DMA_APBPERI_SPI2_PMS_CONSTRAIN_SRAM_WORLD_1_PMS_3,18,2,RW,idf,0x3,0x3,0x3,R/W,IDF v5.5.3 soc/esp32c3/register/soc/sensitive_reg.h:171,
sensitive,SENSITIVE_DMA_APBPERI_UCHI0_PMS_CONSTRAIN_0,0x040,SENSITIVE_DMA_APBPERI_UCHI0_PMS_CONSTRAIN_LOCK,0,1,RW,idf,0x0,0x0,0x0,R/W,IDF v5.5.3 soc/esp32c3/register/soc/sensitive_reg.h:221,
sensitive,SENSITIVE_DMA_APBPERI_UCHI0_PMS_CONSTRAIN_1,0x044,SENSITIVE_DMA_APBPERI_UCHI0_PMS_CONSTRAIN_SRAM_WORLD_0_PMS_0,0,2,RW,idf,0x3,0x3,0x3,R/W,IDF v5.5.3 soc/esp32c3/register/soc/sensitive_reg.h:271,
sensitive,SENSITIVE_DMA_APBPERI_UCHI0_PMS_CONSTRAIN_1,0x044,SENSITIVE_DMA_APBPERI_UCHI0_PMS_CONSTRAIN_SRAM_WORLD_0_PMS_1,2,2,RW,idf,0x3,0x3,0x3,R/W,IDF v5.5.3 soc/esp32c3/register/soc/sensitive_reg.h:265,
sensitive,SENSITIVE_DMA_APBPERI_UCHI0_PMS_CONSTRAIN_1,0x044,SENSITIVE_DMA_APBPERI_UCHI0_PMS_CONSTRAIN_SRAM_WORLD_0_PMS_2,4,2,RW,idf,0x3,0x3,0x3,R/W,IDF v5.5.3 soc/esp32c3/register/soc/sensitive_reg.h:259,
sensitive,SENSITIVE_DMA_APBPERI_UCHI0_PMS_CONSTRAIN_1,0x044,SENSITIVE_DMA_APBPERI_UCHI0_PMS_CONSTRAIN_SRAM_WORLD_0_PMS_3,6,2,RW,idf,0x3,0x3,0x3,R/W,IDF v5.5.3 soc/esp32c3/register/soc/sensitive_reg.h:253,
sensitive,SENSITIVE_DMA_APBPERI_UCHI0_PMS_CONSTRAIN_1,0x044,SENSITIVE_DMA_APBPERI_UCHI0_PMS_CONSTRAIN_SRAM_WORLD_1_PMS_0,12,2,RW,idf,0x3,0x3,0x3,R/W,IDF v5.5.3 soc/esp32c3/register/soc/sensitive_reg.h:247,
sensitive,SENSITIVE_DMA_APBPERI_UCHI0_PMS_CONSTRAIN_1,0x044,SENSITIVE_DMA_APBPERI_UCHI0_PMS_CONSTRAIN_SRAM_WORLD_1_PMS_1,14,2,RW,idf,0x3,0x3,0x3,R/W,IDF v5.5.3 soc/esp32c3/register/soc/sensitive_reg.h:241,
sensitive,SENSITIVE_DMA_APBPERI_UCHI0_PMS_CONSTRAIN_1,0x044,SENSITIVE_DMA_APBPERI_UCHI0_PMS_CONSTRAIN_SRAM_WORLD_1_PMS_2,16,2,RW,idf,0x3,0x3,0x3,R/W,IDF v5.5.3 soc/esp32c3/register/soc/sensitive_reg.h:235,
sensitive,SENSITIVE_DMA_APBPERI_UCHI0_PMS_CONSTRAIN_1,0x044,SENSITIVE_DMA_APBPERI_UCHI0_PMS_CONSTRAIN_SRAM_WORLD_1_PMS_3,18,2,RW,idf,0x3,0x3,0x3,R/W,IDF v5.5.3 soc/esp32c3/register/soc/sensitive_reg.h:229,
sensitive,SENSITIVE_DMA_APBPERI_I2S0_PMS_CONSTRAIN_0,0x048,SENSITIVE_DMA_APBPERI_I2S0_PMS_CONSTRAIN_LOCK,0,1,RW,idf,0x0,0x0,0x0,R/W,IDF v5.5.3 soc/esp32c3/register/soc/sensitive_reg.h:279,
sensitive,SENSITIVE_DMA_APBPERI_I2S0_PMS_CONSTRAIN_1,0x04C,SENSITIVE_DMA_APBPERI_I2S0_PMS_CONSTRAIN_SRAM_WORLD_0_PMS_0,0,2,RW,idf,0x3,0x3,0x3,R/W,IDF v5.5.3 soc/esp32c3/register/soc/sensitive_reg.h:329,
sensitive,SENSITIVE_DMA_APBPERI_I2S0_PMS_CONSTRAIN_1,0x04C,SENSITIVE_DMA_APBPERI_I2S0_PMS_CONSTRAIN_SRAM_WORLD_0_PMS_1,2,2,RW,idf,0x3,0x3,0x3,R/W,IDF v5.5.3 soc/esp32c3/register/soc/sensitive_reg.h:323,
sensitive,SENSITIVE_DMA_APBPERI_I2S0_PMS_CONSTRAIN_1,0x04C,SENSITIVE_DMA_APBPERI_I2S0_PMS_CONSTRAIN_SRAM_WORLD_0_PMS_2,4,2,RW,idf,0x3,0x3,0x3,R/W,IDF v5.5.3 soc/esp32c3/register/soc/sensitive_reg.h:317,
sensitive,SENSITIVE_DMA_APBPERI_I2S0_PMS_CONSTRAIN_1,0x04C,SENSITIVE_DMA_APBPERI_I2S0_PMS_CONSTRAIN_SRAM_WORLD_0_PMS_3,6,2,RW,idf,0x3,0x3,0x3,R/W,IDF v5.5.3 soc/esp32c3/register/soc/sensitive_reg.h:311,
sensitive,SENSITIVE_DMA_APBPERI_I2S0_PMS_CONSTRAIN_1,0x04C,SENSITIVE_DMA_APBPERI_I2S0_PMS_CONSTRAIN_SRAM_WORLD_1_PMS_0,12,2,RW,idf,0x3,0x3,0x3,R/W,IDF v5.5.3 soc/esp32c3/register/soc/sensitive_reg.h:305,
sensitive,SENSITIVE_DMA_APBPERI_I2S0_PMS_CONSTRAIN_1,0x04C,SENSITIVE_DMA_APBPERI_I2S0_PMS_CONSTRAIN_SRAM_WORLD_1_PMS_1,14,2,RW,idf,0x3,0x3,0x3,R/W,IDF v5.5.3 soc/esp32c3/register/soc/sensitive_reg.h:299,
sensitive,SENSITIVE_DMA_APBPERI_I2S0_PMS_CONSTRAIN_1,0x04C,SENSITIVE_DMA_APBPERI_I2S0_PMS_CONSTRAIN_SRAM_WORLD_1_PMS_2,16,2,RW,idf,0x3,0x3,0x3,R/W,IDF v5.5.3 soc/esp32c3/register/soc/sensitive_reg.h:293,
sensitive,SENSITIVE_DMA_APBPERI_I2S0_PMS_CONSTRAIN_1,0x04C,SENSITIVE_DMA_APBPERI_I2S0_PMS_CONSTRAIN_SRAM_WORLD_1_PMS_3,18,2,RW,idf,0x3,0x3,0x3,R/W,IDF v5.5.3 soc/esp32c3/register/soc/sensitive_reg.h:287,
sensitive,SENSITIVE_DMA_APBPERI_MAC_PMS_CONSTRAIN_0,0x050,SENSITIVE_DMA_APBPERI_MAC_PMS_CONSTRAIN_LOCK,0,1,RW,idf,0x0,0x0,0x0,R/W,IDF v5.5.3 soc/esp32c3/register/soc/sensitive_reg.h:337,
sensitive,SENSITIVE_DMA_APBPERI_MAC_PMS_CONSTRAIN_1,0x054,SENSITIVE_DMA_APBPERI_MAC_PMS_CONSTRAIN_SRAM_WORLD_0_PMS_0,0,2,RW,idf,0x3,0x3,0x3,R/W,IDF v5.5.3 soc/esp32c3/register/soc/sensitive_reg.h:387,
sensitive,SENSITIVE_DMA_APBPERI_MAC_PMS_CONSTRAIN_1,0x054,SENSITIVE_DMA_APBPERI_MAC_PMS_CONSTRAIN_SRAM_WORLD_0_PMS_1,2,2,RW,idf,0x3,0x3,0x3,R/W,IDF v5.5.3 soc/esp32c3/register/soc/sensitive_reg.h:381,
sensitive,SENSITIVE_DMA_APBPERI_MAC_PMS_CONSTRAIN_1,0x054,SENSITIVE_DMA_APBPERI_MAC_PMS_CONSTRAIN_SRAM_WORLD_0_PMS_2,4,2,RW,idf,0x3,0x3,0x3,R/W,IDF v5.5.3 soc/esp32c3/register/soc/sensitive_reg.h:375,
sensitive,SENSITIVE_DMA_APBPERI_MAC_PMS_CONSTRAIN_1,0x054,SENSITIVE_DMA_APBPERI_MAC_PMS_CONSTRAIN_SRAM_WORLD_0_PMS_3,6,2,RW,idf,0x3,0x3,0x3,R/W,IDF v5.5.3 soc/esp32c3/register/soc/sensitive_reg.h:369,
sensitive,SENSITIVE_DMA_APBPERI_MAC_PMS_CONSTRAIN_1,0x054,SENSITIVE_DMA_APBPERI_MAC_PMS_CONSTRAIN_SRAM_WORLD_1_PMS_0,12,2,RW,idf,0x3,0x3,0x3,R/W,IDF v5.5.3 soc/esp32c3/register/soc/sensitive_reg.h:363,
sensitive,SENSITIVE_DMA_APBPERI_MAC_PMS_CONSTRAIN_1,0x054,SENSITIVE_DMA_APBPERI_MAC_PMS_CONSTRAIN_SRAM_WORLD_1_PMS_1,14,2,RW,idf,0x3,0x3,0x3,R/W,IDF v5.5.3 soc/esp32c3/register/soc/sensitive_reg.h:357,
sensitive,SENSITIVE_DMA_APBPERI_MAC_PMS_CONSTRAIN_1,0x054,SENSITIVE_DMA_APBPERI_MAC_PMS_CONSTRAIN_SRAM_WORLD_1_PMS_2,16,2,RW,idf,0x3,0x3,0x3,R/W,IDF v5.5.3 soc/esp32c3/register/soc/sensitive_reg.h:351,
sensitive,SENSITIVE_DMA_APBPERI_MAC_PMS_CONSTRAIN_1,0x054,SENSITIVE_DMA_APBPERI_MAC_PMS_CONSTRAIN_SRAM_WORLD_1_PMS_3,18,2,RW,idf,0x3,0x3,0x3,R/W,IDF v5.5.3 soc/esp32c3/register/soc/sensitive_reg.h:345,
sensitive,SENSITIVE_DMA_APBPERI_BACKUP_PMS_CONSTRAIN_0,0x058,SENSITIVE_DMA_APBPERI_BACKUP_PMS_CONSTRAIN_LOCK,0,1,RW,idf,0x0,0x0,0x0,R/W,IDF v5.5.3 soc/esp32c3/register/soc/sensitive_reg.h:395,
sensitive,SENSITIVE_DMA_APBPERI_BACKUP_PMS_CONSTRAIN_1,0x05C,SENSITIVE_DMA_APBPERI_BACKUP_PMS_CONSTRAIN_SRAM_WORLD_0_PMS_0,0,2,RW,idf,0x3,0x3,0x3,R/W,IDF v5.5.3 soc/esp32c3/register/soc/sensitive_reg.h:445,
sensitive,SENSITIVE_DMA_APBPERI_BACKUP_PMS_CONSTRAIN_1,0x05C,SENSITIVE_DMA_APBPERI_BACKUP_PMS_CONSTRAIN_SRAM_WORLD_0_PMS_1,2,2,RW,idf,0x3,0x3,0x3,R/W,IDF v5.5.3 soc/esp32c3/register/soc/sensitive_reg.h:439,
sensitive,SENSITIVE_DMA_APBPERI_BACKUP_PMS_CONSTRAIN_1,0x05C,SENSITIVE_DMA_APBPERI_BACKUP_PMS_CONSTRAIN_SRAM_WORLD_0_PMS_2,4,2,RW,idf,0x3,0x3,0x3,R/W,IDF v5.5.3 soc/esp32c3/register/soc/sensitive_reg.h:433,
sensitive,SENSITIVE_DMA_APBPERI_BACKUP_PMS_CONSTRAIN_1,0x05C,SENSITIVE_DMA_APBPERI_BACKUP_PMS_CONSTRAIN_SRAM_WORLD_0_PMS_3,6,2,RW,idf,0x3,0x3,0x3,R/W,IDF v5.5.3 soc/esp32c3/register/soc/sensitive_reg.h:427,
sensitive,SENSITIVE_DMA_APBPERI_BACKUP_PMS_CONSTRAIN_1,0x05C,SENSITIVE_DMA_APBPERI_BACKUP_PMS_CONSTRAIN_SRAM_WORLD_1_PMS_0,12,2,RW,idf,0x3,0x3,0x3,R/W,IDF v5.5.3 soc/esp32c3/register/soc/sensitive_reg.h:421,
sensitive,SENSITIVE_DMA_APBPERI_BACKUP_PMS_CONSTRAIN_1,0x05C,SENSITIVE_DMA_APBPERI_BACKUP_PMS_CONSTRAIN_SRAM_WORLD_1_PMS_1,14,2,RW,idf,0x3,0x3,0x3,R/W,IDF v5.5.3 soc/esp32c3/register/soc/sensitive_reg.h:415,
sensitive,SENSITIVE_DMA_APBPERI_BACKUP_PMS_CONSTRAIN_1,0x05C,SENSITIVE_DMA_APBPERI_BACKUP_PMS_CONSTRAIN_SRAM_WORLD_1_PMS_2,16,2,RW,idf,0x3,0x3,0x3,R/W,IDF v5.5.3 soc/esp32c3/register/soc/sensitive_reg.h:409,
sensitive,SENSITIVE_DMA_APBPERI_BACKUP_PMS_CONSTRAIN_1,0x05C,SENSITIVE_DMA_APBPERI_BACKUP_PMS_CONSTRAIN_SRAM_WORLD_1_PMS_3,18,2,RW,idf,0x3,0x3,0x3,R/W,IDF v5.5.3 soc/esp32c3/register/soc/sensitive_reg.h:403,
sensitive,SENSITIVE_DMA_APBPERI_LC_PMS_CONSTRAIN_0,0x060,SENSITIVE_DMA_APBPERI_LC_PMS_CONSTRAIN_LOCK,0,1,RW,idf,0x0,0x0,0x0,R/W,IDF v5.5.3 soc/esp32c3/register/soc/sensitive_reg.h:453,
sensitive,SENSITIVE_DMA_APBPERI_LC_PMS_CONSTRAIN_1,0x064,SENSITIVE_DMA_APBPERI_LC_PMS_CONSTRAIN_SRAM_WORLD_0_PMS_0,0,2,RW,idf,0x3,0x3,0x3,R/W,IDF v5.5.3 soc/esp32c3/register/soc/sensitive_reg.h:503,
sensitive,SENSITIVE_DMA_APBPERI_LC_PMS_CONSTRAIN_1,0x064,SENSITIVE_DMA_APBPERI_LC_PMS_CONSTRAIN_SRAM_WORLD_0_PMS_1,2,2,RW,idf,0x3,0x3,0x3,R/W,IDF v5.5.3 soc/esp32c3/register/soc/sensitive_reg.h:497,
sensitive,SENSITIVE_DMA_APBPERI_LC_PMS_CONSTRAIN_1,0x064,SENSITIVE_DMA_APBPERI_LC_PMS_CONSTRAIN_SRAM_WORLD_0_PMS_2,4,2,RW,idf,0x3,0x3,0x3,R/W,IDF v5.5.3 soc/esp32c3/register/soc/sensitive_reg.h:491,
sensitive,SENSITIVE_DMA_APBPERI_LC_PMS_CONSTRAIN_1,0x064,SENSITIVE_DMA_APBPERI_LC_PMS_CONSTRAIN_SRAM_WORLD_0_PMS_3,6,2,RW,idf,0x3,0x3,0x3,R/W,IDF v5.5.3 soc/esp32c3/register/soc/sensitive_reg.h:485,
sensitive,SENSITIVE_DMA_APBPERI_LC_PMS_CONSTRAIN_1,0x064,SENSITIVE_DMA_APBPERI_LC_PMS_CONSTRAIN_SRAM_WORLD_1_PMS_0,12,2,RW,idf,0x3,0x3,0x3,R/W,IDF v5.5.3 soc/esp32c3/register/soc/sensitive_reg.h:479,
sensitive,SENSITIVE_DMA_APBPERI_LC_PMS_CONSTRAIN_1,0x064,SENSITIVE_DMA_APBPERI_LC_PMS_CONSTRAIN_SRAM_WORLD_1_PMS_1,14,2,RW,idf,0x3,0x3,0x3,R/W,IDF v5.5.3 soc/esp32c3/register/soc/sensitive_reg.h:473,
sensitive,SENSITIVE_DMA_APBPERI_LC_PMS_CONSTRAIN_1,0x064,SENSITIVE_DMA_APBPERI_LC_PMS_CONSTRAIN_SRAM_WORLD_1_PMS_2,16,2,RW,idf,0x3,0x3,0x3,R/W,IDF v5.5.3 soc/esp32c3/register/soc/sensitive_reg.h:467,
sensitive,SENSITIVE_DMA_APBPERI_LC_PMS_CONSTRAIN_1,0x064,SENSITIVE_DMA_APBPERI_LC_PMS_CONSTRAIN_SRAM_WORLD_1_PMS_3,18,2,RW,idf,0x3,0x3,0x3,R/W,IDF v5.5.3 soc/esp32c3/register/soc/sensitive_reg.h:461,
sensitive,SENSITIVE_DMA_APBPERI_AES_PMS_CONSTRAIN_0,0x068,SENSITIVE_DMA_APBPERI_AES_PMS_CONSTRAIN_LOCK,0,1,RW,idf,0x0,0x0,0x0,R/W,IDF v5.5.3 soc/esp32c3/register/soc/sensitive_reg.h:511,
sensitive,SENSITIVE_DMA_APBPERI_AES_PMS_CONSTRAIN_1,0x06C,SENSITIVE_DMA_APBPERI_AES_PMS_CONSTRAIN_SRAM_WORLD_0_PMS_0,0,2,RW,idf,0x3,0x3,0x3,R/W,IDF v5.5.3 soc/esp32c3/register/soc/sensitive_reg.h:561,
sensitive,SENSITIVE_DMA_APBPERI_AES_PMS_CONSTRAIN_1,0x06C,SENSITIVE_DMA_APBPERI_AES_PMS_CONSTRAIN_SRAM_WORLD_0_PMS_1,2,2,RW,idf,0x3,0x3,0x3,R/W,IDF v5.5.3 soc/esp32c3/register/soc/sensitive_reg.h:555,
sensitive,SENSITIVE_DMA_APBPERI_AES_PMS_CONSTRAIN_1,0x06C,SENSITIVE_DMA_APBPERI_AES_PMS_CONSTRAIN_SRAM_WORLD_0_PMS_2,4,2,RW,idf,0x3,0x3,0x3,R/W,IDF v5.5.3 soc/esp32c3/register/soc/sensitive_reg.h:549,
sensitive,SENSITIVE_DMA_APBPERI_AES_PMS_CONSTRAIN_1,0x06C,SENSITIVE_DMA_APBPERI_AES_PMS_CONSTRAIN_SRAM_WORLD_0_PMS_3,6,2,RW,idf,0x3,0x3,0x3,R/W,IDF v5.5.3 soc/esp32c3/register/soc/sensitive_reg.h:543,
sensitive,SENSITIVE_DMA_APBPERI_AES_PMS_CONSTRAIN_1,0x06C,SENSITIVE_DMA_APBPERI_AES_PMS_CONSTRAIN_SRAM_WORLD_1_PMS_0,12,2,RW,idf,0x3,0x3,0x3,R/W,IDF v5.5.3 soc/esp32c3/register/soc/sensitive_reg.h:537,
sensitive,SENSITIVE_DMA_APBPERI_AES_PMS_CONSTRAIN_1,0x06C,SENSITIVE_DMA_APBPERI_AES_PMS_CONSTRAIN_SRAM_WORLD_1_PMS_1,14,2,RW,idf,0x3,0x3,0x3,R/W,IDF v5.5.3 soc/esp32c3/register/soc/sensitive_reg.h:531,
sensitive,SENSITIVE_DMA_APBPERI_AES_PMS_CONSTRAIN_1,0x06C,SENSITIVE_DMA_APBPERI_AES_PMS_CONSTRAIN_SRAM_WORLD_1_PMS_2,16,2,RW,idf,0x3,0x3,0x3,R/W,IDF v5.5.3 soc/esp32c3/register/soc/sensitive_reg.h:525,
sensitive,SENSITIVE_DMA_APBPERI_AES_PMS_CONSTRAIN_1,0x06C,SENSITIVE_DMA_APBPERI_AES_PMS_CONSTRAIN_SRAM_WORLD_1_PMS_3,18,2,RW,idf,0x3,0x3,0x3,R/W,IDF v5.5.3 soc/esp32c3/register/soc/sensitive_reg.h:519,
sensitive,SENSITIVE_DMA_APBPERI_SHA_PMS_CONSTRAIN_0,0x070,SENSITIVE_DMA_APBPERI_SHA_PMS_CONSTRAIN_LOCK,0,1,RW,idf,0x0,0x0,0x0,R/W,IDF v5.5.3 soc/esp32c3/register/soc/sensitive_reg.h:569,
sensitive,SENSITIVE_DMA_APBPERI_SHA_PMS_CONSTRAIN_1,0x074,SENSITIVE_DMA_APBPERI_SHA_PMS_CONSTRAIN_SRAM_WORLD_0_PMS_0,0,2,RW,idf,0x3,0x3,0x3,R/W,IDF v5.5.3 soc/esp32c3/register/soc/sensitive_reg.h:619,
sensitive,SENSITIVE_DMA_APBPERI_SHA_PMS_CONSTRAIN_1,0x074,SENSITIVE_DMA_APBPERI_SHA_PMS_CONSTRAIN_SRAM_WORLD_0_PMS_1,2,2,RW,idf,0x3,0x3,0x3,R/W,IDF v5.5.3 soc/esp32c3/register/soc/sensitive_reg.h:613,
sensitive,SENSITIVE_DMA_APBPERI_SHA_PMS_CONSTRAIN_1,0x074,SENSITIVE_DMA_APBPERI_SHA_PMS_CONSTRAIN_SRAM_WORLD_0_PMS_2,4,2,RW,idf,0x3,0x3,0x3,R/W,IDF v5.5.3 soc/esp32c3/register/soc/sensitive_reg.h:607,
sensitive,SENSITIVE_DMA_APBPERI_SHA_PMS_CONSTRAIN_1,0x074,SENSITIVE_DMA_APBPERI_SHA_PMS_CONSTRAIN_SRAM_WORLD_0_PMS_3,6,2,RW,idf,0x3,0x3,0x3,R/W,IDF v5.5.3 soc/esp32c3/register/soc/sensitive_reg.h:601,
sensitive,SENSITIVE_DMA_APBPERI_SHA_PMS_CONSTRAIN_1,0x074,SENSITIVE_DMA_APBPERI_SHA_PMS_CONSTRAIN_SRAM_WORLD_1_PMS_0,12,2,RW,idf,0x3,0x3,0x3,R/W,IDF v5.5.3 soc/esp32c3/register/soc/sensitive_reg.h:595,
sensitive,SENSITIVE_DMA_APBPERI_SHA_PMS_CONSTRAIN_1,0x074,SENSITIVE_DMA_APBPERI_SHA_PMS_CONSTRAIN_SRAM_WORLD_1_PMS_1,14,2,RW,idf,0x3,0x3,0x3,R/W,IDF v5.5.3 soc/esp32c3/register/soc/sensitive_reg.h:589,
sensitive,SENSITIVE_DMA_APBPERI_SHA_PMS_CONSTRAIN_1,0x074,SENSITIVE_DMA_APBPERI_SHA_PMS_CONSTRAIN_SRAM_WORLD_1_PMS_2,16,2,RW,idf,0x3,0x3,0x3,R/W,IDF v5.5.3 soc/esp32c3/register/soc/sensitive_reg.h:583,
sensitive,SENSITIVE_DMA_APBPERI_SHA_PMS_CONSTRAIN_1,0x074,SENSITIVE_DMA_APBPERI_SHA_PMS_CONSTRAIN_SRAM_WORLD_1_PMS_3,18,2,RW,idf,0x3,0x3,0x3,R/W,IDF v5.5.3 soc/esp32c3/register/soc/sensitive_reg.h:577,
sensitive,SENSITIVE_DMA_APBPERI_ADC_DAC_PMS_CONSTRAIN_0,0x078,SENSITIVE_DMA_APBPERI_ADC_DAC_PMS_CONSTRAIN_LOCK,0,1,RW,idf,0x0,0x0,0x0,R/W,IDF v5.5.3 soc/esp32c3/register/soc/sensitive_reg.h:627,
sensitive,SENSITIVE_DMA_APBPERI_ADC_DAC_PMS_CONSTRAIN_1,0x07C,SENSITIVE_DMA_APBPERI_ADC_DAC_PMS_CONSTRAIN_SRAM_WORLD_0_PMS_0,0,2,RW,idf,0x3,0x3,0x3,R/W,IDF v5.5.3 soc/esp32c3/register/soc/sensitive_reg.h:677,
sensitive,SENSITIVE_DMA_APBPERI_ADC_DAC_PMS_CONSTRAIN_1,0x07C,SENSITIVE_DMA_APBPERI_ADC_DAC_PMS_CONSTRAIN_SRAM_WORLD_0_PMS_1,2,2,RW,idf,0x3,0x3,0x3,R/W,IDF v5.5.3 soc/esp32c3/register/soc/sensitive_reg.h:671,
sensitive,SENSITIVE_DMA_APBPERI_ADC_DAC_PMS_CONSTRAIN_1,0x07C,SENSITIVE_DMA_APBPERI_ADC_DAC_PMS_CONSTRAIN_SRAM_WORLD_0_PMS_2,4,2,RW,idf,0x3,0x3,0x3,R/W,IDF v5.5.3 soc/esp32c3/register/soc/sensitive_reg.h:665,
sensitive,SENSITIVE_DMA_APBPERI_ADC_DAC_PMS_CONSTRAIN_1,0x07C,SENSITIVE_DMA_APBPERI_ADC_DAC_PMS_CONSTRAIN_SRAM_WORLD_0_PMS_3,6,2,RW,idf,0x3,0x3,0x3,R/W,IDF v5.5.3 soc/esp32c3/register/soc/sensitive_reg.h:659,
sensitive,SENSITIVE_DMA_APBPERI_ADC_DAC_PMS_CONSTRAIN_1,0x07C,SENSITIVE_DMA_APBPERI_ADC_DAC_PMS_CONSTRAIN_SRAM_WORLD_1_PMS_0,12,2,RW,idf,0x3,0x3,0x3,R/W,IDF v5.5.3 soc/esp32c3/register/soc/sensitive_reg.h:653,
sensitive,SENSITIVE_DMA_APBPERI_ADC_DAC_PMS_CONSTRAIN_1,0x07C,SENSITIVE_DMA_APBPERI_ADC_DAC_PMS_CONSTRAIN_SRAM_WORLD_1_PMS_1,14,2,RW,idf,0x3,0x3,0x3,R/W,IDF v5.5.3 soc/esp32c3/register/soc/sensitive_reg.h:647,
sensitive,SENSITIVE_DMA_APBPERI_ADC_DAC_PMS_CONSTRAIN_1,0x07C,SENSITIVE_DMA_APBPERI_ADC_DAC_PMS_CONSTRAIN_SRAM_WORLD_1_PMS_2,16,2,RW,idf,0x3,0x3,0x3,R/W,IDF v5.5.3 soc/esp32c3/register/soc/sensitive_reg.h:641,
sensitive,SENSITIVE_DMA_APBPERI_ADC_DAC_PMS_CONSTRAIN_1,0x07C,SENSITIVE_DMA_APBPERI_ADC_DAC_PMS_CONSTRAIN_SRAM_WORLD_1_PMS_3,18,2,RW,idf,0x3,0x3,0x3,R/W,IDF v5.5.3 soc/esp32c3/register/soc/sensitive_reg.h:635,
sensitive,SENSITIVE_DMA_APBPERI_PMS_MONITOR_0,0x080,SENSITIVE_DMA_APBPERI_PMS_MONITOR_LOCK,0,1,RW,idf,0x0,0x0,0x0,R/W,IDF v5.5.3 soc/esp32c3/register/soc/sensitive_reg.h:685,
sensitive,SENSITIVE_DMA_APBPERI_PMS_MONITOR_1,0x084,SENSITIVE_DMA_APBPERI_PMS_MONITOR_VIOLATE_CLR,0,1,RW,idf,0x1,0x1,0x1,R/W,IDF v5.5.3 soc/esp32c3/register/soc/sensitive_reg.h:699,
sensitive,SENSITIVE_DMA_APBPERI_PMS_MONITOR_1,0x084,SENSITIVE_DMA_APBPERI_PMS_MONITOR_VIOLATE_EN,1,1,RW,idf,0x1,0x1,0x1,R/W,IDF v5.5.3 soc/esp32c3/register/soc/sensitive_reg.h:693,
sensitive,SENSITIVE_DMA_APBPERI_PMS_MONITOR_2,0x088,SENSITIVE_DMA_APBPERI_PMS_MONITOR_VIOLATE_INTR,0,1,RO,idf,0x0,0x0,0x0,RO,IDF v5.5.3 soc/esp32c3/register/soc/sensitive_reg.h:719,
sensitive,SENSITIVE_DMA_APBPERI_PMS_MONITOR_2,0x088,SENSITIVE_DMA_APBPERI_PMS_MONITOR_VIOLATE_STATUS_WORLD,1,2,RO,idf,0x0,0x0,0x0,RO,IDF v5.5.3 soc/esp32c3/register/soc/sensitive_reg.h:713,
sensitive,SENSITIVE_DMA_APBPERI_PMS_MONITOR_2,0x088,SENSITIVE_DMA_APBPERI_PMS_MONITOR_VIOLATE_STATUS_ADDR,3,24,RO,idf,0x0,0x0,0x0,RO,IDF v5.5.3 soc/esp32c3/register/soc/sensitive_reg.h:707,
sensitive,SENSITIVE_DMA_APBPERI_PMS_MONITOR_3,0x08C,SENSITIVE_DMA_APBPERI_PMS_MONITOR_VIOLATE_STATUS_WR,0,1,RO,idf,0x0,0x0,0x0,RO,IDF v5.5.3 soc/esp32c3/register/soc/sensitive_reg.h:733,
sensitive,SENSITIVE_DMA_APBPERI_PMS_MONITOR_3,0x08C,SENSITIVE_DMA_APBPERI_PMS_MONITOR_VIOLATE_STATUS_BYTEEN,1,4,RO,idf,0x0,0x0,0x0,RO,IDF v5.5.3 soc/esp32c3/register/soc/sensitive_reg.h:727,
sensitive,SENSITIVE_CORE_X_IRAM0_DRAM0_DMA_SPLIT_LINE_CONSTRAIN_0,0x090,SENSITIVE_CORE_X_IRAM0_DRAM0_DMA_SPLIT_LINE_CONSTRAIN_LOCK,0,1,RW,idf,0x0,0x0,0x0,R/W,IDF v5.5.3 soc/esp32c3/register/soc/sensitive_reg.h:741,
sensitive,SENSITIVE_CORE_X_IRAM0_DRAM0_DMA_SPLIT_LINE_CONSTRAIN_1,0x094,SENSITIVE_CORE_X_IRAM0_DRAM0_DMA_SRAM_CATEGORY_0,0,2,RW,idf,0x0,0x0,0x0,R/W,IDF v5.5.3 soc/esp32c3/register/soc/sensitive_reg.h:767,
sensitive,SENSITIVE_CORE_X_IRAM0_DRAM0_DMA_SPLIT_LINE_CONSTRAIN_1,0x094,SENSITIVE_CORE_X_IRAM0_DRAM0_DMA_SRAM_CATEGORY_1,2,2,RW,idf,0x0,0x0,0x0,R/W,IDF v5.5.3 soc/esp32c3/register/soc/sensitive_reg.h:761,
sensitive,SENSITIVE_CORE_X_IRAM0_DRAM0_DMA_SPLIT_LINE_CONSTRAIN_1,0x094,SENSITIVE_CORE_X_IRAM0_DRAM0_DMA_SRAM_CATEGORY_2,4,2,RW,idf,0x0,0x0,0x0,R/W,IDF v5.5.3 soc/esp32c3/register/soc/sensitive_reg.h:755,
sensitive,SENSITIVE_CORE_X_IRAM0_DRAM0_DMA_SPLIT_LINE_CONSTRAIN_1,0x094,SENSITIVE_CORE_X_IRAM0_DRAM0_DMA_SRAM_SPLITADDR,14,8,RW,idf,0x0,0x0,0x0,R/W,IDF v5.5.3 soc/esp32c3/register/soc/sensitive_reg.h:749,
sensitive,SENSITIVE_CORE_X_IRAM0_DRAM0_DMA_SPLIT_LINE_CONSTRAIN_2,0x098,SENSITIVE_CORE_X_IRAM0_SRAM_LINE_0_CATEGORY_0,0,2,RW,idf,0x0,0x0,0x0,R/W,IDF v5.5.3 soc/esp32c3/register/soc/sensitive_reg.h:793,
sensitive,SENSITIVE_CORE_X_IRAM0_DRAM0_DMA_SPLIT_LINE_CONSTRAIN_2,0x098,SENSITIVE_CORE_X_IRAM0_SRAM_LINE_0_CATEGORY_1,2,2,RW,idf,0x0,0x0,0x0,R/W,IDF v5.5.3 soc/esp32c3/register/soc/sensitive_reg.h:787,
sensitive,SENSITIVE_CORE_X_IRAM0_DRAM0_DMA_SPLIT_LINE_CONSTRAIN_2,0x098,SENSITIVE_CORE_X_IRAM0_SRAM_LINE_0_CATEGORY_2,4,2,RW,idf,0x0,0x0,0x0,R/W,IDF v5.5.3 soc/esp32c3/register/soc/sensitive_reg.h:781,
sensitive,SENSITIVE_CORE_X_IRAM0_DRAM0_DMA_SPLIT_LINE_CONSTRAIN_2,0x098,SENSITIVE_CORE_X_IRAM0_SRAM_LINE_0_SPLITADDR,14,8,RW,idf,0x0,0x0,0x0,R/W,IDF v5.5.3 soc/esp32c3/register/soc/sensitive_reg.h:775,
sensitive,SENSITIVE_CORE_X_IRAM0_DRAM0_DMA_SPLIT_LINE_CONSTRAIN_3,0x09C,SENSITIVE_CORE_X_IRAM0_SRAM_LINE_1_CATEGORY_0,0,2,RW,idf,0x0,0x0,0x0,R/W,IDF v5.5.3 soc/esp32c3/register/soc/sensitive_reg.h:819,
sensitive,SENSITIVE_CORE_X_IRAM0_DRAM0_DMA_SPLIT_LINE_CONSTRAIN_3,0x09C,SENSITIVE_CORE_X_IRAM0_SRAM_LINE_1_CATEGORY_1,2,2,RW,idf,0x0,0x0,0x0,R/W,IDF v5.5.3 soc/esp32c3/register/soc/sensitive_reg.h:813,
sensitive,SENSITIVE_CORE_X_IRAM0_DRAM0_DMA_SPLIT_LINE_CONSTRAIN_3,0x09C,SENSITIVE_CORE_X_IRAM0_SRAM_LINE_1_CATEGORY_2,4,2,RW,idf,0x0,0x0,0x0,R/W,IDF v5.5.3 soc/esp32c3/register/soc/sensitive_reg.h:807,
sensitive,SENSITIVE_CORE_X_IRAM0_DRAM0_DMA_SPLIT_LINE_CONSTRAIN_3,0x09C,SENSITIVE_CORE_X_IRAM0_SRAM_LINE_1_SPLITADDR,14,8,RW,idf,0x0,0x0,0x0,R/W,IDF v5.5.3 soc/esp32c3/register/soc/sensitive_reg.h:801,
sensitive,SENSITIVE_CORE_X_IRAM0_DRAM0_DMA_SPLIT_LINE_CONSTRAIN_4,0x0A0,SENSITIVE_CORE_X_DRAM0_DMA_SRAM_LINE_0_CATEGORY_0,0,2,RW,idf,0x0,0x0,0x0,R/W,IDF v5.5.3 soc/esp32c3/register/soc/sensitive_reg.h:845,
sensitive,SENSITIVE_CORE_X_IRAM0_DRAM0_DMA_SPLIT_LINE_CONSTRAIN_4,0x0A0,SENSITIVE_CORE_X_DRAM0_DMA_SRAM_LINE_0_CATEGORY_1,2,2,RW,idf,0x0,0x0,0x0,R/W,IDF v5.5.3 soc/esp32c3/register/soc/sensitive_reg.h:839,
sensitive,SENSITIVE_CORE_X_IRAM0_DRAM0_DMA_SPLIT_LINE_CONSTRAIN_4,0x0A0,SENSITIVE_CORE_X_DRAM0_DMA_SRAM_LINE_0_CATEGORY_2,4,2,RW,idf,0x0,0x0,0x0,R/W,IDF v5.5.3 soc/esp32c3/register/soc/sensitive_reg.h:833,
sensitive,SENSITIVE_CORE_X_IRAM0_DRAM0_DMA_SPLIT_LINE_CONSTRAIN_4,0x0A0,SENSITIVE_CORE_X_DRAM0_DMA_SRAM_LINE_0_SPLITADDR,14,8,RW,idf,0x0,0x0,0x0,R/W,IDF v5.5.3 soc/esp32c3/register/soc/sensitive_reg.h:827,
sensitive,SENSITIVE_CORE_X_IRAM0_DRAM0_DMA_SPLIT_LINE_CONSTRAIN_5,0x0A4,SENSITIVE_CORE_X_DRAM0_DMA_SRAM_LINE_1_CATEGORY_0,0,2,RW,idf,0x0,0x0,0x0,R/W,IDF v5.5.3 soc/esp32c3/register/soc/sensitive_reg.h:871,
sensitive,SENSITIVE_CORE_X_IRAM0_DRAM0_DMA_SPLIT_LINE_CONSTRAIN_5,0x0A4,SENSITIVE_CORE_X_DRAM0_DMA_SRAM_LINE_1_CATEGORY_1,2,2,RW,idf,0x0,0x0,0x0,R/W,IDF v5.5.3 soc/esp32c3/register/soc/sensitive_reg.h:865,
sensitive,SENSITIVE_CORE_X_IRAM0_DRAM0_DMA_SPLIT_LINE_CONSTRAIN_5,0x0A4,SENSITIVE_CORE_X_DRAM0_DMA_SRAM_LINE_1_CATEGORY_2,4,2,RW,idf,0x0,0x0,0x0,R/W,IDF v5.5.3 soc/esp32c3/register/soc/sensitive_reg.h:859,
sensitive,SENSITIVE_CORE_X_IRAM0_DRAM0_DMA_SPLIT_LINE_CONSTRAIN_5,0x0A4,SENSITIVE_CORE_X_DRAM0_DMA_SRAM_LINE_1_SPLITADDR,14,8,RW,idf,0x0,0x0,0x0,R/W,IDF v5.5.3 soc/esp32c3/register/soc/sensitive_reg.h:853,
sensitive,SENSITIVE_CORE_X_IRAM0_PMS_CONSTRAIN_0,0x0A8,SENSITIVE_CORE_X_IRAM0_PMS_CONSTRAIN_LOCK,0,1,RW,idf,0x0,0x0,0x0,R/W,IDF v5.5.3 soc/esp32c3/register/soc/sensitive_reg.h:879,
sensitive,SENSITIVE_CORE_X_IRAM0_PMS_CONSTRAIN_1,0x0AC,SENSITIVE_CORE_X_IRAM0_PMS_CONSTRAIN_SRAM_WORLD_1_PMS_0,0,3,RW,idf,0x7,0x7,0x7,R/W,IDF v5.5.3 soc/esp32c3/register/soc/sensitive_reg.h:917,
sensitive,SENSITIVE_CORE_X_IRAM0_PMS_CONSTRAIN_1,0x0AC,SENSITIVE_CORE_X_IRAM0_PMS_CONSTRAIN_SRAM_WORLD_1_PMS_1,3,3,RW,idf,0x7,0x7,0x7,R/W,IDF v5.5.3 soc/esp32c3/register/soc/sensitive_reg.h:911,
sensitive,SENSITIVE_CORE_X_IRAM0_PMS_CONSTRAIN_1,0x0AC,SENSITIVE_CORE_X_IRAM0_PMS_CONSTRAIN_SRAM_WORLD_1_PMS_2,6,3,RW,idf,0x7,0x7,0x7,R/W,IDF v5.5.3 soc/esp32c3/register/soc/sensitive_reg.h:905,
sensitive,SENSITIVE_CORE_X_IRAM0_PMS_CONSTRAIN_1,0x0AC,SENSITIVE_CORE_X_IRAM0_PMS_CONSTRAIN_SRAM_WORLD_1_PMS_3,9,3,RW,idf,0x7,0x7,0x7,R/W,IDF v5.5.3 soc/esp32c3/register/soc/sensitive_reg.h:899,
sensitive,SENSITIVE_CORE_X_IRAM0_PMS_CONSTRAIN_1,0x0AC,SENSITIVE_CORE_X_IRAM0_PMS_CONSTRAIN_SRAM_WORLD_1_CACHEDATAARRAY_PMS_0,12,3,RW,idf,0x7,0x7,0x7,R/W,IDF v5.5.3 soc/esp32c3/register/soc/sensitive_reg.h:893,
sensitive,SENSITIVE_CORE_X_IRAM0_PMS_CONSTRAIN_1,0x0AC,SENSITIVE_CORE_X_IRAM0_PMS_CONSTRAIN_ROM_WORLD_1_PMS,18,3,RW,idf,0x7,0x7,0x7,R/W,IDF v5.5.3 soc/esp32c3/register/soc/sensitive_reg.h:887,
sensitive,SENSITIVE_CORE_X_IRAM0_PMS_CONSTRAIN_2,0x0B0,SENSITIVE_CORE_X_IRAM0_PMS_CONSTRAIN_SRAM_WORLD_0_PMS_0,0,3,RW,idf,0x7,0x7,0x7,R/W,IDF v5.5.3 soc/esp32c3/register/soc/sensitive_reg.h:955,
sensitive,SENSITIVE_CORE_X_IRAM0_PMS_CONSTRAIN_2,0x0B0,SENSITIVE_CORE_X_IRAM0_PMS_CONSTRAIN_SRAM_WORLD_0_PMS_1,3,3,RW,idf,0x7,0x7,0x7,R/W,IDF v5.5.3 soc/esp32c3/register/soc/sensitive_reg.h:949,
sensitive,SENSITIVE_CORE_X_IRAM0_PMS_CONSTRAIN_2,0x0B0,SENSITIVE_CORE_X_IRAM0_PMS_CONSTRAIN_SRAM_WORLD_0_PMS_2,6,3,RW,idf,0x7,0x7,0x7,R/W,IDF v5.5.3 soc/esp32c3/register/soc/sensitive_reg.h:943,
sensitive,SENSITIVE_CORE_X_IRAM0_PMS_CONSTRAIN_2,0x0B0,SENSITIVE_CORE_X_IRAM0_PMS_CONSTRAIN_SRAM_WORLD_0_PMS_3,9,3,RW,idf,0x7,0x7,0x7,R/W,IDF v5.5.3 soc/esp32c3/register/soc/sensitive_reg.h:937,
sensitive,SENSITIVE_CORE_X_IRAM0_PMS_CONSTRAIN_2,0x0B0,SENSITIVE_CORE_X_IRAM0_PMS_CONSTRAIN_SRAM_WORLD_0_CACHEDATAARRAY_PMS_0,12,3,RW,idf,0x7,0x7,0x7,R/W,IDF v5.5.3 soc/esp32c3/register/soc/sensitive_reg.h:931,
sensitive,SENSITIVE_CORE_X_IRAM0_PMS_CONSTRAIN_2,0x0B0,SENSITIVE_CORE_X_IRAM0_PMS_CONSTRAIN_ROM_WORLD_0_PMS,18,3,RW,idf,0x7,0x7,0x7,R/W,IDF v5.5.3 soc/esp32c3/register/soc/sensitive_reg.h:925,
sensitive,SENSITIVE_CORE_0_IRAM0_PMS_MONITOR_0,0x0B4,SENSITIVE_CORE_0_IRAM0_PMS_MONITOR_LOCK,0,1,RW,idf,0x0,0x0,0x0,R/W,IDF v5.5.3 soc/esp32c3/register/soc/sensitive_reg.h:963,
sensitive,SENSITIVE_CORE_0_IRAM0_PMS_MONITOR_1,0x0B8,SENSITIVE_CORE_0_IRAM0_PMS_MONITOR_VIOLATE_CLR,0,1,RW,idf,0x1,0x1,0x1,R/W,IDF v5.5.3 soc/esp32c3/register/soc/sensitive_reg.h:977,
sensitive,SENSITIVE_CORE_0_IRAM0_PMS_MONITOR_1,0x0B8,SENSITIVE_CORE_0_IRAM0_PMS_MONITOR_VIOLATE_EN,1,1,RW,idf,0x1,0x1,0x1,R/W,IDF v5.5.3 soc/esp32c3/register/soc/sensitive_reg.h:971,
sensitive,SENSITIVE_CORE_0_IRAM0_PMS_MONITOR_2,0x0BC,SENSITIVE_CORE_0_IRAM0_PMS_MONITOR_VIOLATE_INTR,0,1,RO,idf,0x0,0x0,0x0,RO,IDF v5.5.3 soc/esp32c3/register/soc/sensitive_reg.h:1009,
sensitive,SENSITIVE_CORE_0_IRAM0_PMS_MONITOR_2,0x0BC,SENSITIVE_CORE_0_IRAM0_PMS_MONITOR_VIOLATE_STATUS_WR,1,1,RO,idf,0x0,0x0,0x0,RO,IDF v5.5.3 soc/esp32c3/register/soc/sensitive_reg.h:1003,
sensitive,SENSITIVE_CORE_0_IRAM0_PMS_MONITOR_2,0x0BC,SENSITIVE_CORE_0_IRAM0_PMS_MONITOR_VIOLATE_STATUS_LOADSTORE,2,1,RO,idf,0x0,0x0,0x0,RO,IDF v5.5.3 soc/esp32c3/register/soc/sensitive_reg.h:997,
sensitive,SENSITIVE_CORE_0_IRAM0_PMS_MONITOR_2,0x0BC,SENSITIVE_CORE_0_IRAM0_PMS_MONITOR_VIOLATE_STATUS_WORLD,3,2,RO,idf,0x0,0x0,0x0,RO,IDF v5.5.3 soc/esp32c3/register/soc/sensitive_reg.h:991,
sensitive,SENSITIVE_CORE_0_IRAM0_PMS_MONITOR_2,0x0BC,SENSITIVE_CORE_0_IRAM0_PMS_MONITOR_VIOLATE_STATUS_ADDR,5,24,RO,idf,0x0,0x0,0x0,RO,IDF v5.5.3 soc/esp32c3/register/soc/sensitive_reg.h:985,
sensitive,SENSITIVE_CORE_X_DRAM0_PMS_CONSTRAIN_0,0x0C0,SENSITIVE_CORE_X_DRAM0_PMS_CONSTRAIN_LOCK,0,1,RW,idf,0x0,0x0,0x0,R/W,IDF v5.5.3 soc/esp32c3/register/soc/sensitive_reg.h:1017,
sensitive,SENSITIVE_CORE_X_DRAM0_PMS_CONSTRAIN_1,0x0C4,SENSITIVE_CORE_X_DRAM0_PMS_CONSTRAIN_SRAM_WORLD_0_PMS_0,0,2,RW,idf,0x3,0x3,0x3,R/W,IDF v5.5.3 soc/esp32c3/register/soc/sensitive_reg.h:1079,
sensitive,SENSITIVE_CORE_X_DRAM0_PMS_CONSTRAIN_1,0x0C4,SENSITIVE_CORE_X_DRAM0_PMS_CONSTRAIN_SRAM_WORLD_0_PMS_1,2,2,RW,idf,0x3,0x3,0x3,R/W,IDF v5.5.3 soc/esp32c3/register/soc/sensitive_reg.h:1073,
sensitive,SENSITIVE_CORE_X_DRAM0_PMS_CONSTRAIN_1,0x0C4,SENSITIVE_CORE_X_DRAM0_PMS_CONSTRAIN_SRAM_WORLD_0_PMS_2,4,2,RW,idf,0x3,0x3,0x3,R/W,IDF v5.5.3 soc/esp32c3/register/soc/sensitive_reg.h:1067,
sensitive,SENSITIVE_CORE_X_DRAM0_PMS_CONSTRAIN_1,0x0C4,SENSITIVE_CORE_X_DRAM0_PMS_CONSTRAIN_SRAM_WORLD_0_PMS_3,6,2,RW,idf,0x3,0x3,0x3,R/W,IDF v5.5.3 soc/esp32c3/register/soc/sensitive_reg.h:1061,
sensitive,SENSITIVE_CORE_X_DRAM0_PMS_CONSTRAIN_1,0x0C4,SENSITIVE_CORE_X_DRAM0_PMS_CONSTRAIN_SRAM_WORLD_1_PMS_0,12,2,RW,idf,0x3,0x3,0x3,R/W,IDF v5.5.3 soc/esp32c3/register/soc/sensitive_reg.h:1055,
sensitive,SENSITIVE_CORE_X_DRAM0_PMS_CONSTRAIN_1,0x0C4,SENSITIVE_CORE_X_DRAM0_PMS_CONSTRAIN_SRAM_WORLD_1_PMS_1,14,2,RW,idf,0x3,0x3,0x3,R/W,IDF v5.5.3 soc/esp32c3/register/soc/sensitive_reg.h:1049,
sensitive,SENSITIVE_CORE_X_DRAM0_PMS_CONSTRAIN_1,0x0C4,SENSITIVE_CORE_X_DRAM0_PMS_CONSTRAIN_SRAM_WORLD_1_PMS_2,16,2,RW,idf,0x3,0x3,0x3,R/W,IDF v5.5.3 soc/esp32c3/register/soc/sensitive_reg.h:1043,
sensitive,SENSITIVE_CORE_X_DRAM0_PMS_CONSTRAIN_1,0x0C4,SENSITIVE_CORE_X_DRAM0_PMS_CONSTRAIN_SRAM_WORLD_1_PMS_3,18,2,RW,idf,0x3,0x3,0x3,R/W,IDF v5.5.3 soc/esp32c3/register/soc/sensitive_reg.h:1037,
sensitive,SENSITIVE_CORE_X_DRAM0_PMS_CONSTRAIN_1,0x0C4,SENSITIVE_CORE_X_DRAM0_PMS_CONSTRAIN_ROM_WORLD_0_PMS,24,2,RW,idf,0x3,0x3,0x3,R/W,IDF v5.5.3 soc/esp32c3/register/soc/sensitive_reg.h:1031,
sensitive,SENSITIVE_CORE_X_DRAM0_PMS_CONSTRAIN_1,0x0C4,SENSITIVE_CORE_X_DRAM0_PMS_CONSTRAIN_ROM_WORLD_1_PMS,26,2,RW,idf,0x3,0x3,0x3,R/W,IDF v5.5.3 soc/esp32c3/register/soc/sensitive_reg.h:1025,
sensitive,SENSITIVE_CORE_0_DRAM0_PMS_MONITOR_0,0x0C8,SENSITIVE_CORE_0_DRAM0_PMS_MONITOR_LOCK,0,1,RW,idf,0x0,0x0,0x0,R/W,IDF v5.5.3 soc/esp32c3/register/soc/sensitive_reg.h:1087,
sensitive,SENSITIVE_CORE_0_DRAM0_PMS_MONITOR_1,0x0CC,SENSITIVE_CORE_0_DRAM0_PMS_MONITOR_VIOLATE_CLR,0,1,RW,idf,0x1,0x1,0x1,R/W,IDF v5.5.3 soc/esp32c3/register/soc/sensitive_reg.h:1101,
sensitive,SENSITIVE_CORE_0_DRAM0_PMS_MONITOR_1,0x0CC,SENSITIVE_CORE_0_DRAM0_PMS_MONITOR_VIOLATE_EN,1,1,RW,idf,0x1,0x1,0x1,R/W,IDF v5.5.3 soc/esp32c3/register/soc/sensitive_reg.h:1095,
sensitive,SENSITIVE_CORE_0_DRAM0_PMS_MONITOR_2,0x0D0,SENSITIVE_CORE_0_DRAM0_PMS_MONITOR_VIOLATE_INTR,0,1,RO,idf,0x0,0x0,0x0,RO,IDF v5.5.3 soc/esp32c3/register/soc/sensitive_reg.h:1127,
sensitive,SENSITIVE_CORE_0_DRAM0_PMS_MONITOR_2,0x0D0,SENSITIVE_CORE_0_DRAM0_PMS_MONITOR_VIOLATE_STATUS_LOCK,1,1,RO,idf,0x0,0x0,0x0,RO,IDF v5.5.3 soc/esp32c3/register/soc/sensitive_reg.h:1121,
sensitive,SENSITIVE_CORE_0_DRAM0_PMS_MONITOR_2,0x0D0,SENSITIVE_CORE_0_DRAM0_PMS_MONITOR_VIOLATE_STATUS_WORLD,2,2,RO,idf,0x0,0x0,0x0,RO,IDF v5.5.3 soc/esp32c3/register/soc/sensitive_reg.h:1115,
sensitive,SENSITIVE_CORE_0_DRAM0_PMS_MONITOR_2,0x0D0,SENSITIVE_CORE_0_DRAM0_PMS_MONITOR_VIOLATE_STATUS_ADDR,4,24,RO,idf,0x0,0x0,0x0,RO,IDF v5.5.3 soc/esp32c3/register/soc/sensitive_reg.h:1109,
sensitive,SENSITIVE_CORE_0_DRAM0_PMS_MONITOR_3,0x0D4,SENSITIVE_CORE_0_DRAM0_PMS_MONITOR_VIOLATE_STATUS_WR,0,1,RO,idf,0x0,0x0,0x0,RO,IDF v5.5.3 soc/esp32c3/register/soc/sensitive_reg.h:1141,
sensitive,SENSITIVE_CORE_0_DRAM0_PMS_MONITOR_3,0x0D4,SENSITIVE_CORE_0_DRAM0_PMS_MONITOR_VIOLATE_STATUS_BYTEEN,1,4,RO,idf,0x0,0x0,0x0,RO,IDF v5.5.3 soc/esp32c3/register/soc/sensitive_reg.h:1135,
sensitive,SENSITIVE_CORE_0_PIF_PMS_CONSTRAIN_0,0x0D8,SENSITIVE_CORE_0_PIF_PMS_CONSTRAIN_LOCK,0,1,RW,idf,0x0,0x0,0x0,R/W,IDF v5.5.3 soc/esp32c3/register/soc/sensitive_reg.h:1149,
sensitive,SENSITIVE_CORE_0_PIF_PMS_CONSTRAIN_1,0x0DC,SENSITIVE_CORE_0_PIF_PMS_CONSTRAIN_WORLD_0_UART,0,2,RW,idf,0x3,0x3,0x3,R/W,IDF v5.5.3 soc/esp32c3/register/soc/sensitive_reg.h:1229,
sensitive,SENSITIVE_CORE_0_PIF_PMS_CONSTRAIN_1,0x0DC,SENSITIVE_CORE_0_PIF_PMS_CONSTRAIN_WORLD_0_G0SPI_1,2,2,RW,idf,0x3,0x3,0x3,R/W,IDF v5.5.3 soc/esp32c3/register/soc/sensitive_reg.h:1223,
sensitive,SENSITIVE_CORE_0_PIF_PMS_CONSTRAIN_1,0x0DC,SENSITIVE_CORE_0_PIF_PMS_CONSTRAIN_WORLD_0_G0SPI_0,4,2,RW,idf,0x3,0x3,0x3,R/W,IDF v5.5.3 soc/esp32c3/register/soc/sensitive_reg.h:1217,
sensitive,SENSITIVE_CORE_0_PIF_PMS_CONSTRAIN_1,0x0DC,SENSITIVE_CORE_0_PIF_PMS_CONSTRAIN_WORLD_0_GPIO,6,2,RW,idf,0x3,0x3,0x3,R/W,IDF v5.5.3 soc/esp32c3/register/soc/sensitive_reg.h:1211,
sensitive,SENSITIVE_CORE_0_PIF_PMS_CONSTRAIN_1,0x0DC,SENSITIVE_CORE_0_PIF_PMS_CONSTRAIN_WORLD_0_FE2,8,2,RW,idf,0x3,0x3,0x3,R/W,IDF v5.5.3 soc/esp32c3/register/soc/sensitive_reg.h:1205,
sensitive,SENSITIVE_CORE_0_PIF_PMS_CONSTRAIN_1,0x0DC,SENSITIVE_CORE_0_PIF_PMS_CONSTRAIN_WORLD_0_FE,10,2,RW,idf,0x3,0x3,0x3,R/W,IDF v5.5.3 soc/esp32c3/register/soc/sensitive_reg.h:1199,
sensitive,SENSITIVE_CORE_0_PIF_PMS_CONSTRAIN_1,0x0DC,SENSITIVE_CORE_0_PIF_PMS_CONSTRAIN_WORLD_0_TIMER,12,2,RW,idf,0x3,0x3,0x3,R/W,IDF v5.5.3 soc/esp32c3/register/soc/sensitive_reg.h:1193,
sensitive,SENSITIVE_CORE_0_PIF_PMS_CONSTRAIN_1,0x0DC,SENSITIVE_CORE_0_PIF_PMS_CONSTRAIN_WORLD_0_RTC,14,2,RW,idf,0x3,0x3,0x3,R/W,IDF v5.5.3 soc/esp32c3/register/soc/sensitive_reg.h:1187,
sensitive,SENSITIVE_CORE_0_PIF_PMS_CONSTRAIN_1,0x0DC,SENSITIVE_CORE_0_PIF_PMS_CONSTRAIN_WORLD_0_IO_MUX,16,2,RW,idf,0x3,0x3,0x3,R/W,IDF v5.5.3 soc/esp32c3/register/soc/sensitive_reg.h:1181,
sensitive,SENSITIVE_CORE_0_PIF_PMS_CONSTRAIN_1,0x0DC,SENSITIVE_CORE_0_PIF_PMS_CONSTRAIN_WORLD_0_WDG,18,2,RW,idf,0x3,0x3,0x3,R/W,IDF v5.5.3 soc/esp32c3/register/soc/sensitive_reg.h:1175,
sensitive,SENSITIVE_CORE_0_PIF_PMS_CONSTRAIN_1,0x0DC,SENSITIVE_CORE_0_PIF_PMS_CONSTRAIN_WORLD_0_MISC,24,2,RW,idf,0x3,0x3,0x3,R/W,IDF v5.5.3 soc/esp32c3/register/soc/sensitive_reg.h:1169,
sensitive,SENSITIVE_CORE_0_PIF_PMS_CONSTRAIN_1,0x0DC,SENSITIVE_CORE_0_PIF_PMS_CONSTRAIN_WORLD_0_I2C,26,2,RW,idf,0x3,0x3,0x3,R/W,IDF v5.5.3 soc/esp32c3/register/soc/sensitive_reg.h:1163,
sensitive,SENSITIVE_CORE_0_PIF_PMS_CONSTRAIN_1,0x0DC,SENSITIVE_CORE_0_PIF_PMS_CONSTRAIN_WORLD_0_UART1,30,2,RW,idf,0x3,0x3,0x3,R/W,IDF v5.5.3 soc/esp32c3/register/soc/sensitive_reg.h:1157,
sensitive,SENSITIVE_CORE_0_PIF_PMS_CONSTRAIN_2,0x0E0,SENSITIVE_CORE_0_PIF_PMS_CONSTRAIN_WORLD_0_BT,0,2,RW,idf,0x3,0x3,0x3,R/W,IDF v5.5.3 soc/esp32c3/register/soc/sensitive_reg.h:1285,
sensitive,SENSITIVE_CORE_0_PIF_PMS_CONSTRAIN_2,0x0E0,SENSITIVE_CORE_0_PIF_PMS_CONSTRAIN_WORLD_0_I2C_EXT0,4,2,RW,idf,0x3,0x3,0x3,R/W,IDF v5.5.3 soc/esp32c3/register/soc/sensitive_reg.h:1279,
sensitive,SENSITIVE_CORE_0_PIF_PMS_CONSTRAIN_2,0x0E0,SENSITIVE_CORE_0_PIF_PMS_CONSTRAIN_WORLD_0_UHCI0,6,2,RW,idf,0x3,0x3,0x3,R/W,IDF v5.5.3 soc/esp32c3/register/soc/sensitive_reg.h:1273,
sensitive,SENSITIVE_CORE_0_PIF_PMS_CONSTRAIN_2,0x0E0,SENSITIVE_CORE_0_PIF_PMS_CONSTRAIN_WORLD_0_RMT,10,2,RW,idf,0x3,0x3,0x3,R/W,IDF v5.5.3 soc/esp32c3/register/soc/sensitive_reg.h:1267,
sensitive,SENSITIVE_CORE_0_PIF_PMS_CONSTRAIN_2,0x0E0,SENSITIVE_CORE_0_PIF_PMS_CONSTRAIN_WORLD_0_LEDC,16,2,RW,idf,0x3,0x3,0x3,R/W,IDF v5.5.3 soc/esp32c3/register/soc/sensitive_reg.h:1261,
sensitive,SENSITIVE_CORE_0_PIF_PMS_CONSTRAIN_2,0x0E0,SENSITIVE_CORE_0_PIF_PMS_CONSTRAIN_WORLD_0_BB,22,2,RW,idf,0x3,0x3,0x3,R/W,IDF v5.5.3 soc/esp32c3/register/soc/sensitive_reg.h:1255,
sensitive,SENSITIVE_CORE_0_PIF_PMS_CONSTRAIN_2,0x0E0,SENSITIVE_CORE_0_PIF_PMS_CONSTRAIN_WORLD_0_TIMERGROUP,26,2,RW,idf,0x3,0x3,0x3,R/W,IDF v5.5.3 soc/esp32c3/register/soc/sensitive_reg.h:1249,
sensitive,SENSITIVE_CORE_0_PIF_PMS_CONSTRAIN_2,0x0E0,SENSITIVE_CORE_0_PIF_PMS_CONSTRAIN_WORLD_0_TIMERGROUP1,28,2,RW,idf,0x3,0x3,0x3,R/W,IDF v5.5.3 soc/esp32c3/register/soc/sensitive_reg.h:1243,
sensitive,SENSITIVE_CORE_0_PIF_PMS_CONSTRAIN_2,0x0E0,SENSITIVE_CORE_0_PIF_PMS_CONSTRAIN_WORLD_0_SYSTIMER,30,2,RW,idf,0x3,0x3,0x3,R/W,IDF v5.5.3 soc/esp32c3/register/soc/sensitive_reg.h:1237,
sensitive,SENSITIVE_CORE_0_PIF_PMS_CONSTRAIN_3,0x0E4,SENSITIVE_CORE_0_PIF_PMS_CONSTRAIN_WORLD_0_SPI_2,0,2,RW,idf,0x3,0x3,0x3,R/W,IDF v5.5.3 soc/esp32c3/register/soc/sensitive_reg.h:1329,
sensitive,SENSITIVE_CORE_0_PIF_PMS_CONSTRAIN_3,0x0E4,SENSITIVE_CORE_0_PIF_PMS_CONSTRAIN_WORLD_0_APB_CTRL,4,2,RW,idf,0x3,0x3,0x3,R/W,IDF v5.5.3 soc/esp32c3/register/soc/sensitive_reg.h:1323,
sensitive,SENSITIVE_CORE_0_PIF_PMS_CONSTRAIN_3,0x0E4,SENSITIVE_CORE_0_PIF_PMS_CONSTRAIN_WORLD_0_CAN,10,2,RW,idf,0x3,0x3,0x3,R/W,IDF v5.5.3 soc/esp32c3/register/soc/sensitive_reg.h:1317,
sensitive,SENSITIVE_CORE_0_PIF_PMS_CONSTRAIN_3,0x0E4,SENSITIVE_CORE_0_PIF_PMS_CONSTRAIN_WORLD_0_I2S0,14,2,RW,idf,0x3,0x3,0x3,R/W,IDF v5.5.3 soc/esp32c3/register/soc/sensitive_reg.h:1311,
sensitive,SENSITIVE_CORE_0_PIF_PMS_CONSTRAIN_3,0x0E4,SENSITIVE_CORE_0_PIF_PMS_CONSTRAIN_WORLD_0_RWBT,22,2,RW,idf,0x3,0x3,0x3,R/W,IDF v5.5.3 soc/esp32c3/register/soc/sensitive_reg.h:1305,
sensitive,SENSITIVE_CORE_0_PIF_PMS_CONSTRAIN_3,0x0E4,SENSITIVE_CORE_0_PIF_PMS_CONSTRAIN_WORLD_0_WIFIMAC,26,2,RW,idf,0x3,0x3,0x3,R/W,IDF v5.5.3 soc/esp32c3/register/soc/sensitive_reg.h:1299,
sensitive,SENSITIVE_CORE_0_PIF_PMS_CONSTRAIN_3,0x0E4,SENSITIVE_CORE_0_PIF_PMS_CONSTRAIN_WORLD_0_PWR,28,2,RW,idf,0x3,0x3,0x3,R/W,IDF v5.5.3 soc/esp32c3/register/soc/sensitive_reg.h:1293,
sensitive,SENSITIVE_CORE_0_PIF_PMS_CONSTRAIN_4,0x0E8,SENSITIVE_CORE_0_PIF_PMS_CONSTRAIN_WORLD_0_USB_WRAP,2,2,RW,idf,0x3,0x3,0x3,R/W,IDF v5.5.3 soc/esp32c3/register/soc/sensitive_reg.h:1415,
sensitive,SENSITIVE_CORE_0_PIF_PMS_CONSTRAIN_4,0x0E8,SENSITIVE_CORE_0_PIF_PMS_CONSTRAIN_WORLD_0_CRYPTO_PERI,4,2,RW,idf,0x3,0x3,0x3,R/W,IDF v5.5.3 soc/esp32c3/register/soc/sensitive_reg.h:1409,
sensitive,SENSITIVE_CORE_0_PIF_PMS_CONSTRAIN_4,0x0E8,SENSITIVE_CORE_0_PIF_PMS_CONSTRAIN_WORLD_0_CRYPTO_DMA,6,2,RW,idf,0x3,0x3,0x3,R/W,IDF v5.5.3 soc/esp32c3/register/soc/sensitive_reg.h:1403,
sensitive,SENSITIVE_CORE_0_PIF_PMS_CONSTRAIN_4,0x0E8,SENSITIVE_CORE_0_PIF_PMS_CONSTRAIN_WORLD_0_APB_ADC,8,2,RW,idf,0x3,0x3,0x3,R/W,IDF v5.5.3 soc/esp32c3/register/soc/sensitive_reg.h:1397,
sensitive,SENSITIVE_CORE_0_PIF_PMS_CONSTRAIN_4,0x0E8,SENSITIVE_CORE_0_PIF_PMS_CONSTRAIN_WORLD_0_BT_PWR,12,2,RW,idf,0x3,0x3,0x3,R/W,IDF v5.5.3 soc/esp32c3/register/soc/sensitive_reg.h:1391,
sensitive,SENSITIVE_CORE_0_PIF_PMS_CONSTRAIN_4,0x0E8,SENSITIVE_CORE_0_PIF_PMS_CONSTRAIN_WORLD_0_USB_DEVICE,14,2,RW,idf,0x3,0x3,0x3,R/W,IDF v5.5.3 soc/esp32c3/register/soc/sensitive_reg.h:1385,
sensitive,SENSITIVE_CORE_0_PIF_PMS_CONSTRAIN_4,0x0E8,SENSITIVE_CORE_0_PIF_PMS_CONSTRAIN_WORLD_0_SYSTEM,16,2,RW,idf,0x3,0x3,0x3,R/W,IDF v5.5.3 soc/esp32c3/register/soc/sensitive_reg.h:1379,
sensitive,SENSITIVE_CORE_0_PIF_PMS_CONSTRAIN_4,0x0E8,SENSITIVE_CORE_0_PIF_PMS_CONSTRAIN_WORLD_0_SENSITIVE,18,2,RW,idf,0x3,0x3,0x3,R/W,IDF v5.5.3 soc/esp32c3/register/soc/sensitive_reg.h:1373,
sensitive,SENSITIVE_CORE_0_PIF_PMS_CONSTRAIN_4,0x0E8,SENSITIVE_CORE_0_PIF_PMS_CONSTRAIN_WORLD_0_INTERRUPT,20,2,RW,idf,0x3,0x3,0x3,R/W,IDF v5.5.3 soc/esp32c3/register/soc/sensitive_reg.h:1367,
sensitive,SENSITIVE_CORE_0_PIF_PMS_CONSTRAIN_4,0x0E8,SENSITIVE_CORE_0_PIF_PMS_CONSTRAIN_WORLD_0_DMA_COPY,22,2,RW,idf,0x3,0x3,0x3,R/W,IDF v5.5.3 soc/esp32c3/register/soc/sensitive_reg.h:1361,
sensitive,SENSITIVE_CORE_0_PIF_PMS_CONSTRAIN_4,0x0E8,SENSITIVE_CORE_0_PIF_PMS_CONSTRAIN_WORLD_0_CACHE_CONFIG,24,2,RW,idf,0x3,0x3,0x3,R/W,IDF v5.5.3 soc/esp32c3/register/soc/sensitive_reg.h:1355,
sensitive,SENSITIVE_CORE_0_PIF_PMS_CONSTRAIN_4,0x0E8,SENSITIVE_CORE_0_PIF_PMS_CONSTRAIN_WORLD_0_AD,26,2,RW,idf,0x3,0x3,0x3,R/W,IDF v5.5.3 soc/esp32c3/register/soc/sensitive_reg.h:1349,
sensitive,SENSITIVE_CORE_0_PIF_PMS_CONSTRAIN_4,0x0E8,SENSITIVE_CORE_0_PIF_PMS_CONSTRAIN_WORLD_0_DIO,28,2,RW,idf,0x3,0x3,0x3,R/W,IDF v5.5.3 soc/esp32c3/register/soc/sensitive_reg.h:1343,
sensitive,SENSITIVE_CORE_0_PIF_PMS_CONSTRAIN_4,0x0E8,SENSITIVE_CORE_0_PIF_PMS_CONSTRAIN_WORLD_0_WORLD_CONTROLLER,30,2,RW,idf,0x3,0x3,0x3,R/W,IDF v5.5.3 soc/esp32c3/register/soc/sensitive_reg.h:1337,
sensitive,SENSITIVE_CORE_0_PIF_PMS_CONSTRAIN_5,0x0EC,SENSITIVE_CORE_0_PIF_PMS_CONSTRAIN_WORLD_1_UART,0,2,RW,idf,0x3,0x3,0x3,R/W,IDF v5.5.3 soc/esp32c3/register/soc/sensitive_reg.h:1495,
sensitive,SENSITIVE_CORE_0_PIF_PMS_CONSTRAIN_5,0x0EC,SENSITIVE_CORE_0_PIF_PMS_CONSTRAIN_WORLD_1_G0SPI_1,2,2,RW,idf,0x3,0x3,0x3,R/W,IDF v5.5.3 soc/esp32c3/register/soc/sensitive_reg.h:1489,
sensitive,SENSITIVE_CORE_0_PIF_PMS_CONSTRAIN_5,0x0EC,SENSITIVE_CORE_0_PIF_PMS_CONSTRAIN_WORLD_1_G0SPI_0,4,2,RW,idf,0x3,0x3,0x3,R/W,IDF v5.5.3 soc/esp32c3/register/soc/sensitive_reg.h:1483,
sensitive,SENSITIVE_CORE_0_PIF_PMS_CONSTRAIN_5,0x0EC,SENSITIVE_CORE_0_PIF_PMS_CONSTRAIN_WORLD_1_GPIO,6,2,RW,idf,0x3,0x3,0x3,R/W,IDF v5.5.3 soc/esp32c3/register/soc/sensitive_reg.h:1477,
sensitive,SENSITIVE_CORE_0_PIF_PMS_CONSTRAIN_5,0x0EC,SENSITIVE_CORE_0_PIF_PMS_CONSTRAIN_WORLD_1_FE2,8,2,RW,idf,0x3,0x3,0x3,R/W,IDF v5.5.3 soc/esp32c3/register/soc/sensitive_reg.h:1471,
sensitive,SENSITIVE_CORE_0_PIF_PMS_CONSTRAIN_5,0x0EC,SENSITIVE_CORE_0_PIF_PMS_CONSTRAIN_WORLD_1_FE,10,2,RW,idf,0x3,0x3,0x3,R/W,IDF v5.5.3 soc/esp32c3/register/soc/sensitive_reg.h:1465,
sensitive,SENSITIVE_CORE_0_PIF_PMS_CONSTRAIN_5,0x0EC,SENSITIVE_CORE_0_PIF_PMS_CONSTRAIN_WORLD_1_TIMER,12,2,RW,idf,0x3,0x3,0x3,R/W,IDF v5.5.3 soc/esp32c3/register/soc/sensitive_reg.h:1459,
sensitive,SENSITIVE_CORE_0_PIF_PMS_CONSTRAIN_5,0x0EC,SENSITIVE_CORE_0_PIF_PMS_CONSTRAIN_WORLD_1_RTC,14,2,RW,idf,0x3,0x3,0x3,R/W,IDF v5.5.3 soc/esp32c3/register/soc/sensitive_reg.h:1453,
sensitive,SENSITIVE_CORE_0_PIF_PMS_CONSTRAIN_5,0x0EC,SENSITIVE_CORE_0_PIF_PMS_CONSTRAIN_WORLD_1_IO_MUX,16,2,RW,idf,0x3,0x3,0x3,R/W,IDF v5.5.3 soc/esp32c3/register/soc/sensitive_reg.h:1447,
sensitive,SENSITIVE_CORE_0_PIF_PMS_CONSTRAIN_5,0x0EC,SENSITIVE_CORE_0_PIF_PMS_CONSTRAIN_WORLD_1_WDG,18,2,RW,idf,0x3,0x3,0x3,R/W,IDF v5.5.3 soc/esp32c3/register/soc/sensitive_reg.h:1441,
sensitive,SENSITIVE_CORE_0_PIF_PMS_CONSTRAIN_5,0x0EC,SENSITIVE_CORE_0_PIF_PMS_CONSTRAIN_WORLD_1_MISC,24,2,RW,idf,0x3,0x3,0x3,R/W,IDF v5.5.3 soc/esp32c3/register/soc/sensitive_reg.h:1435,
sensitive,SENSITIVE_CORE_0_PIF_PMS_CONSTRAIN_5,0x0EC,SENSITIVE_CORE_0_PIF_PMS_CONSTRAIN_WORLD_1_I2C,26,2,RW,idf,0x3,0x3,0x3,R/W,IDF v5.5.3 soc/esp32c3/register/soc/sensitive_reg.h:1429,
sensitive,SENSITIVE_CORE_0_PIF_PMS_CONSTRAIN_5,0x0EC,SENSITIVE_CORE_0_PIF_PMS_CONSTRAIN_WORLD_1_UART1,30,2,RW,idf,0x3,0x3,0x3,R/W,IDF v5.5.3 soc/esp32c3/register/soc/sensitive_reg.h:1423,
sensitive,SENSITIVE_CORE_0_PIF_PMS_CONSTRAIN_6,0x0F0,SENSITIVE_CORE_0_PIF_PMS_CONSTRAIN_WORLD_1_BT,0,2,RW,idf,0x3,0x3,0x3,R/W,IDF v5.5.3 soc/esp32c3/register/soc/sensitive_reg.h:1551,
sensitive,SENSITIVE_CORE_0_PIF_PMS_CONSTRAIN_6,0x0F0,SENSITIVE_CORE_0_PIF_PMS_CONSTRAIN_WORLD_1_I2C_EXT0,4,2,RW,idf,0x3,0x3,0x3,R/W,IDF v5.5.3 soc/esp32c3/register/soc/sensitive_reg.h:1545,
sensitive,SENSITIVE_CORE_0_PIF_PMS_CONSTRAIN_6,0x0F0,SENSITIVE_CORE_0_PIF_PMS_CONSTRAIN_WORLD_1_UHCI0,6,2,RW,idf,0x3,0x3,0x3,R/W,IDF v5.5.3 soc/esp32c3/register/soc/sensitive_reg.h:1539,
sensitive,SENSITIVE_CORE_0_PIF_PMS_CONSTRAIN_6,0x0F0,SENSITIVE_CORE_0_PIF_PMS_CONSTRAIN_WORLD_1_RMT,10,2,RW,idf,0x3,0x3,0x3,R/W,IDF v5.5.3 soc/esp32c3/register/soc/sensitive_reg.h:1533,
sensitive,SENSITIVE_CORE_0_PIF_PMS_CONSTRAIN_6,0x0F0,SENSITIVE_CORE_0_PIF_PMS_CONSTRAIN_WORLD_1_LEDC,16,2,RW,idf,0x3,0x3,0x3,R/W,IDF v5.5.3 soc/esp32c3/register/soc/sensitive_reg.h:1527,
sensitive,SENSITIVE_CORE_0_PIF_PMS_CONSTRAIN_6,0x0F0,SENSITIVE_CORE_0_PIF_PMS_CONSTRAIN_WORLD_1_BB,22,2,RW,idf,0x3,0x3,0x3,R/W,IDF v5.5.3 soc/esp32c3/register/soc/sensitive_reg.h:1521,
sensitive,SENSITIVE_CORE_0_PIF_PMS_CONSTRAIN_6,0x0F0,SENSITIVE_CORE_0_PIF_PMS_CONSTRAIN_WORLD_1_TIMERGROUP,26,2,RW,idf,0x3,0x3,0x3,R/W,IDF v5.5.3 soc/esp32c3/register/soc/sensitive_reg.h:1515,
sensitive,SENSITIVE_CORE_0_PIF_PMS_CONSTRAIN_6,0x0F0,SENSITIVE_CORE_0_PIF_PMS_CONSTRAIN_WORLD_1_TIMERGROUP1,28,2,RW,idf,0x3,0x3,0x3,R/W,IDF v5.5.3 soc/esp32c3/register/soc/sensitive_reg.h:1509,
sensitive,SENSITIVE_CORE_0_PIF_PMS_CONSTRAIN_6,0x0F0,SENSITIVE_CORE_0_PIF_PMS_CONSTRAIN_WORLD_1_SYSTIMER,30,2,RW,idf,0x3,0x3,0x3,R/W,IDF v5.5.3 soc/esp32c3/register/soc/sensitive_reg.h:1503,
sensitive,SENSITIVE_CORE_0_PIF_PMS_CONSTRAIN_7,0x0F4,SENSITIVE_CORE_0_PIF_PMS_CONSTRAIN_WORLD_1_SPI_2,0,2,RW,idf,0x3,0x3,0x3,R/W,IDF v5.5.3 soc/esp32c3/register/soc/sensitive_reg.h:1595,
sensitive,SENSITIVE_CORE_0_PIF_PMS_CONSTRAIN_7,0x0F4,SENSITIVE_CORE_0_PIF_PMS_CONSTRAIN_WORLD_1_APB_CTRL,4,2,RW,idf,0x3,0x3,0x3,R/W,IDF v5.5.3 soc/esp32c3/register/soc/sensitive_reg.h:1589,
sensitive,SENSITIVE_CORE_0_PIF_PMS_CONSTRAIN_7,0x0F4,SENSITIVE_CORE_0_PIF_PMS_CONSTRAIN_WORLD_1_CAN,10,2,RW,idf,0x3,0x3,0x3,R/W,IDF v5.5.3 soc/esp32c3/register/soc/sensitive_reg.h:1583,
sensitive,SENSITIVE_CORE_0_PIF_PMS_CONSTRAIN_7,0x0F4,SENSITIVE_CORE_0_PIF_PMS_CONSTRAIN_WORLD_1_I2S0,14,2,RW,idf,0x3,0x3,0x3,R/W,IDF v5.5.3 soc/esp32c3/register/soc/sensitive_reg.h:1577,
sensitive,SENSITIVE_CORE_0_PIF_PMS_CONSTRAIN_7,0x0F4,SENSITIVE_CORE_0_PIF_PMS_CONSTRAIN_WORLD_1_RWBT,22,2,RW,idf,0x3,0x3,0x3,R/W,IDF v5.5.3 soc/esp32c3/register/soc/sensitive_reg.h:1571,
sensitive,SENSITIVE_CORE_0_PIF_PMS_CONSTRAIN_7,0x0F4,SENSITIVE_CORE_0_PIF_PMS_CONSTRAIN_WORLD_1_WIFIMAC,26,2,RW,idf,0x3,0x3,0x3,R/W,IDF v5.5.3 soc/esp32c3/register/soc/sensitive_reg.h:1565,
sensitive,SENSITIVE_CORE_0_PIF_PMS_CONSTRAIN_7,0x0F4,SENSITIVE_CORE_0_PIF_PMS_CONSTRAIN_WORLD_1_PWR,28,2,RW,idf,0x3,0x3,0x3,R/W,IDF v5.5.3 soc/esp32c3/register/soc/sensitive_reg.h:1559,
sensitive,SENSITIVE_CORE_0_PIF_PMS_CONSTRAIN_8,0x0F8,SENSITIVE_CORE_0_PIF_PMS_CONSTRAIN_WORLD_1_USB_WRAP,2,2,RW,idf,0x3,0x3,0x3,R/W,IDF v5.5.3 soc/esp32c3/register/soc/sensitive_reg.h:1681,
sensitive,SENSITIVE_CORE_0_PIF_PMS_CONSTRAIN_8,0x0F8,SENSITIVE_CORE_0_PIF_PMS_CONSTRAIN_WORLD_1_CRYPTO_PERI,4,2,RW,idf,0x3,0x3,0x3,R/W,IDF v5.5.3 soc/esp32c3/register/soc/sensitive_reg.h:1675,
sensitive,SENSITIVE_CORE_0_PIF_PMS_CONSTRAIN_8,0x0F8,SENSITIVE_CORE_0_PIF_PMS_CONSTRAIN_WORLD_1_CRYPTO_DMA,6,2,RW,idf,0x3,0x3,0x3,R/W,IDF v5.5.3 soc/esp32c3/register/soc/sensitive_reg.h:1669,
sensitive,SENSITIVE_CORE_0_PIF_PMS_CONSTRAIN_8,0x0F8,SENSITIVE_CORE_0_PIF_PMS_CONSTRAIN_WORLD_1_APB_ADC,8,2,RW,idf,0x3,0x3,0x3,R/W,IDF v5.5.3 soc/esp32c3/register/soc/sensitive_reg.h:1663,
sensitive,SENSITIVE_CORE_0_PIF_PMS_CONSTRAIN_8,0x0F8,SENSITIVE_CORE_0_PIF_PMS_CONSTRAIN_WORLD_1_BT_PWR,12,2,RW,idf,0x3,0x3,0x3,R/W,IDF v5.5.3 soc/esp32c3/register/soc/sensitive_reg.h:1657,
sensitive,SENSITIVE_CORE_0_PIF_PMS_CONSTRAIN_8,0x0F8,SENSITIVE_CORE_0_PIF_PMS_CONSTRAIN_WORLD_1_USB_DEVICE,14,2,RW,idf,0x3,0x3,0x3,R/W,IDF v5.5.3 soc/esp32c3/register/soc/sensitive_reg.h:1651,
sensitive,SENSITIVE_CORE_0_PIF_PMS_CONSTRAIN_8,0x0F8,SENSITIVE_CORE_0_PIF_PMS_CONSTRAIN_WORLD_1_SYSTEM,16,2,RW,idf,0x3,0x3,0x3,R/W,IDF v5.5.3 soc/esp32c3/register/soc/sensitive_reg.h:1645,
sensitive,SENSITIVE_CORE_0_PIF_PMS_CONSTRAIN_8,0x0F8,SENSITIVE_CORE_0_PIF_PMS_CONSTRAIN_WORLD_1_SENSITIVE,18,2,RW,idf,0x3,0x3,0x3,R/W,IDF v5.5.3 soc/esp32c3/register/soc/sensitive_reg.h:1639,
sensitive,SENSITIVE_CORE_0_PIF_PMS_CONSTRAIN_8,0x0F8,SENSITIVE_CORE_0_PIF_PMS_CONSTRAIN_WORLD_1_INTERRUPT,20,2,RW,idf,0x3,0x3,0x3,R/W,IDF v5.5.3 soc/esp32c3/register/soc/sensitive_reg.h:1633,
sensitive,SENSITIVE_CORE_0_PIF_PMS_CONSTRAIN_8,0x0F8,SENSITIVE_CORE_0_PIF_PMS_CONSTRAIN_WORLD_1_DMA_COPY,22,2,RW,idf,0x3,0x3,0x3,R/W,IDF v5.5.3 soc/esp32c3/register/soc/sensitive_reg.h:1627,
sensitive,SENSITIVE_CORE_0_PIF_PMS_CONSTRAIN_8,0x0F8,SENSITIVE_CORE_0_PIF_PMS_CONSTRAIN_WORLD_1_CACHE_CONFIG,24,2,RW,idf,0x3,0x3,0x3,R/W,IDF v5.5.3 soc/esp32c3/register/soc/sensitive_reg.h:1621,
sensitive,SENSITIVE_CORE_0_PIF_PMS_CONSTRAIN_8,0x0F8,SENSITIVE_CORE_0_PIF_PMS_CONSTRAIN_WORLD_1_AD,26,2,RW,idf,0x3,0x3,0x3,R/W,IDF v5.5.3 soc/esp32c3/register/soc/sensitive_reg.h:1615,
sensitive,SENSITIVE_CORE_0_PIF_PMS_CONSTRAIN_8,0x0F8,SENSITIVE_CORE_0_PIF_PMS_CONSTRAIN_WORLD_1_DIO,28,2,RW,idf,0x3,0x3,0x3,R/W,IDF v5.5.3 soc/esp32c3/register/soc/sensitive_reg.h:1609,
sensitive,SENSITIVE_CORE_0_PIF_PMS_CONSTRAIN_8,0x0F8,SENSITIVE_CORE_0_PIF_PMS_CONSTRAIN_WORLD_1_WORLD_CONTROLLER,30,2,RW,idf,0x3,0x3,0x3,R/W,IDF v5.5.3 soc/esp32c3/register/soc/sensitive_reg.h:1603,
sensitive,SENSITIVE_CORE_0_PIF_PMS_CONSTRAIN_9,0x0FC,SENSITIVE_CORE_0_PIF_PMS_CONSTRAIN_RTCFAST_SPLTADDR_WORLD_0,0,11,RW,idf,0x7FF,0x7FF,0x7FF,R/W,IDF v5.5.3 soc/esp32c3/register/soc/sensitive_reg.h:1695,
sensitive,SENSITIVE_CORE_0_PIF_PMS_CONSTRAIN_9,0x0FC,SENSITIVE_CORE_0_PIF_PMS_CONSTRAIN_RTCFAST_SPLTADDR_WORLD_1,11,11,RW,idf,0x7FF,0x7FF,0x7FF,R/W,IDF v5.5.3 soc/esp32c3/register/soc/sensitive_reg.h:1689,
sensitive,SENSITIVE_CORE_0_PIF_PMS_CONSTRAIN_10,0x100,SENSITIVE_CORE_0_PIF_PMS_CONSTRAIN_RTCFAST_WORLD_0_L,0,3,RW,idf,0x7,0x7,0x7,R/W,IDF v5.5.3 soc/esp32c3/register/soc/sensitive_reg.h:1721,
sensitive,SENSITIVE_CORE_0_PIF_PMS_CONSTRAIN_10,0x100,SENSITIVE_CORE_0_PIF_PMS_CONSTRAIN_RTCFAST_WORLD_0_H,3,3,RW,idf,0x7,0x7,0x7,R/W,IDF v5.5.3 soc/esp32c3/register/soc/sensitive_reg.h:1715,
sensitive,SENSITIVE_CORE_0_PIF_PMS_CONSTRAIN_10,0x100,SENSITIVE_CORE_0_PIF_PMS_CONSTRAIN_RTCFAST_WORLD_1_L,6,3,RW,idf,0x7,0x7,0x7,R/W,IDF v5.5.3 soc/esp32c3/register/soc/sensitive_reg.h:1709,
sensitive,SENSITIVE_CORE_0_PIF_PMS_CONSTRAIN_10,0x100,SENSITIVE_CORE_0_PIF_PMS_CONSTRAIN_RTCFAST_WORLD_1_H,9,3,RW,idf,0x7,0x7,0x7,R/W,IDF v5.5.3 soc/esp32c3/register/soc/sensitive_reg.h:1703,
sensitive,SENSITIVE_REGION_PMS_CONSTRAIN_0,0x104,SENSITIVE_REGION_PMS_CONSTRAIN_LOCK,0,1,RW,idf,0x0,0x0,0x0,R/W,IDF v5.5.3 soc/esp32c3/register/soc/sensitive_reg.h:1729,
sensitive,SENSITIVE_REGION_PMS_CONSTRAIN_1,0x108,SENSITIVE_REGION_PMS_CONSTRAIN_WORLD_0_AREA_0,0,2,RW,idf,0x3,0x3,0x3,R/W,IDF v5.5.3 soc/esp32c3/register/soc/sensitive_reg.h:1773,
sensitive,SENSITIVE_REGION_PMS_CONSTRAIN_1,0x108,SENSITIVE_REGION_PMS_CONSTRAIN_WORLD_0_AREA_1,2,2,RW,idf,0x3,0x3,0x3,R/W,IDF v5.5.3 soc/esp32c3/register/soc/sensitive_reg.h:1767,
sensitive,SENSITIVE_REGION_PMS_CONSTRAIN_1,0x108,SENSITIVE_REGION_PMS_CONSTRAIN_WORLD_0_AREA_2,4,2,RW,idf,0x3,0x3,0x3,R/W,IDF v5.5.3 soc/esp32c3/register/soc/sensitive_reg.h:1761,
sensitive,SENSITIVE_REGION_PMS_CONSTRAIN_1,0x108,SENSITIVE_REGION_PMS_CONSTRAIN_WORLD_0_AREA_3,6,2,RW,idf,0x3,0x3,0x3,R/W,IDF v5.5.3 soc/esp32c3/register/soc/sensitive_reg.h:1755,
sensitive,SENSITIVE_REGION_PMS_CONSTRAIN_1,0x108,SENSITIVE_REGION_PMS_CONSTRAIN_WORLD_0_AREA_4,8,2,RW,idf,0x3,0x3,0x3,R/W,IDF v5.5.3 soc/esp32c3/register/soc/sensitive_reg.h:1749,
sensitive,SENSITIVE_REGION_PMS_CONSTRAIN_1,0x108,SENSITIVE_REGION_PMS_CONSTRAIN_WORLD_0_AREA_5,10,2,RW,idf,0x3,0x3,0x3,R/W,IDF v5.5.3 soc/esp32c3/register/soc/sensitive_reg.h:1743,
sensitive,SENSITIVE_REGION_PMS_CONSTRAIN_1,0x108,SENSITIVE_REGION_PMS_CONSTRAIN_WORLD_0_AREA_6,12,2,RW,idf,0x3,0x3,0x3,R/W,IDF v5.5.3 soc/esp32c3/register/soc/sensitive_reg.h:1737,
sensitive,SENSITIVE_REGION_PMS_CONSTRAIN_2,0x10C,SENSITIVE_REGION_PMS_CONSTRAIN_WORLD_1_AREA_0,0,2,RW,idf,0x3,0x3,0x3,R/W,IDF v5.5.3 soc/esp32c3/register/soc/sensitive_reg.h:1817,
sensitive,SENSITIVE_REGION_PMS_CONSTRAIN_2,0x10C,SENSITIVE_REGION_PMS_CONSTRAIN_WORLD_1_AREA_1,2,2,RW,idf,0x3,0x3,0x3,R/W,IDF v5.5.3 soc/esp32c3/register/soc/sensitive_reg.h:1811,
sensitive,SENSITIVE_REGION_PMS_CONSTRAIN_2,0x10C,SENSITIVE_REGION_PMS_CONSTRAIN_WORLD_1_AREA_2,4,2,RW,idf,0x3,0x3,0x3,R/W,IDF v5.5.3 soc/esp32c3/register/soc/sensitive_reg.h:1805,
sensitive,SENSITIVE_REGION_PMS_CONSTRAIN_2,0x10C,SENSITIVE_REGION_PMS_CONSTRAIN_WORLD_1_AREA_3,6,2,RW,idf,0x3,0x3,0x3,R/W,IDF v5.5.3 soc/esp32c3/register/soc/sensitive_reg.h:1799,
sensitive,SENSITIVE_REGION_PMS_CONSTRAIN_2,0x10C,SENSITIVE_REGION_PMS_CONSTRAIN_WORLD_1_AREA_4,8,2,RW,idf,0x3,0x3,0x3,R/W,IDF v5.5.3 soc/esp32c3/register/soc/sensitive_reg.h:1793,
sensitive,SENSITIVE_REGION_PMS_CONSTRAIN_2,0x10C,SENSITIVE_REGION_PMS_CONSTRAIN_WORLD_1_AREA_5,10,2,RW,idf,0x3,0x3,0x3,R/W,IDF v5.5.3 soc/esp32c3/register/soc/sensitive_reg.h:1787,
sensitive,SENSITIVE_REGION_PMS_CONSTRAIN_2,0x10C,SENSITIVE_REGION_PMS_CONSTRAIN_WORLD_1_AREA_6,12,2,RW,idf,0x3,0x3,0x3,R/W,IDF v5.5.3 soc/esp32c3/register/soc/sensitive_reg.h:1781,
sensitive,SENSITIVE_REGION_PMS_CONSTRAIN_3,0x110,SENSITIVE_REGION_PMS_CONSTRAIN_ADDR_0,0,30,RW,idf,0x0,0x0,0x0,R/W,IDF v5.5.3 soc/esp32c3/register/soc/sensitive_reg.h:1825,
sensitive,SENSITIVE_REGION_PMS_CONSTRAIN_4,0x114,SENSITIVE_REGION_PMS_CONSTRAIN_ADDR_1,0,30,RW,idf,0x0,0x0,0x0,R/W,IDF v5.5.3 soc/esp32c3/register/soc/sensitive_reg.h:1833,
sensitive,SENSITIVE_REGION_PMS_CONSTRAIN_5,0x118,SENSITIVE_REGION_PMS_CONSTRAIN_ADDR_2,0,30,RW,idf,0x0,0x0,0x0,R/W,IDF v5.5.3 soc/esp32c3/register/soc/sensitive_reg.h:1841,
sensitive,SENSITIVE_REGION_PMS_CONSTRAIN_6,0x11C,SENSITIVE_REGION_PMS_CONSTRAIN_ADDR_3,0,30,RW,idf,0x0,0x0,0x0,R/W,IDF v5.5.3 soc/esp32c3/register/soc/sensitive_reg.h:1849,
sensitive,SENSITIVE_REGION_PMS_CONSTRAIN_7,0x120,SENSITIVE_REGION_PMS_CONSTRAIN_ADDR_4,0,30,RW,idf,0x0,0x0,0x0,R/W,IDF v5.5.3 soc/esp32c3/register/soc/sensitive_reg.h:1857,
sensitive,SENSITIVE_REGION_PMS_CONSTRAIN_8,0x124,SENSITIVE_REGION_PMS_CONSTRAIN_ADDR_5,0,30,RW,idf,0x0,0x0,0x0,R/W,IDF v5.5.3 soc/esp32c3/register/soc/sensitive_reg.h:1865,
sensitive,SENSITIVE_REGION_PMS_CONSTRAIN_9,0x128,SENSITIVE_REGION_PMS_CONSTRAIN_ADDR_6,0,30,RW,idf,0x0,0x0,0x0,R/W,IDF v5.5.3 soc/esp32c3/register/soc/sensitive_reg.h:1873,
sensitive,SENSITIVE_REGION_PMS_CONSTRAIN_10,0x12C,SENSITIVE_REGION_PMS_CONSTRAIN_ADDR_7,0,30,RW,idf,0x0,0x0,0x0,R/W,IDF v5.5.3 soc/esp32c3/register/soc/sensitive_reg.h:1881,
sensitive,SENSITIVE_CORE_0_PIF_PMS_MONITOR_0,0x130,SENSITIVE_CORE_0_PIF_PMS_MONITOR_LOCK,0,1,RW,idf,0x0,0x0,0x0,R/W,IDF v5.5.3 soc/esp32c3/register/soc/sensitive_reg.h:1889,
sensitive,SENSITIVE_CORE_0_PIF_PMS_MONITOR_1,0x134,SENSITIVE_CORE_0_PIF_PMS_MONITOR_VIOLATE_CLR,0,1,RW,idf,0x1,0x1,0x1,R/W,IDF v5.5.3 soc/esp32c3/register/soc/sensitive_reg.h:1903,
sensitive,SENSITIVE_CORE_0_PIF_PMS_MONITOR_1,0x134,SENSITIVE_CORE_0_PIF_PMS_MONITOR_VIOLATE_EN,1,1,RW,idf,0x1,0x1,0x1,R/W,IDF v5.5.3 soc/esp32c3/register/soc/sensitive_reg.h:1897,
sensitive,SENSITIVE_CORE_0_PIF_PMS_MONITOR_2,0x138,SENSITIVE_CORE_0_PIF_PMS_MONITOR_VIOLATE_INTR,0,1,RO,idf,0x0,0x0,0x0,RO,IDF v5.5.3 soc/esp32c3/register/soc/sensitive_reg.h:1935,
sensitive,SENSITIVE_CORE_0_PIF_PMS_MONITOR_2,0x138,SENSITIVE_CORE_0_PIF_PMS_MONITOR_VIOLATE_STATUS_HPORT_0,1,1,RO,idf,0x0,0x0,0x0,RO,IDF v5.5.3 soc/esp32c3/register/soc/sensitive_reg.h:1929,
sensitive,SENSITIVE_CORE_0_PIF_PMS_MONITOR_2,0x138,SENSITIVE_CORE_0_PIF_PMS_MONITOR_VIOLATE_STATUS_HSIZE,2,3,RO,idf,0x0,0x0,0x0,RO,IDF v5.5.3 soc/esp32c3/register/soc/sensitive_reg.h:1923,
sensitive,SENSITIVE_CORE_0_PIF_PMS_MONITOR_2,0x138,SENSITIVE_CORE_0_PIF_PMS_MONITOR_VIOLATE_STATUS_HWRITE,5,1,RO,idf,0x0,0x0,0x0,RO,IDF v5.5.3 soc/esp32c3/register/soc/sensitive_reg.h:1917,
sensitive,SENSITIVE_CORE_0_PIF_PMS_MONITOR_2,0x138,SENSITIVE_CORE_0_PIF_PMS_MONITOR_VIOLATE_STATUS_HWORLD,6,2,RO,idf,0x0,0x0,0x0,RO,IDF v5.5.3 soc/esp32c3/register/soc/sensitive_reg.h:1911,
sensitive,SENSITIVE_CORE_0_PIF_PMS_MONITOR_3,0x13C,SENSITIVE_CORE_0_PIF_PMS_MONITOR_VIOLATE_STATUS_HADDR,0,32,RO,idf,0x0,0x0,0x0,RO,IDF v5.5.3 soc/esp32c3/register/soc/sensitive_reg.h:1943,
sensitive,SENSITIVE_CORE_0_PIF_PMS_MONITOR_4,0x140,SENSITIVE_CORE_0_PIF_PMS_MONITOR_NONWORD_VIOLATE_CLR,0,1,RW,idf,0x1,0x1,0x1,R/W,IDF v5.5.3 soc/esp32c3/register/soc/sensitive_reg.h:1957,
sensitive,SENSITIVE_CORE_0_PIF_PMS_MONITOR_4,0x140,SENSITIVE_CORE_0_PIF_PMS_MONITOR_NONWORD_VIOLATE_EN,1,1,RW,idf,0x1,0x1,0x1,R/W,IDF v5.5.3 soc/esp32c3/register/soc/sensitive_reg.h:1951,
sensitive,SENSITIVE_CORE_0_PIF_PMS_MONITOR_5,0x144,SENSITIVE_CORE_0_PIF_PMS_MONITOR_NONWORD_VIOLATE_INTR,0,1,RO,idf,0x0,0x0,0x0,RO,IDF v5.5.3 soc/esp32c3/register/soc/sensitive_reg.h:1977,
sensitive,SENSITIVE_CORE_0_PIF_PMS_MONITOR_5,0x144,SENSITIVE_CORE_0_PIF_PMS_MONITOR_NONWORD_VIOLATE_STATUS_HSIZE,1,2,RO,idf,0x0,0x0,0x0,RO,IDF v5.5.3 soc/esp32c3/register/soc/sensitive_reg.h:1971,
sensitive,SENSITIVE_CORE_0_PIF_PMS_MONITOR_5,0x144,SENSITIVE_CORE_0_PIF_PMS_MONITOR_NONWORD_VIOLATE_STATUS_HWORLD,3,2,RO,idf,0x0,0x0,0x0,RO,IDF v5.5.3 soc/esp32c3/register/soc/sensitive_reg.h:1965,
sensitive,SENSITIVE_CORE_0_PIF_PMS_MONITOR_6,0x148,SENSITIVE_CORE_0_PIF_PMS_MONITOR_NONWORD_VIOLATE_STATUS_HADDR,0,32,RO,idf,0x0,0x0,0x0,RO,IDF v5.5.3 soc/esp32c3/register/soc/sensitive_reg.h:1985,
sensitive,SENSITIVE_BACKUP_BUS_PMS_CONSTRAIN_0,0x14C,SENSITIVE_BACKUP_BUS_PMS_CONSTRAIN_LOCK,0,1,RW,idf,0x0,0x0,0x0,R/W,IDF v5.5.3 soc/esp32c3/register/soc/sensitive_reg.h:1993,
sensitive,SENSITIVE_BACKUP_BUS_PMS_CONSTRAIN_1,0x150,SENSITIVE_BACKUP_BUS_PMS_CONSTRAIN_UART,0,2,RW,idf,0x3,0x3,0x3,R/W,IDF v5.5.3 soc/esp32c3/register/soc/sensitive_reg.h:2073,
sensitive,SENSITIVE_BACKUP_BUS_PMS_CONSTRAIN_1,0x150,SENSITIVE_BACKUP_BUS_PMS_CONSTRAIN_G0SPI_1,2,2,RW,idf,0x3,0x3,0x3,R/W,IDF v5.5.3 soc/esp32c3/register/soc/sensitive_reg.h:2067,
sensitive,SENSITIVE_BACKUP_BUS_PMS_CONSTRAIN_1,0x150,SENSITIVE_BACKUP_BUS_PMS_CONSTRAIN_G0SPI_0,4,2,RW,idf,0x3,0x3,0x3,R/W,IDF v5.5.3 soc/esp32c3/register/soc/sensitive_reg.h:2061,
sensitive,SENSITIVE_BACKUP_BUS_PMS_CONSTRAIN_1,0x150,SENSITIVE_BACKUP_BUS_PMS_CONSTRAIN_GPIO,6,2,RW,idf,0x3,0x3,0x3,R/W,IDF v5.5.3 soc/esp32c3/register/soc/sensitive_reg.h:2055,
sensitive,SENSITIVE_BACKUP_BUS_PMS_CONSTRAIN_1,0x150,SENSITIVE_BACKUP_BUS_PMS_CONSTRAIN_FE2,8,2,RW,idf,0x3,0x3,0x3,R/W,IDF v5.5.3 soc/esp32c3/register/soc/sensitive_reg.h:2049,
sensitive,SENSITIVE_BACKUP_BUS_PMS_CONSTRAIN_1,0x150,SENSITIVE_BACKUP_BUS_PMS_CONSTRAIN_FE,10,2,RW,idf,0x3,0x3,0x3,R/W,IDF v5.5.3 soc/esp32c3/register/soc/sensitive_reg.h:2043,
sensitive,SENSITIVE_BACKUP_BUS_PMS_CONSTRAIN_1,0x150,SENSITIVE_BACKUP_BUS_PMS_CONSTRAIN_TIMER,12,2,RW,idf,0x3,0x3,0x3,R/W,IDF v5.5.3 soc/esp32c3/register/soc/sensitive_reg.h:2037,
sensitive,SENSITIVE_BACKUP_BUS_PMS_CONSTRAIN_1,0x150,SENSITIVE_BACKUP_BUS_PMS_CONSTRAIN_RTC,14,2,RW,idf,0x3,0x3,0x3,R/W,IDF v5.5.3 soc/esp32c3/register/soc/sensitive_reg.h:2031,
sensitive,SENSITIVE_BACKUP_BUS_PMS_CONSTRAIN_1,0x150,SENSITIVE_BACKUP_BUS_PMS_CONSTRAIN_IO_MUX,16,2,RW,idf,0x3,0x3,0x3,R/W,IDF v5.5.3 soc/esp32c3/register/soc/sensitive_reg.h:2025,
sensitive,SENSITIVE_BACKUP_BUS_PMS_CONSTRAIN_1,0x150,SENSITIVE_BACKUP_BUS_PMS_CONSTRAIN_WDG,18,2,RW,idf,0x3,0x3,0x3,R/W,IDF v5.5.3 soc/esp32c3/register/soc/sensitive_reg.h:2019,
sensitive,SENSITIVE_BACKUP_BUS_PMS_CONSTRAIN_1,0x150,SENSITIVE_BACKUP_BUS_PMS_CONSTRAIN_MISC,24,2,RW,idf,0x3,0x3,0x3,R/W,IDF v5.5.3 soc/esp32c3/register/soc/sensitive_reg.h:2013,
sensitive,SENSITIVE_BACKUP_BUS_PMS_CONSTRAIN_1,0x150,SENSITIVE_BACKUP_BUS_PMS_CONSTRAIN_I2C,26,2,RW,idf,0x3,0x3,0x3,R/W,IDF v5.5.3 soc/esp32c3/register/soc/sensitive_reg.h:2007,
sensitive,SENSITIVE_BACKUP_BUS_PMS_CONSTRAIN_1,0x150,SENSITIVE_BACKUP_BUS_PMS_CONSTRAIN_UART1,30,2,RW,idf,0x3,0x3,0x3,R/W,IDF v5.5.3 soc/esp32c3/register/soc/sensitive_reg.h:2001,
sensitive,SENSITIVE_BACKUP_BUS_PMS_CONSTRAIN_2,0x154,SENSITIVE_BACKUP_BUS_PMS_CONSTRAIN_BT,0,2,RW,idf,0x3,0x3,0x3,R/W,IDF v5.5.3 soc/esp32c3/register/soc/sensitive_reg.h:2129,
sensitive,SENSITIVE_BACKUP_BUS_PMS_CONSTRAIN_2,0x154,SENSITIVE_BACKUP_BUS_PMS_CONSTRAIN_I2C_EXT0,4,2,RW,idf,0x3,0x3,0x3,R/W,IDF v5.5.3 soc/esp32c3/register/soc/sensitive_reg.h:2123,
sensitive,SENSITIVE_BACKUP_BUS_PMS_CONSTRAIN_2,0x154,SENSITIVE_BACKUP_BUS_PMS_CONSTRAIN_UHCI0,6,2,RW,idf,0x3,0x3,0x3,R/W,IDF v5.5.3 soc/esp32c3/register/soc/sensitive_reg.h:2117,
sensitive,SENSITIVE_BACKUP_BUS_PMS_CONSTRAIN_2,0x154,SENSITIVE_BACKUP_BUS_PMS_CONSTRAIN_RMT,10,2,RW,idf,0x3,0x3,0x3,R/W,IDF v5.5.3 soc/esp32c3/register/soc/sensitive_reg.h:2111,
sensitive,SENSITIVE_BACKUP_BUS_PMS_CONSTRAIN_2,0x154,SENSITIVE_BACKUP_BUS_PMS_CONSTRAIN_LEDC,16,2,RW,idf,0x3,0x3,0x3,R/W,IDF v5.5.3 soc/esp32c3/register/soc/sensitive_reg.h:2105,
sensitive,SENSITIVE_BACKUP_BUS_PMS_CONSTRAIN_2,0x154,SENSITIVE_BACKUP_BUS_PMS_CONSTRAIN_BB,22,2,RW,idf,0x3,0x3,0x3,R/W,IDF v5.5.3 soc/esp32c3/register/soc/sensitive_reg.h:2099,
sensitive,SENSITIVE_BACKUP_BUS_PMS_CONSTRAIN_2,0x154,SENSITIVE_BACKUP_BUS_PMS_CONSTRAIN_TIMERGROUP,26,2,RW,idf,0x3,0x3,0x3,R/W,IDF v5.5.3 soc/esp32c3/register/soc/sensitive_reg.h:2093,
sensitive,SENSITIVE_BACKUP_BUS_PMS_CONSTRAIN_2,0x154,SENSITIVE_BACKUP_BUS_PMS_CONSTRAIN_TIMERGROUP1,28,2,RW,idf,0x3,0x3,0x3,R/W,IDF v5.5.3 soc/esp32c3/register/soc/sensitive_reg.h:2087,
sensitive,SENSITIVE_BACKUP_BUS_PMS_CONSTRAIN_2,0x154,SENSITIVE_BACKUP_BUS_PMS_CONSTRAIN_SYSTIMER,30,2,RW,idf,0x3,0x3,0x3,R/W,IDF v5.5.3 soc/esp32c3/register/soc/sensitive_reg.h:2081,
sensitive,SENSITIVE_BACKUP_BUS_PMS_CONSTRAIN_3,0x158,SENSITIVE_BACKUP_BUS_PMS_CONSTRAIN_SPI_2,0,2,RW,idf,0x3,0x3,0x3,R/W,IDF v5.5.3 soc/esp32c3/register/soc/sensitive_reg.h:2173,
sensitive,SENSITIVE_BACKUP_BUS_PMS_CONSTRAIN_3,0x158,SENSITIVE_BACKUP_BUS_PMS_CONSTRAIN_APB_CTRL,4,2,RW,idf,0x3,0x3,0x3,R/W,IDF v5.5.3 soc/esp32c3/register/soc/sensitive_reg.h:2167,
sensitive,SENSITIVE_BACKUP_BUS_PMS_CONSTRAIN_3,0x158,SENSITIVE_BACKUP_BUS_PMS_CONSTRAIN_CAN,10,2,RW,idf,0x3,0x3,0x3,R/W,IDF v5.5.3 soc/esp32c3/register/soc/sensitive_reg.h:2161,
sensitive,SENSITIVE_BACKUP_BUS_PMS_CONSTRAIN_3,0x158,SENSITIVE_BACKUP_BUS_PMS_CONSTRAIN_I2S0,14,2,RW,idf,0x3,0x3,0x3,R/W,IDF v5.5.3 soc/esp32c3/register/soc/sensitive_reg.h:2155,
sensitive,SENSITIVE_BACKUP_BUS_PMS_CONSTRAIN_3,0x158,SENSITIVE_BACKUP_BUS_PMS_CONSTRAIN_RWBT,22,2,RW,idf,0x3,0x3,0x3,R/W,IDF v5.5.3 soc/esp32c3/register/soc/sensitive_reg.h:2149,
sensitive,SENSITIVE_BACKUP_BUS_PMS_CONSTRAIN_3,0x158,SENSITIVE_BACKUP_BUS_PMS_CONSTRAIN_WIFIMAC,26,2,RW,idf,0x3,0x3,0x3,R/W,IDF v5.5.3 soc/esp32c3/register/soc/sensitive_reg.h:2143,
sensitive,SENSITIVE_BACKUP_BUS_PMS_CONSTRAIN_3,0x158,SENSITIVE_BACKUP_BUS_PMS_CONSTRAIN_PWR,28,2,RW,idf,0x3,0x3,0x3,R/W,IDF v5.5.3 soc/esp32c3/register/soc/sensitive_reg.h:2137,
sensitive,SENSITIVE_BACKUP_BUS_PMS_CONSTRAIN_4,0x15C,SENSITIVE_BACKUP_BUS_PMS_CONSTRAIN_USB_WRAP,2,2,RW,idf,0x3,0x3,0x3,R/W,IDF v5.5.3 soc/esp32c3/register/soc/sensitive_reg.h:2211,
sensitive,SENSITIVE_BACKUP_BUS_PMS_CONSTRAIN_4,0x15C,SENSITIVE_BACKUP_BUS_PMS_CONSTRAIN_CRYPTO_PERI,4,2,RW,idf,0x3,0x3,0x3,R/W,IDF v5.5.3 soc/esp32c3/register/soc/sensitive_reg.h:2205,
sensitive,SENSITIVE_BACKUP_BUS_PMS_CONSTRAIN_4,0x15C,SENSITIVE_BACKUP_BUS_PMS_CONSTRAIN_CRYPTO_DMA,6,2,RW,idf,0x3,0x3,0x3,R/W,IDF v5.5.3 soc/esp32c3/register/soc/sensitive_reg.h:2199,
sensitive,SENSITIVE_BACKUP_BUS_PMS_CONSTRAIN_4,0x15C,SENSITIVE_BACKUP_BUS_PMS_CONSTRAIN_APB_ADC,8,2,RW,idf,0x3,0x3,0x3,R/W,IDF v5.5.3 soc/esp32c3/register/soc/sensitive_reg.h:2193,
sensitive,SENSITIVE_BACKUP_BUS_PMS_CONSTRAIN_4,0x15C,SENSITIVE_BACKUP_BUS_PMS_CONSTRAIN_BT_PWR,12,2,RW,idf,0x3,0x3,0x3,R/W,IDF v5.5.3 soc/esp32c3/register/soc/sensitive_reg.h:2187,
sensitive,SENSITIVE_BACKUP_BUS_PMS_CONSTRAIN_4,0x15C,SENSITIVE_BACKUP_BUS_PMS_CONSTRAIN_USB_DEVICE,14,2,RW,idf,0x3,0x3,0x3,R/W,IDF v5.5.3 soc/esp32c3/register/soc/sensitive_reg.h:2181,
sensitive,SENSITIVE_BACKUP_BUS_PMS_MONITOR_0,0x160,SENSITIVE_BACKUP_BUS_PMS_MONITOR_LOCK,0,1,RW,idf,0x0,0x0,0x0,R/W,IDF v5.5.3 soc/esp32c3/register/soc/sensitive_reg.h:2219,
sensitive,SENSITIVE_BACKUP_BUS_PMS_MONITOR_1,0x164,SENSITIVE_BACKUP_BUS_PMS_MONITOR_VIOLATE_CLR,0,1,RW,idf,0x1,0x1,0x1,R/W,IDF v5.5.3 soc/esp32c3/register/soc/sensitive_reg.h:2233,
sensitive,SENSITIVE_BACKUP_BUS_PMS_MONITOR_1,0x164,SENSITIVE_BACKUP_BUS_PMS_MONITOR_VIOLATE_EN,1,1,RW,idf,0x1,0x1,0x1,R/W,IDF v5.5.3 soc/esp32c3/register/soc/sensitive_reg.h:2227,
sensitive,SENSITIVE_BACKUP_BUS_PMS_MONITOR_2,0x168,SENSITIVE_BACKUP_BUS_PMS_MONITOR_VIOLATE_INTR,0,1,RO,idf,0x0,0x0,0x0,RO,IDF v5.5.3 soc/esp32c3/register/soc/sensitive_reg.h:2259,
sensitive,SENSITIVE_BACKUP_BUS_PMS_MONITOR_2,0x168,SENSITIVE_BACKUP_BUS_PMS_MONITOR_VIOLATE_STATUS_HTRANS,1,2,RO,idf,0x0,0x0,0x0,RO,IDF v5.5.3 soc/esp32c3/register/soc/sensitive_reg.h:2253,
sensitive,SENSITIVE_BACKUP_BUS_PMS_MONITOR_2,0x168,SENSITIVE_BACKUP_BUS_PMS_MONITOR_VIOLATE_STATUS_HSIZE,3,3,RO,idf,0x0,0x0,0x0,RO,IDF v5.5.3 soc/esp32c3/register/soc/sensitive_reg.h:2247,
sensitive,SENSITIVE_BACKUP_BUS_PMS_MONITOR_2,0x168,SENSITIVE_BACKUP_BUS_PMS_MONITOR_VIOLATE_STATUS_HWRITE,6,1,RO,idf,0x0,0x0,0x0,RO,IDF v5.5.3 soc/esp32c3/register/soc/sensitive_reg.h:2241,
sensitive,SENSITIVE_BACKUP_BUS_PMS_MONITOR_3,0x16C,SENSITIVE_BACKUP_BUS_PMS_MONITOR_VIOLATE_HADDR,0,32,RO,idf,0x0,0x0,0x0,RO,IDF v5.5.3 soc/esp32c3/register/soc/sensitive_reg.h:2267,
sensitive,SENSITIVE_CLOCK_GATE,0x170,SENSITIVE_CLK_EN,0,1,RW,idf,0x1,0x1,0x1,R/W,IDF v5.5.3 soc/esp32c3/register/soc/sensitive_reg.h:2275,
sensitive,SENSITIVE_DATE,0xFFC,SENSITIVE_DATE,0,28,RW,idf,0x2010200,0x2010200,0x2010200,R/W,IDF v5.5.3 soc/esp32c3/register/soc/sensitive_reg.h:2283,
intc,INTERRUPT_CORE0_MAC_INTR_MAP,0x000,INTERRUPT_CORE0_MAC_INTR_MAP,0,5,RW,idf,0x0,0x0,0x0,R/W,IDF v5.5.3 soc/esp32c3/register/soc/interrupt_core0_reg.h:18,
intc,INTERRUPT_CORE0_MAC_NMI_MAP,0x004,INTERRUPT_CORE0_MAC_NMI_MAP,0,5,RW,idf,0x0,0x0,0x0,R/W,IDF v5.5.3 soc/esp32c3/register/soc/interrupt_core0_reg.h:26,
intc,INTERRUPT_CORE0_PWR_INTR_MAP,0x008,INTERRUPT_CORE0_PWR_INTR_MAP,0,5,RW,idf,0x0,0x0,0x0,R/W,IDF v5.5.3 soc/esp32c3/register/soc/interrupt_core0_reg.h:34,
intc,INTERRUPT_CORE0_BB_INT_MAP,0x00C,INTERRUPT_CORE0_BB_INT_MAP,0,5,RW,idf,0x0,0x0,0x0,R/W,IDF v5.5.3 soc/esp32c3/register/soc/interrupt_core0_reg.h:42,
intc,INTERRUPT_CORE0_BT_MAC_INT_MAP,0x010,INTERRUPT_CORE0_BT_MAC_INT_MAP,0,5,RW,idf,0x0,0x0,0x0,R/W,IDF v5.5.3 soc/esp32c3/register/soc/interrupt_core0_reg.h:50,
intc,INTERRUPT_CORE0_BT_BB_INT_MAP,0x014,INTERRUPT_CORE0_BT_BB_INT_MAP,0,5,RW,idf,0x0,0x0,0x0,R/W,IDF v5.5.3 soc/esp32c3/register/soc/interrupt_core0_reg.h:58,
intc,INTERRUPT_CORE0_BT_BB_NMI_MAP,0x018,INTERRUPT_CORE0_BT_BB_NMI_MAP,0,5,RW,idf,0x0,0x0,0x0,R/W,IDF v5.5.3 soc/esp32c3/register/soc/interrupt_core0_reg.h:66,
intc,INTERRUPT_CORE0_RWBT_IRQ_MAP,0x01C,INTERRUPT_CORE0_RWBT_IRQ_MAP,0,5,RW,idf,0x0,0x0,0x0,R/W,IDF v5.5.3 soc/esp32c3/register/soc/interrupt_core0_reg.h:74,
intc,INTERRUPT_CORE0_RWBLE_IRQ_MAP,0x020,INTERRUPT_CORE0_RWBLE_IRQ_MAP,0,5,RW,idf,0x0,0x0,0x0,R/W,IDF v5.5.3 soc/esp32c3/register/soc/interrupt_core0_reg.h:82,
intc,INTERRUPT_CORE0_RWBT_NMI_MAP,0x024,INTERRUPT_CORE0_RWBT_NMI_MAP,0,5,RW,idf,0x0,0x0,0x0,R/W,IDF v5.5.3 soc/esp32c3/register/soc/interrupt_core0_reg.h:90,
intc,INTERRUPT_CORE0_RWBLE_NMI_MAP,0x028,INTERRUPT_CORE0_RWBLE_NMI_MAP,0,5,RW,idf,0x0,0x0,0x0,R/W,IDF v5.5.3 soc/esp32c3/register/soc/interrupt_core0_reg.h:98,
intc,INTERRUPT_CORE0_I2C_MST_INT_MAP,0x02C,INTERRUPT_CORE0_I2C_MST_INT_MAP,0,5,RW,idf,0x0,0x0,0x0,R/W,IDF v5.5.3 soc/esp32c3/register/soc/interrupt_core0_reg.h:106,
intc,INTERRUPT_CORE0_SLC0_INTR_MAP,0x030,INTERRUPT_CORE0_SLC0_INTR_MAP,0,5,RW,idf,0x0,0x0,0x0,R/W,IDF v5.5.3 soc/esp32c3/register/soc/interrupt_core0_reg.h:114,
intc,INTERRUPT_CORE0_SLC1_INTR_MAP,0x034,INTERRUPT_CORE0_SLC1_INTR_MAP,0,5,RW,idf,0x0,0x0,0x0,R/W,IDF v5.5.3 soc/esp32c3/register/soc/interrupt_core0_reg.h:122,
intc,INTERRUPT_CORE0_APB_CTRL_INTR_MAP,0x038,INTERRUPT_CORE0_APB_CTRL_INTR_MAP,0,5,RW,idf,0x0,0x0,0x0,R/W,IDF v5.5.3 soc/esp32c3/register/soc/interrupt_core0_reg.h:130,
intc,INTERRUPT_CORE0_UHCI0_INTR_MAP,0x03C,INTERRUPT_CORE0_UHCI0_INTR_MAP,0,5,RW,idf,0x0,0x0,0x0,R/W,IDF v5.5.3 soc/esp32c3/register/soc/interrupt_core0_reg.h:138,
intc,INTERRUPT_CORE0_GPIO_INTERRUPT_PRO_MAP,0x040,INTERRUPT_CORE0_GPIO_INTERRUPT_PRO_MAP,0,5,RW,idf,0x0,0x0,0x0,R/W,IDF v5.5.3 soc/esp32c3/register/soc/interrupt_core0_reg.h:146,
intc,INTERRUPT_CORE0_GPIO_INTERRUPT_PRO_NMI_MAP,0x044,INTERRUPT_CORE0_GPIO_INTERRUPT_PRO_NMI_MAP,0,5,RW,idf,0x0,0x0,0x0,R/W,IDF v5.5.3 soc/esp32c3/register/soc/interrupt_core0_reg.h:154,
intc,INTERRUPT_CORE0_SPI_INTR_1_MAP,0x048,INTERRUPT_CORE0_SPI_INTR_1_MAP,0,5,RW,idf,0x0,0x0,0x0,R/W,IDF v5.5.3 soc/esp32c3/register/soc/interrupt_core0_reg.h:162,
intc,INTERRUPT_CORE0_SPI_INTR_2_MAP,0x04C,INTERRUPT_CORE0_SPI_INTR_2_MAP,0,5,RW,idf,0x0,0x0,0x0,R/W,IDF v5.5.3 soc/esp32c3/register/soc/interrupt_core0_reg.h:170,
intc,INTERRUPT_CORE0_I2S_INT_MAP,0x050,INTERRUPT_CORE0_I2S_INT_MAP,0,5,RW,idf,0x0,0x0,0x0,R/W,IDF v5.5.3 soc/esp32c3/register/soc/interrupt_core0_reg.h:178,
intc,INTERRUPT_CORE0_UART_INTR_MAP,0x054,INTERRUPT_CORE0_UART_INTR_MAP,0,5,RW,idf,0x0,0x0,0x0,R/W,IDF v5.5.3 soc/esp32c3/register/soc/interrupt_core0_reg.h:186,
intc,INTERRUPT_CORE0_UART1_INTR_MAP,0x058,INTERRUPT_CORE0_UART1_INTR_MAP,0,5,RW,idf,0x0,0x0,0x0,R/W,IDF v5.5.3 soc/esp32c3/register/soc/interrupt_core0_reg.h:194,
intc,INTERRUPT_CORE0_LEDC_INT_MAP,0x05C,INTERRUPT_CORE0_LEDC_INT_MAP,0,5,RW,idf,0x0,0x0,0x0,R/W,IDF v5.5.3 soc/esp32c3/register/soc/interrupt_core0_reg.h:202,
intc,INTERRUPT_CORE0_EFUSE_INT_MAP,0x060,INTERRUPT_CORE0_EFUSE_INT_MAP,0,5,RW,idf,0x0,0x0,0x0,R/W,IDF v5.5.3 soc/esp32c3/register/soc/interrupt_core0_reg.h:210,
intc,INTERRUPT_CORE0_CAN_INT_MAP,0x064,INTERRUPT_CORE0_CAN_INT_MAP,0,5,RW,idf,0x0,0x0,0x0,R/W,IDF v5.5.3 soc/esp32c3/register/soc/interrupt_core0_reg.h:218,
intc,INTERRUPT_CORE0_USB_INTR_MAP,0x068,INTERRUPT_CORE0_USB_INTR_MAP,0,5,RW,idf,0x0,0x0,0x0,R/W,IDF v5.5.3 soc/esp32c3/register/soc/interrupt_core0_reg.h:226,
intc,INTERRUPT_CORE0_RTC_CORE_INTR_MAP,0x06C,INTERRUPT_CORE0_RTC_CORE_INTR_MAP,0,5,RW,idf,0x0,0x0,0x0,R/W,IDF v5.5.3 soc/esp32c3/register/soc/interrupt_core0_reg.h:234,
intc,INTERRUPT_CORE0_RMT_INTR_MAP,0x070,INTERRUPT_CORE0_RMT_INTR_MAP,0,5,RW,idf,0x0,0x0,0x0,R/W,IDF v5.5.3 soc/esp32c3/register/soc/interrupt_core0_reg.h:242,
intc,INTERRUPT_CORE0_I2C_EXT0_INTR_MAP,0x074,INTERRUPT_CORE0_I2C_EXT0_INTR_MAP,0,5,RW,idf,0x0,0x0,0x0,R/W,IDF v5.5.3 soc/esp32c3/register/soc/interrupt_core0_reg.h:250,
intc,INTERRUPT_CORE0_TIMER_INT1_MAP,0x078,INTERRUPT_CORE0_TIMER_INT1_MAP,0,5,RW,idf,0x0,0x0,0x0,R/W,IDF v5.5.3 soc/esp32c3/register/soc/interrupt_core0_reg.h:258,
intc,INTERRUPT_CORE0_TIMER_INT2_MAP,0x07C,INTERRUPT_CORE0_TIMER_INT2_MAP,0,5,RW,idf,0x0,0x0,0x0,R/W,IDF v5.5.3 soc/esp32c3/register/soc/interrupt_core0_reg.h:266,
intc,INTERRUPT_CORE0_TG_T0_INT_MAP,0x080,INTERRUPT_CORE0_TG_T0_INT_MAP,0,5,RW,idf,0x0,0x0,0x0,R/W,IDF v5.5.3 soc/esp32c3/register/soc/interrupt_core0_reg.h:274,
intc,INTERRUPT_CORE0_TG_WDT_INT_MAP,0x084,INTERRUPT_CORE0_TG_WDT_INT_MAP,0,5,RW,idf,0x0,0x0,0x0,R/W,IDF v5.5.3 soc/esp32c3/register/soc/interrupt_core0_reg.h:282,
intc,INTERRUPT_CORE0_TG1_T0_INT_MAP,0x088,INTERRUPT_CORE0_TG1_T0_INT_MAP,0,5,RW,idf,0x0,0x0,0x0,R/W,IDF v5.5.3 soc/esp32c3/register/soc/interrupt_core0_reg.h:290,
intc,INTERRUPT_CORE0_TG1_WDT_INT_MAP,0x08C,INTERRUPT_CORE0_TG1_WDT_INT_MAP,0,5,RW,idf,0x0,0x0,0x0,R/W,IDF v5.5.3 soc/esp32c3/register/soc/interrupt_core0_reg.h:298,
intc,INTERRUPT_CORE0_CACHE_IA_INT_MAP,0x090,INTERRUPT_CORE0_CACHE_IA_INT_MAP,0,5,RW,idf,0x0,0x0,0x0,R/W,IDF v5.5.3 soc/esp32c3/register/soc/interrupt_core0_reg.h:306,
intc,INTERRUPT_CORE0_SYSTIMER_TARGET0_INT_MAP,0x094,INTERRUPT_CORE0_SYSTIMER_TARGET0_INT_MAP,0,5,RW,idf,0x0,0x0,0x0,R/W,IDF v5.5.3 soc/esp32c3/register/soc/interrupt_core0_reg.h:314,
intc,INTERRUPT_CORE0_SYSTIMER_TARGET1_INT_MAP,0x098,INTERRUPT_CORE0_SYSTIMER_TARGET1_INT_MAP,0,5,RW,idf,0x0,0x0,0x0,R/W,IDF v5.5.3 soc/esp32c3/register/soc/interrupt_core0_reg.h:322,
intc,INTERRUPT_CORE0_SYSTIMER_TARGET2_INT_MAP,0x09C,INTERRUPT_CORE0_SYSTIMER_TARGET2_INT_MAP,0,5,RW,idf,0x0,0x0,0x0,R/W,IDF v5.5.3 soc/esp32c3/register/soc/interrupt_core0_reg.h:330,
intc,INTERRUPT_CORE0_SPI_MEM_REJECT_INTR_MAP,0x0A0,INTERRUPT_CORE0_SPI_MEM_REJECT_INTR_MAP,0,5,RW,idf,0x0,0x0,0x0,R/W,IDF v5.5.3 soc/esp32c3/register/soc/interrupt_core0_reg.h:338,
intc,INTERRUPT_CORE0_ICACHE_PRELOAD_INT_MAP,0x0A4,INTERRUPT_CORE0_ICACHE_PRELOAD_INT_MAP,0,5,RW,idf,0x0,0x0,0x0,R/W,IDF v5.5.3 soc/esp32c3/register/soc/interrupt_core0_reg.h:346,
intc,INTERRUPT_CORE0_ICACHE_SYNC_INT_MAP,0x0A8,INTERRUPT_CORE0_ICACHE_SYNC_INT_MAP,0,5,RW,idf,0x0,0x0,0x0,R/W,IDF v5.5.3 soc/esp32c3/register/soc/interrupt_core0_reg.h:354,
intc,INTERRUPT_CORE0_APB_ADC_INT_MAP,0x0AC,INTERRUPT_CORE0_APB_ADC_INT_MAP,0,5,RW,idf,0x0,0x0,0x0,R/W,IDF v5.5.3 soc/esp32c3/register/soc/interrupt_core0_reg.h:362,
intc,INTERRUPT_CORE0_DMA_CH0_INT_MAP,0x0B0,INTERRUPT_CORE0_DMA_CH0_INT_MAP,0,5,RW,idf,0x0,0x0,0x0,R/W,IDF v5.5.3 soc/esp32c3/register/soc/interrupt_core0_reg.h:370,
intc,INTERRUPT_CORE0_DMA_CH1_INT_MAP,0x0B4,INTERRUPT_CORE0_DMA_CH1_INT_MAP,0,5,RW,idf,0x0,0x0,0x0,R/W,IDF v5.5.3 soc/esp32c3/register/soc/interrupt_core0_reg.h:378,
intc,INTERRUPT_CORE0_DMA_CH2_INT_MAP,0x0B8,INTERRUPT_CORE0_DMA_CH2_INT_MAP,0,5,RW,idf,0x0,0x0,0x0,R/W,IDF v5.5.3 soc/esp32c3/register/soc/interrupt_core0_reg.h:386,
intc,INTERRUPT_CORE0_RSA_INT_MAP,0x0BC,INTERRUPT_CORE0_RSA_INT_MAP,0,5,RW,idf,0x0,0x0,0x0,R/W,IDF v5.5.3 soc/esp32c3/register/soc/interrupt_core0_reg.h:394,
intc,INTERRUPT_CORE0_AES_INT_MAP,0x0C0,INTERRUPT_CORE0_AES_INT_MAP,0,5,RW,idf,0x0,0x0,0x0,R/W,IDF v5.5.3 soc/esp32c3/register/soc/interrupt_core0_reg.h:402,
intc,INTERRUPT_CORE0_SHA_INT_MAP,0x0C4,INTERRUPT_CORE0_SHA_INT_MAP,0,5,RW,idf,0x0,0x0,0x0,R/W,IDF v5.5.3 soc/esp32c3/register/soc/interrupt_core0_reg.h:410,
intc,INTERRUPT_CORE0_CPU_INTR_FROM_CPU_0_MAP,0x0C8,INTERRUPT_CORE0_CPU_INTR_FROM_CPU_0_MAP,0,5,RW,idf,0x0,0x0,0x0,R/W,IDF v5.5.3 soc/esp32c3/register/soc/interrupt_core0_reg.h:418,
intc,INTERRUPT_CORE0_CPU_INTR_FROM_CPU_1_MAP,0x0CC,INTERRUPT_CORE0_CPU_INTR_FROM_CPU_1_MAP,0,5,RW,idf,0x0,0x0,0x0,R/W,IDF v5.5.3 soc/esp32c3/register/soc/interrupt_core0_reg.h:426,
intc,INTERRUPT_CORE0_CPU_INTR_FROM_CPU_2_MAP,0x0D0,INTERRUPT_CORE0_CPU_INTR_FROM_CPU_2_MAP,0,5,RW,idf,0x0,0x0,0x0,R/W,IDF v5.5.3 soc/esp32c3/register/soc/interrupt_core0_reg.h:434,
intc,INTERRUPT_CORE0_CPU_INTR_FROM_CPU_3_MAP,0x0D4,INTERRUPT_CORE0_CPU_INTR_FROM_CPU_3_MAP,0,5,RW,idf,0x0,0x0,0x0,R/W,IDF v5.5.3 soc/esp32c3/register/soc/interrupt_core0_reg.h:442,
intc,INTERRUPT_CORE0_ASSIST_DEBUG_INTR_MAP,0x0D8,INTERRUPT_CORE0_ASSIST_DEBUG_INTR_MAP,0,5,RW,idf,0x0,0x0,0x0,R/W,IDF v5.5.3 soc/esp32c3/register/soc/interrupt_core0_reg.h:450,
intc,INTERRUPT_CORE0_DMA_APBPERI_PMS_MONITOR_VIOLATE_INTR_MAP,0x0DC,INTERRUPT_CORE0_DMA_APBPERI_PMS_MONITOR_VIOLATE_INTR_MAP,0,5,RW,idf,0x0,0x0,0x0,R/W,IDF v5.5.3 soc/esp32c3/register/soc/interrupt_core0_reg.h:458,
intc,INTERRUPT_CORE0_CORE_0_IRAM0_PMS_MONITOR_VIOLATE_INTR_MAP,0x0E0,INTERRUPT_CORE0_CORE_0_IRAM0_PMS_MONITOR_VIOLATE_INTR_MAP,0,5,RW,idf,0x0,0x0,0x0,R/W,IDF v5.5.3 soc/esp32c3/register/soc/interrupt_core0_reg.h:466,
intc,INTERRUPT_CORE0_CORE_0_DRAM0_PMS_MONITOR_VIOLATE_INTR_MAP,0x0E4,INTERRUPT_CORE0_CORE_0_DRAM0_PMS_MONITOR_VIOLATE_INTR_MAP,0,5,RW,idf,0x0,0x0,0x0,R/W,IDF v5.5.3 soc/esp32c3/register/soc/interrupt_core0_reg.h:474,
intc,INTERRUPT_CORE0_CORE_0_PIF_PMS_MONITOR_VIOLATE_INTR_MAP,0x0E8,INTERRUPT_CORE0_CORE_0_PIF_PMS_MONITOR_VIOLATE_INTR_MAP,0,5,RW,idf,0x0,0x0,0x0,R/W,IDF v5.5.3 soc/esp32c3/register/soc/interrupt_core0_reg.h:482,
intc,INTERRUPT_CORE0_CORE_0_PIF_PMS_MONITOR_VIOLATE_SIZE_INTR_MAP,0x0EC,INTERRUPT_CORE0_CORE_0_PIF_PMS_MONITOR_VIOLATE_SIZE_INTR_MAP,0,5,RW,idf,0x0,0x0,0x0,R/W,IDF v5.5.3 soc/esp32c3/register/soc/interrupt_core0_reg.h:490,
intc,INTERRUPT_CORE0_BACKUP_PMS_VIOLATE_INTR_MAP,0x0F0,INTERRUPT_CORE0_BACKUP_PMS_VIOLATE_INTR_MAP,0,5,RW,idf,0x0,0x0,0x0,R/W,IDF v5.5.3 soc/esp32c3/register/soc/interrupt_core0_reg.h:498,
intc,INTERRUPT_CORE0_CACHE_CORE0_ACS_INT_MAP,0x0F4,INTERRUPT_CORE0_CACHE_CORE0_ACS_INT_MAP,0,5,RW,idf,0x0,0x0,0x0,R/W,IDF v5.5.3 soc/esp32c3/register/soc/interrupt_core0_reg.h:506,
intc,INTERRUPT_CORE0_INTR_STATUS_0,0x0F8,INTERRUPT_CORE0_INTR_STATUS_0,0,32,RO,idf,0x0,0x0,0x0,RO,IDF v5.5.3 soc/esp32c3/register/soc/interrupt_core0_reg.h:514,
intc,INTERRUPT_CORE0_INTR_STATUS_1,0x0FC,INTERRUPT_CORE0_INTR_STATUS_1,0,32,RO,idf,0x0,0x0,0x0,RO,IDF v5.5.3 soc/esp32c3/register/soc/interrupt_core0_reg.h:522,
intc,INTERRUPT_CORE0_CLOCK_GATE,0x100,INTERRUPT_CORE0_CLK_EN,0,1,RW,idf,0x1,0x1,0x1,R/W,IDF v5.5.3 soc/esp32c3/register/soc/interrupt_core0_reg.h:530,
intc,INTERRUPT_CORE0_CPU_INT_ENABLE,0x104,INTERRUPT_CORE0_CPU_INT_ENABLE,0,32,RW,idf,0x0,0x0,0x0,R/W,IDF v5.5.3 soc/esp32c3/register/soc/interrupt_core0_reg.h:538,
intc,INTERRUPT_CORE0_CPU_INT_TYPE,0x108,INTERRUPT_CORE0_CPU_INT_TYPE,0,32,RW,idf,0x0,0x0,0x0,R/W,IDF v5.5.3 soc/esp32c3/register/soc/interrupt_core0_reg.h:546,
intc,INTERRUPT_CORE0_CPU_INT_CLEAR,0x10C,INTERRUPT_CORE0_CPU_INT_CLEAR,0,32,RW,idf,0x0,0x0,0x0,R/W,IDF v5.5.3 soc/esp32c3/register/soc/interrupt_core0_reg.h:554,
intc,INTERRUPT_CORE0_CPU_INT_EIP_STATUS,0x110,INTERRUPT_CORE0_CPU_INT_EIP_STATUS,0,32,RO,idf,0x0,0x0,0x0,RO,IDF v5.5.3 soc/esp32c3/register/soc/interrupt_core0_reg.h:562,
intc,INTERRUPT_CORE0_CPU_INT_PRI_0,0x114,INTERRUPT_CORE0_CPU_PRI_0_MAP,0,4,RW,idf,0x0,0x0,0x0,R/W,IDF v5.5.3 soc/esp32c3/register/soc/interrupt_core0_reg.h:570,
intc,INTERRUPT_CORE0_CPU_INT_PRI_1,0x118,INTERRUPT_CORE0_CPU_PRI_1_MAP,0,4,RW,idf,0x0,0x0,0x0,R/W,IDF v5.5.3 soc/esp32c3/register/soc/interrupt_core0_reg.h:578,
intc,INTERRUPT_CORE0_CPU_INT_PRI_2,0x11C,INTERRUPT_CORE0_CPU_PRI_2_MAP,0,4,RW,idf,0x0,0x0,0x0,R/W,IDF v5.5.3 soc/esp32c3/register/soc/interrupt_core0_reg.h:586,
intc,INTERRUPT_CORE0_CPU_INT_PRI_3,0x120,INTERRUPT_CORE0_CPU_PRI_3_MAP,0,4,RW,idf,0x0,0x0,0x0,R/W,IDF v5.5.3 soc/esp32c3/register/soc/interrupt_core0_reg.h:594,
intc,INTERRUPT_CORE0_CPU_INT_PRI_4,0x124,INTERRUPT_CORE0_CPU_PRI_4_MAP,0,4,RW,idf,0x0,0x0,0x0,R/W,IDF v5.5.3 soc/esp32c3/register/soc/interrupt_core0_reg.h:602,
intc,INTERRUPT_CORE0_CPU_INT_PRI_5,0x128,INTERRUPT_CORE0_CPU_PRI_5_MAP,0,4,RW,idf,0x0,0x0,0x0,R/W,IDF v5.5.3 soc/esp32c3/register/soc/interrupt_core0_reg.h:610,
intc,INTERRUPT_CORE0_CPU_INT_PRI_6,0x12C,INTERRUPT_CORE0_CPU_PRI_6_MAP,0,4,RW,idf,0x0,0x0,0x0,R/W,IDF v5.5.3 soc/esp32c3/register/soc/interrupt_core0_reg.h:618,
intc,INTERRUPT_CORE0_CPU_INT_PRI_7,0x130,INTERRUPT_CORE0_CPU_PRI_7_MAP,0,4,RW,idf,0x0,0x0,0x0,R/W,IDF v5.5.3 soc/esp32c3/register/soc/interrupt_core0_reg.h:626,
intc,INTERRUPT_CORE0_CPU_INT_PRI_8,0x134,INTERRUPT_CORE0_CPU_PRI_8_MAP,0,4,RW,idf,0x0,0x0,0x0,R/W,IDF v5.5.3 soc/esp32c3/register/soc/interrupt_core0_reg.h:634,
intc,INTERRUPT_CORE0_CPU_INT_PRI_9,0x138,INTERRUPT_CORE0_CPU_PRI_9_MAP,0,4,RW,idf,0x0,0x0,0x0,R/W,IDF v5.5.3 soc/esp32c3/register/soc/interrupt_core0_reg.h:642,
intc,INTERRUPT_CORE0_CPU_INT_PRI_10,0x13C,INTERRUPT_CORE0_CPU_PRI_10_MAP,0,4,RW,idf,0x0,0x0,0x0,R/W,IDF v5.5.3 soc/esp32c3/register/soc/interrupt_core0_reg.h:650,
intc,INTERRUPT_CORE0_CPU_INT_PRI_11,0x140,INTERRUPT_CORE0_CPU_PRI_11_MAP,0,4,RW,idf,0x0,0x0,0x0,R/W,IDF v5.5.3 soc/esp32c3/register/soc/interrupt_core0_reg.h:658,
intc,INTERRUPT_CORE0_CPU_INT_PRI_12,0x144,INTERRUPT_CORE0_CPU_PRI_12_MAP,0,4,RW,idf,0x0,0x0,0x0,R/W,IDF v5.5.3 soc/esp32c3/register/soc/interrupt_core0_reg.h:666,
intc,INTERRUPT_CORE0_CPU_INT_PRI_13,0x148,INTERRUPT_CORE0_CPU_PRI_13_MAP,0,4,RW,idf,0x0,0x0,0x0,R/W,IDF v5.5.3 soc/esp32c3/register/soc/interrupt_core0_reg.h:674,
intc,INTERRUPT_CORE0_CPU_INT_PRI_14,0x14C,INTERRUPT_CORE0_CPU_PRI_14_MAP,0,4,RW,idf,0x0,0x0,0x0,R/W,IDF v5.5.3 soc/esp32c3/register/soc/interrupt_core0_reg.h:682,
intc,INTERRUPT_CORE0_CPU_INT_PRI_15,0x150,INTERRUPT_CORE0_CPU_PRI_15_MAP,0,4,RW,idf,0x0,0x0,0x0,R/W,IDF v5.5.3 soc/esp32c3/register/soc/interrupt_core0_reg.h:690,
intc,INTERRUPT_CORE0_CPU_INT_PRI_16,0x154,INTERRUPT_CORE0_CPU_PRI_16_MAP,0,4,RW,idf,0x0,0x0,0x0,R/W,IDF v5.5.3 soc/esp32c3/register/soc/interrupt_core0_reg.h:698,
intc,INTERRUPT_CORE0_CPU_INT_PRI_17,0x158,INTERRUPT_CORE0_CPU_PRI_17_MAP,0,4,RW,idf,0x0,0x0,0x0,R/W,IDF v5.5.3 soc/esp32c3/register/soc/interrupt_core0_reg.h:706,
intc,INTERRUPT_CORE0_CPU_INT_PRI_18,0x15C,INTERRUPT_CORE0_CPU_PRI_18_MAP,0,4,RW,idf,0x0,0x0,0x0,R/W,IDF v5.5.3 soc/esp32c3/register/soc/interrupt_core0_reg.h:714,
intc,INTERRUPT_CORE0_CPU_INT_PRI_19,0x160,INTERRUPT_CORE0_CPU_PRI_19_MAP,0,4,RW,idf,0x0,0x0,0x0,R/W,IDF v5.5.3 soc/esp32c3/register/soc/interrupt_core0_reg.h:722,
intc,INTERRUPT_CORE0_CPU_INT_PRI_20,0x164,INTERRUPT_CORE0_CPU_PRI_20_MAP,0,4,RW,idf,0x0,0x0,0x0,R/W,IDF v5.5.3 soc/esp32c3/register/soc/interrupt_core0_reg.h:730,
intc,INTERRUPT_CORE0_CPU_INT_PRI_21,0x168,INTERRUPT_CORE0_CPU_PRI_21_MAP,0,4,RW,idf,0x0,0x0,0x0,R/W,IDF v5.5.3 soc/esp32c3/register/soc/interrupt_core0_reg.h:738,
intc,INTERRUPT_CORE0_CPU_INT_PRI_22,0x16C,INTERRUPT_CORE0_CPU_PRI_22_MAP,0,4,RW,idf,0x0,0x0,0x0,R/W,IDF v5.5.3 soc/esp32c3/register/soc/interrupt_core0_reg.h:746,
intc,INTERRUPT_CORE0_CPU_INT_PRI_23,0x170,INTERRUPT_CORE0_CPU_PRI_23_MAP,0,4,RW,idf,0x0,0x0,0x0,R/W,IDF v5.5.3 soc/esp32c3/register/soc/interrupt_core0_reg.h:754,
intc,INTERRUPT_CORE0_CPU_INT_PRI_24,0x174,INTERRUPT_CORE0_CPU_PRI_24_MAP,0,4,RW,idf,0x0,0x0,0x0,R/W,IDF v5.5.3 soc/esp32c3/register/soc/interrupt_core0_reg.h:762,
intc,INTERRUPT_CORE0_CPU_INT_PRI_25,0x178,INTERRUPT_CORE0_CPU_PRI_25_MAP,0,4,RW,idf,0x0,0x0,0x0,R/W,IDF v5.5.3 soc/esp32c3/register/soc/interrupt_core0_reg.h:770,
intc,INTERRUPT_CORE0_CPU_INT_PRI_26,0x17C,INTERRUPT_CORE0_CPU_PRI_26_MAP,0,4,RW,idf,0x0,0x0,0x0,R/W,IDF v5.5.3 soc/esp32c3/register/soc/interrupt_core0_reg.h:778,
intc,INTERRUPT_CORE0_CPU_INT_PRI_27,0x180,INTERRUPT_CORE0_CPU_PRI_27_MAP,0,4,RW,idf,0x0,0x0,0x0,R/W,IDF v5.5.3 soc/esp32c3/register/soc/interrupt_core0_reg.h:786,
intc,INTERRUPT_CORE0_CPU_INT_PRI_28,0x184,INTERRUPT_CORE0_CPU_PRI_28_MAP,0,4,RW,idf,0x0,0x0,0x0,R/W,IDF v5.5.3 soc/esp32c3/register/soc/interrupt_core0_reg.h:794,
intc,INTERRUPT_CORE0_CPU_INT_PRI_29,0x188,INTERRUPT_CORE0_CPU_PRI_29_MAP,0,4,RW,idf,0x0,0x0,0x0,R/W,IDF v5.5.3 soc/esp32c3/register/soc/interrupt_core0_reg.h:802,
intc,INTERRUPT_CORE0_CPU_INT_PRI_30,0x18C,INTERRUPT_CORE0_CPU_PRI_30_MAP,0,4,RW,idf,0x0,0x0,0x0,R/W,IDF v5.5.3 soc/esp32c3/register/soc/interrupt_core0_reg.h:810,
intc,INTERRUPT_CORE0_CPU_INT_PRI_31,0x190,INTERRUPT_CORE0_CPU_PRI_31_MAP,0,4,RW,idf,0x0,0x0,0x0,R/W,IDF v5.5.3 soc/esp32c3/register/soc/interrupt_core0_reg.h:818,
intc,INTERRUPT_CORE0_CPU_INT_THRESH,0x194,INTERRUPT_CORE0_CPU_INT_THRESH,0,4,RW,idf,0x0,0x0,0x0,R/W,IDF v5.5.3 soc/esp32c3/register/soc/interrupt_core0_reg.h:827,
intc,INTERRUPT_CORE0_INTERRUPT_DATE,0x7FC,INTERRUPT_CORE0_INTERRUPT_DATE,0,28,RW,idf,0x2007210,0x2007210,0x2007210,R/W,IDF v5.5.3 soc/esp32c3/register/soc/interrupt_core0_reg.h:835,
extmem,EXTMEM_ICACHE_CTRL,0x000,EXTMEM_ICACHE_ENABLE,0,1,RW,idf,0x0,0x0,0x0,R/W,IDF v5.5.3 soc/esp32c3/register/soc/extmem_reg.h:15,
extmem,EXTMEM_ICACHE_CTRL1,0x004,EXTMEM_ICACHE_SHUT_IBUS,0,1,RW,idf,0x1,0x1,0x1,R/W,IDF v5.5.3 soc/esp32c3/register/soc/extmem_reg.h:29,
extmem,EXTMEM_ICACHE_CTRL1,0x004,EXTMEM_ICACHE_SHUT_DBUS,1,1,RW,idf,0x1,0x1,0x1,R/W,IDF v5.5.3 soc/esp32c3/register/soc/extmem_reg.h:23,
extmem,EXTMEM_ICACHE_TAG_POWER_CTRL,0x008,EXTMEM_ICACHE_TAG_MEM_FORCE_ON,0,1,RW,idf,0x1,0x1,0x1,R/W,IDF v5.5.3 soc/esp32c3/register/soc/extmem_reg.h:50,
extmem,EXTMEM_ICACHE_TAG_POWER_CTRL,0x008,EXTMEM_ICACHE_TAG_MEM_FORCE_PD,1,1,RW,idf,0x0,0x0,0x0,R/W,IDF v5.5.3 soc/esp32c3/register/soc/extmem_reg.h:43,
extmem,EXTMEM_ICACHE_TAG_POWER_CTRL,0x008,EXTMEM_ICACHE_TAG_MEM_FORCE_PU,2,1,RW,idf,0x1,0x1,0x1,R/W,IDF v5.5.3 soc/esp32c3/register/soc/extmem_reg.h:37,
extmem,EXTMEM_ICACHE_PRELOCK_CTRL,0x00C,EXTMEM_ICACHE_PRELOCK_SCT0_EN,0,1,RW,idf,0x0,0x0,0x0,R/W,IDF v5.5.3 soc/esp32c3/register/soc/extmem_reg.h:65,
extmem,EXTMEM_ICACHE_PRELOCK_CTRL,0x00C,EXTMEM_ICACHE_PRELOCK_SCT1_EN,1,1,RW,idf,0x0,0x0,0x0,R/W,IDF v5.5.3 soc/esp32c3/register/soc/extmem_reg.h:59,
extmem,EXTMEM_ICACHE_PRELOCK_SCT0_ADDR,0x010,EXTMEM_ICACHE_PRELOCK_SCT0_ADDR,0,32,RW,idf,0x0,0x0,0x0,R/W,IDF v5.5.3 soc/esp32c3/register/soc/extmem_reg.h:73,
extmem,EXTMEM_ICACHE_PRELOCK_SCT1_ADDR,0x014,EXTMEM_ICACHE_PRELOCK_SCT1_ADDR,0,32,RW,idf,0x0,0x0,0x0,R/W,IDF v5.5.3 soc/esp32c3/register/soc/extmem_reg.h:82,
extmem,EXTMEM_ICACHE_PRELOCK_SCT_SIZE,0x018,EXTMEM_ICACHE_PRELOCK_SCT1_SIZE,0,16,RW,idf,0x0,0x0,0x0,R/W,IDF v5.5.3 soc/esp32c3/register/soc/extmem_reg.h:98,
extmem,EXTMEM_ICACHE_PRELOCK_SCT_SIZE,0x018,EXTMEM_ICACHE_PRELOCK_SCT0_SIZE,16,16,RW,idf,0x0,0x0,0x0,R/W,IDF v5.5.3 soc/esp32c3/register/soc/extmem_reg.h:91,
extmem,EXTMEM_ICACHE_LOCK_CTRL,0x01C,EXTMEM_ICACHE_LOCK_ENA,0,1,RW,idf,0x0,0x0,0x0,R/W,IDF v5.5.3 soc/esp32c3/register/soc/extmem_reg.h:120,
extmem,EXTMEM_ICACHE_LOCK_CTRL,0x01C,EXTMEM_ICACHE_UNLOCK_ENA,1,1,RW,idf,0x0,0x0,0x0,R/W,IDF v5.5.3 soc/esp32c3/register/soc/extmem_reg.h:113,
extmem,EXTMEM_ICACHE_LOCK_CTRL,0x01C,EXTMEM_ICACHE_LOCK_DONE,2,1,RO,idf,0x1,0x1,0x1,RO,IDF v5.5.3 soc/esp32c3/register/soc/extmem_reg.h:107,
extmem,EXTMEM_ICACHE_LOCK_ADDR,0x020,EXTMEM_ICACHE_LOCK_ADDR,0,32,RW,idf,0x0,0x0,0x0,R/W,IDF v5.5.3 soc/esp32c3/register/soc/extmem_reg.h:129,
extmem,EXTMEM_ICACHE_LOCK_SIZE,0x024,EXTMEM_ICACHE_LOCK_SIZE,0,16,RW,idf,0x0,0x0,0x0,R/W,IDF v5.5.3 soc/esp32c3/register/soc/extmem_reg.h:138,
extmem,EXTMEM_ICACHE_SYNC_CTRL,0x028,EXTMEM_ICACHE_INVALIDATE_ENA,0,1,RW,idf,0x1,0x1,0x1,R/W,IDF v5.5.3 soc/esp32c3/register/soc/extmem_reg.h:153,
extmem,EXTMEM_ICACHE_SYNC_CTRL,0x028,EXTMEM_ICACHE_SYNC_DONE,1,1,RO,idf,0x0,0x0,0x0,RO,IDF v5.5.3 soc/esp32c3/register/soc/extmem_reg.h:147,
extmem,EXTMEM_ICACHE_SYNC_ADDR,0x02C,EXTMEM_ICACHE_SYNC_ADDR,0,32,RW,idf,0x0,0x0,0x0,R/W,IDF v5.5.3 soc/esp32c3/register/soc/extmem_reg.h:162,
extmem,EXTMEM_ICACHE_SYNC_SIZE,0x030,EXTMEM_ICACHE_SYNC_SIZE,0,23,RW,idf,0x0,0x0,0x0,R/W,IDF v5.5.3 soc/esp32c3/register/soc/extmem_reg.h:171,
extmem,EXTMEM_ICACHE_PRELOAD_CTRL,0x034,EXTMEM_ICACHE_PRELOAD_ENA,0,1,RW,idf,0x0,0x0,0x0,R/W,IDF v5.5.3 soc/esp32c3/register/soc/extmem_reg.h:193,
extmem,EXTMEM_ICACHE_PRELOAD_CTRL,0x034,EXTMEM_ICACHE_PRELOAD_DONE,1,1,RO,idf,0x1,0x1,0x1,RO,IDF v5.5.3 soc/esp32c3/register/soc/extmem_reg.h:187,
extmem,EXTMEM_ICACHE_PRELOAD_CTRL,0x034,EXTMEM_ICACHE_PRELOAD_ORDER,2,1,RW,idf,0x0,0x0,0x0,R/W,IDF v5.5.3 soc/esp32c3/register/soc/extmem_reg.h:180,
extmem,EXTMEM_ICACHE_PRELOAD_ADDR,0x038,EXTMEM_ICACHE_PRELOAD_ADDR,0,32,RW,idf,0x0,0x0,0x0,R/W,IDF v5.5.3 soc/esp32c3/register/soc/extmem_reg.h:202,
extmem,EXTMEM_ICACHE_PRELOAD_SIZE,0x03C,EXTMEM_ICACHE_PRELOAD_SIZE,0,16,RW,idf,0x0,0x0,0x0,R/W,IDF v5.5.3 soc/esp32c3/register/soc/extmem_reg.h:211,
extmem,EXTMEM_ICACHE_AUTOLOAD_CTRL,0x040,EXTMEM_ICACHE_AUTOLOAD_SCT0_ENA,0,1,RW,idf,0x0,0x0,0x0,R/W,IDF v5.5.3 soc/esp32c3/register/soc/extmem_reg.h:253,
extmem,EXTMEM_ICACHE_AUTOLOAD_CTRL,0x040,EXTMEM_ICACHE_AUTOLOAD_SCT1_ENA,1,1,RW,idf,0x0,0x0,0x0,R/W,IDF v5.5.3 soc/esp32c3/register/soc/extmem_reg.h:247,
extmem,EXTMEM_ICACHE_AUTOLOAD_CTRL,0x040,EXTMEM_ICACHE_AUTOLOAD_ENA,2,1,RW,idf,0x0,0x0,0x0,R/W,IDF v5.5.3 soc/esp32c3/register/soc/extmem_reg.h:240,
extmem,EXTMEM_ICACHE_AUTOLOAD_CTRL,0x040,EXTMEM_ICACHE_AUTOLOAD_DONE,3,1,RO,idf,0x1,0x1,0x1,RO,IDF v5.5.3 soc/esp32c3/register/soc/extmem_reg.h:234,
extmem,EXTMEM_ICACHE_AUTOLOAD_CTRL,0x040,EXTMEM_ICACHE_AUTOLOAD_ORDER,4,1,RW,idf,0x0,0x0,0x0,R/W,IDF v5.5.3 soc/esp32c3/register/soc/extmem_reg.h:227,
extmem,EXTMEM_ICACHE_AUTOLOAD_CTRL,0x040,EXTMEM_ICACHE_AUTOLOAD_RQST,5,2,RW,idf,0x0,0x0,0x0,R/W,IDF v5.5.3 soc/esp32c3/register/soc/extmem_reg.h:220,
extmem,EXTMEM_ICACHE_AUTOLOAD_SCT0_ADDR,0x044,EXTMEM_ICACHE_AUTOLOAD_SCT0_ADDR,0,32,RW,idf,0x0,0x0,0x0,R/W,IDF v5.5.3 soc/esp32c3/register/soc/extmem_reg.h:261,
extmem,EXTMEM_ICACHE_AUTOLOAD_SCT0_SIZE,0x048,EXTMEM_ICACHE_AUTOLOAD_SCT0_SIZE,0,27,RW,idf,0x0,0x0,0x0,R/W,IDF v5.5.3 soc/esp32c3/register/soc/extmem_reg.h:270,
extmem,EXTMEM_ICACHE_AUTOLOAD_SCT1_ADDR,0x04C,EXTMEM_ICACHE_AUTOLOAD_SCT1_ADDR,0,32,RW,idf,0x0,0x0,0x0,R/W,IDF v5.5.3 soc/esp32c3/register/soc/extmem_reg.h:279,
extmem,EXTMEM_ICACHE_AUTOLOAD_SCT1_SIZE,0x050,EXTMEM_ICACHE_AUTOLOAD_SCT1_SIZE,0,27,RW,idf,0x0,0x0,0x0,R/W,IDF v5.5.3 soc/esp32c3/register/soc/extmem_reg.h:288,
extmem,EXTMEM_IBUS_TO_FLASH_START_VADDR,0x054,EXTMEM_IBUS_TO_FLASH_START_VADDR,0,32,RW,idf,0x42000000,0x42000000,0x42000000,R/W,IDF v5.5.3 soc/esp32c3/register/soc/extmem_reg.h:297,
extmem,EXTMEM_IBUS_TO_FLASH_END_VADDR,0x058,EXTMEM_IBUS_TO_FLASH_END_VADDR,0,32,RW,idf,0x427FFFFF,0x427FFFFF,0x427FFFFF,R/W,IDF v5.5.3 soc/esp32c3/register/soc/extmem_reg.h:306,
extmem,EXTMEM_DBUS_TO_FLASH_START_VADDR,0x05C,EXTMEM_DBUS_TO_FLASH_START_VADDR,0,32,RW,idf,0x3C000000,0x3C000000,0x3C000000,R/W,IDF v5.5.3 soc/esp32c3/register/soc/extmem_reg.h:315,
extmem,EXTMEM_DBUS_TO_FLASH_END_VADDR,0x060,EXTMEM_DBUS_TO_FLASH_END_VADDR,0,32,RW,idf,0x3C7FFFFF,0x3C7FFFFF,0x3C7FFFFF,R/W,IDF v5.5.3 soc/esp32c3/register/soc/extmem_reg.h:324,
extmem,EXTMEM_CACHE_ACS_CNT_CLR,0x064,EXTMEM_IBUS_ACS_CNT_CLR,0,1,WO,UNVERIFIED,0x0,0x0,0x0,WOD,IDF v5.5.3 soc/esp32c3/register/soc/extmem_reg.h:339,WOD is not in the TRM glossary; read as WO
extmem,EXTMEM_CACHE_ACS_CNT_CLR,0x064,EXTMEM_DBUS_ACS_CNT_CLR,1,1,WO,UNVERIFIED,0x0,0x0,0x0,WOD,IDF v5.5.3 soc/esp32c3/register/soc/extmem_reg.h:333,WOD is not in the TRM glossary; read as WO
extmem,EXTMEM_IBUS_ACS_MISS_CNT,0x068,EXTMEM_IBUS_ACS_MISS_CNT,0,32,RO,idf,0x0,0x0,0x0,RO,IDF v5.5.3 soc/esp32c3/register/soc/extmem_reg.h:347,
extmem,EXTMEM_IBUS_ACS_CNT,0x06C,EXTMEM_IBUS_ACS_CNT,0,32,RO,idf,0x0,0x0,0x0,RO,IDF v5.5.3 soc/esp32c3/register/soc/extmem_reg.h:356,
extmem,EXTMEM_DBUS_ACS_FLASH_MISS_CNT,0x070,EXTMEM_DBUS_ACS_FLASH_MISS_CNT,0,32,RO,idf,0x0,0x0,0x0,RO,IDF v5.5.3 soc/esp32c3/register/soc/extmem_reg.h:364,
extmem,EXTMEM_DBUS_ACS_CNT,0x074,EXTMEM_DBUS_ACS_CNT,0,32,RO,idf,0x0,0x0,0x0,RO,IDF v5.5.3 soc/esp32c3/register/soc/extmem_reg.h:373,
extmem,EXTMEM_CACHE_ILG_INT_ENA,0x078,EXTMEM_ICACHE_SYNC_OP_FAULT_INT_ENA,0,1,RW,idf,0x0,0x0,0x0,R/W,IDF v5.5.3 soc/esp32c3/register/soc/extmem_reg.h:405,
extmem,EXTMEM_CACHE_ILG_INT_ENA,0x078,EXTMEM_ICACHE_PRELOAD_OP_FAULT_INT_ENA,1,1,RW,idf,0x0,0x0,0x0,R/W,IDF v5.5.3 soc/esp32c3/register/soc/extmem_reg.h:399,
extmem,EXTMEM_CACHE_ILG_INT_ENA,0x078,EXTMEM_MMU_ENTRY_FAULT_INT_ENA,5,1,RW,idf,0x0,0x0,0x0,R/W,IDF v5.5.3 soc/esp32c3/register/soc/extmem_reg.h:393,
extmem,EXTMEM_CACHE_ILG_INT_ENA,0x078,EXTMEM_IBUS_CNT_OVF_INT_ENA,7,1,RW,idf,0x0,0x0,0x0,R/W,IDF v5.5.3 soc/esp32c3/register/soc/extmem_reg.h:387,
extmem,EXTMEM_CACHE_ILG_INT_ENA,0x078,EXTMEM_DBUS_CNT_OVF_INT_ENA,8,1,RW,idf,0x0,0x0,0x0,R/W,IDF v5.5.3 soc/esp32c3/register/soc/extmem_reg.h:381,
extmem,EXTMEM_CACHE_ILG_INT_CLR,0x07C,EXTMEM_ICACHE_SYNC_OP_FAULT_INT_CLR,0,1,WO,UNVERIFIED,0x0,0x0,0x0,WOD,IDF v5.5.3 soc/esp32c3/register/soc/extmem_reg.h:437,WOD is not in the TRM glossary; read as WO
extmem,EXTMEM_CACHE_ILG_INT_CLR,0x07C,EXTMEM_ICACHE_PRELOAD_OP_FAULT_INT_CLR,1,1,WO,UNVERIFIED,0x0,0x0,0x0,WOD,IDF v5.5.3 soc/esp32c3/register/soc/extmem_reg.h:431,WOD is not in the TRM glossary; read as WO
extmem,EXTMEM_CACHE_ILG_INT_CLR,0x07C,EXTMEM_MMU_ENTRY_FAULT_INT_CLR,5,1,WO,UNVERIFIED,0x0,0x0,0x0,WOD,IDF v5.5.3 soc/esp32c3/register/soc/extmem_reg.h:425,WOD is not in the TRM glossary; read as WO
extmem,EXTMEM_CACHE_ILG_INT_CLR,0x07C,EXTMEM_IBUS_CNT_OVF_INT_CLR,7,1,WO,UNVERIFIED,0x0,0x0,0x0,WOD,IDF v5.5.3 soc/esp32c3/register/soc/extmem_reg.h:419,WOD is not in the TRM glossary; read as WO
extmem,EXTMEM_CACHE_ILG_INT_CLR,0x07C,EXTMEM_DBUS_CNT_OVF_INT_CLR,8,1,WO,UNVERIFIED,0x0,0x0,0x0,WOD,IDF v5.5.3 soc/esp32c3/register/soc/extmem_reg.h:413,WOD is not in the TRM glossary; read as WO
extmem,EXTMEM_CACHE_ILG_INT_ST,0x080,EXTMEM_ICACHE_SYNC_OP_FAULT_ST,0,1,RO,idf,0x0,0x0,0x0,RO,IDF v5.5.3 soc/esp32c3/register/soc/extmem_reg.h:485,
extmem,EXTMEM_CACHE_ILG_INT_ST,0x080,EXTMEM_ICACHE_PRELOAD_OP_FAULT_ST,1,1,RO,idf,0x0,0x0,0x0,RO,IDF v5.5.3 soc/esp32c3/register/soc/extmem_reg.h:479,
extmem,EXTMEM_CACHE_ILG_INT_ST,0x080,EXTMEM_MMU_ENTRY_FAULT_ST,5,1,RO,idf,0x0,0x0,0x0,RO,IDF v5.5.3 soc/esp32c3/register/soc/extmem_reg.h:473,
extmem,EXTMEM_CACHE_ILG_INT_ST,0x080,EXTMEM_IBUS_ACS_CNT_OVF_ST,7,1,RO,idf,0x0,0x0,0x0,RO,IDF v5.5.3 soc/esp32c3/register/soc/extmem_reg.h:466,
extmem,EXTMEM_CACHE_ILG_INT_ST,0x080,EXTMEM_IBUS_ACS_MISS_CNT_OVF_ST,8,1,RO,idf,0x0,0x0,0x0,RO,IDF v5.5.3 soc/esp32c3/register/soc/extmem_reg.h:459,
extmem,EXTMEM_CACHE_ILG_INT_ST,0x080,EXTMEM_DBUS_ACS_CNT_OVF_ST,9,1,RO,idf,0x0,0x0,0x0,RO,IDF v5.5.3 soc/esp32c3/register/soc/extmem_reg.h:452,
extmem,EXTMEM_CACHE_ILG_INT_ST,0x080,EXTMEM_DBUS_ACS_FLASH_MISS_CNT_OVF_ST,10,1,RO,idf,0x0,0x0,0x0,RO,IDF v5.5.3 soc/esp32c3/register/soc/extmem_reg.h:445,
extmem,EXTMEM_CORE0_ACS_CACHE_INT_ENA,0x084,EXTMEM_CORE0_IBUS_ACS_MSK_IC_INT_ENA,0,1,RW,idf,0x0,0x0,0x0,R/W,IDF v5.5.3 soc/esp32c3/register/soc/extmem_reg.h:524,
extmem,EXTMEM_CORE0_ACS_CACHE_INT_ENA,0x084,EXTMEM_CORE0_IBUS_WR_IC_INT_ENA,1,1,RW,idf,0x0,0x0,0x0,R/W,IDF v5.5.3 soc/esp32c3/register/soc/extmem_reg.h:518,
extmem,EXTMEM_CORE0_ACS_CACHE_INT_ENA,0x084,EXTMEM_CORE0_IBUS_REJECT_INT_ENA,2,1,RW,idf,0x0,0x0,0x0,R/W,IDF v5.5.3 soc/esp32c3/register/soc/extmem_reg.h:512,
extmem,EXTMEM_CORE0_ACS_CACHE_INT_ENA,0x084,EXTMEM_CORE0_DBUS_ACS_MSK_IC_INT_ENA,3,1,RW,idf,0x0,0x0,0x0,R/W,IDF v5.5.3 soc/esp32c3/register/soc/extmem_reg.h:505,
extmem,EXTMEM_CORE0_ACS_CACHE_INT_ENA,0x084,EXTMEM_CORE0_DBUS_REJECT_INT_ENA,4,1,RW,idf,0x0,0x0,0x0,R/W,IDF v5.5.3 soc/esp32c3/register/soc/extmem_reg.h:499,
extmem,EXTMEM_CORE0_ACS_CACHE_INT_ENA,0x084,EXTMEM_CORE0_DBUS_WR_IC_INT_ENA,5,1,RW,idf,0x0,0x0,0x0,R/W,IDF v5.5.3 soc/esp32c3/register/soc/extmem_reg.h:493,
extmem,EXTMEM_CORE0_ACS_CACHE_INT_CLR,0x088,EXTMEM_CORE0_IBUS_ACS_MSK_IC_INT_CLR,0,1,WO,UNVERIFIED,0x0,0x0,0x0,WOD,IDF v5.5.3 soc/esp32c3/register/soc/extmem_reg.h:564,WOD is not in the TRM glossary; read as WO
extmem,EXTMEM_CORE0_ACS_CACHE_INT_CLR,0x088,EXTMEM_CORE0_IBUS_WR_IC_INT_CLR,1,1,WO,UNVERIFIED,0x0,0x0,0x0,WOD,IDF v5.5.3 soc/esp32c3/register/soc/extmem_reg.h:558,WOD is not in the TRM glossary; read as WO
extmem,EXTMEM_CORE0_ACS_CACHE_INT_CLR,0x088,EXTMEM_CORE0_IBUS_REJECT_INT_CLR,2,1,WO,UNVERIFIED,0x0,0x0,0x0,WOD,IDF v5.5.3 soc/esp32c3/register/soc/extmem_reg.h:552,WOD is not in the TRM glossary; read as WO
extmem,EXTMEM_CORE0_ACS_CACHE_INT_CLR,0x088,EXTMEM_CORE0_DBUS_ACS_MSK_IC_INT_CLR,3,1,WO,UNVERIFIED,0x0,0x0,0x0,WOD,IDF v5.5.3 soc/esp32c3/register/soc/extmem_reg.h:545,WOD is not in the TRM glossary; read as WO
extmem,EXTMEM_CORE0_ACS_CACHE_INT_CLR,0x088,EXTMEM_CORE0_DBUS_REJECT_INT_CLR,4,1,WO,UNVERIFIED,0x0,0x0,0x0,WOD,IDF v5.5.3 soc/esp32c3/register/soc/extmem_reg.h:539,WOD is not in the TRM glossary; read as WO
extmem,EXTMEM_CORE0_ACS_CACHE_INT_CLR,0x088,EXTMEM_CORE0_DBUS_WR_IC_INT_CLR,5,1,WO,UNVERIFIED,0x0,0x0,0x0,WOD,IDF v5.5.3 soc/esp32c3/register/soc/extmem_reg.h:533,WOD is not in the TRM glossary; read as WO
extmem,EXTMEM_CORE0_ACS_CACHE_INT_ST,0x08C,EXTMEM_CORE0_IBUS_ACS_MSK_ICACHE_ST,0,1,RO,idf,0x0,0x0,0x0,RO,IDF v5.5.3 soc/esp32c3/register/soc/extmem_reg.h:604,
extmem,EXTMEM_CORE0_ACS_CACHE_INT_ST,0x08C,EXTMEM_CORE0_IBUS_WR_ICACHE_ST,1,1,RO,idf,0x0,0x0,0x0,RO,IDF v5.5.3 soc/esp32c3/register/soc/extmem_reg.h:598,
extmem,EXTMEM_CORE0_ACS_CACHE_INT_ST,0x08C,EXTMEM_CORE0_IBUS_REJECT_ST,2,1,RO,idf,0x0,0x0,0x0,RO,IDF v5.5.3 soc/esp32c3/register/soc/extmem_reg.h:592,
extmem,EXTMEM_CORE0_ACS_CACHE_INT_ST,0x08C,EXTMEM_CORE0_DBUS_ACS_MSK_ICACHE_ST,3,1,RO,idf,0x0,0x0,0x0,RO,IDF v5.5.3 soc/esp32c3/register/soc/extmem_reg.h:585,
extmem,EXTMEM_CORE0_ACS_CACHE_INT_ST,0x08C,EXTMEM_CORE0_DBUS_REJECT_ST,4,1,RO,idf,0x0,0x0,0x0,RO,IDF v5.5.3 soc/esp32c3/register/soc/extmem_reg.h:579,
extmem,EXTMEM_CORE0_ACS_CACHE_INT_ST,0x08C,EXTMEM_CORE0_DBUS_WR_ICACHE_ST,5,1,RO,idf,0x0,0x0,0x0,RO,IDF v5.5.3 soc/esp32c3/register/soc/extmem_reg.h:573,
extmem,EXTMEM_CORE0_DBUS_REJECT_ST,0x090,EXTMEM_CORE0_DBUS_ATTR,0,3,RO,idf,0x0,0x0,0x0,RO,IDF v5.5.3 soc/esp32c3/register/soc/extmem_reg.h:620,
extmem,EXTMEM_CORE0_DBUS_REJECT_ST,0x090,EXTMEM_CORE0_DBUS_WORLD,3,1,RO,idf,0x0,0x0,0x0,RO,IDF v5.5.3 soc/esp32c3/register/soc/extmem_reg.h:613,
extmem,EXTMEM_CORE0_DBUS_REJECT_VADDR,0x094,EXTMEM_CORE0_DBUS_VADDR,0,32,RO,idf,0xFFFFFFFF,0xFFFFFFFF,0xFFFFFFFF,RO,IDF v5.5.3 soc/esp32c3/register/soc/extmem_reg.h:629,
extmem,EXTMEM_CORE0_IBUS_REJECT_ST,0x098,EXTMEM_CORE0_IBUS_ATTR,0,3,RO,idf,0x0,0x0,0x0,RO,IDF v5.5.3 soc/esp32c3/register/soc/extmem_reg.h:645,
extmem,EXTMEM_CORE0_IBUS_REJECT_ST,0x098,EXTMEM_CORE0_IBUS_WORLD,3,1,RO,idf,0x0,0x0,0x0,RO,IDF v5.5.3 soc/esp32c3/register/soc/extmem_reg.h:638,
extmem,EXTMEM_CORE0_IBUS_REJECT_VADDR,0x09C,EXTMEM_CORE0_IBUS_VADDR,0,32,RO,idf,0xFFFFFFFF,0xFFFFFFFF,0xFFFFFFFF,RO,IDF v5.5.3 soc/esp32c3/register/soc/extmem_reg.h:654,
extmem,EXTMEM_CACHE_MMU_FAULT_CONTENT,0x0A0,EXTMEM_CACHE_MMU_FAULT_CONTENT,0,10,RO,idf,0x0,0x0,0x0,RO,IDF v5.5.3 soc/esp32c3/register/soc/extmem_reg.h:670,
extmem,EXTMEM_CACHE_MMU_FAULT_CONTENT,0x0A0,EXTMEM_CACHE_MMU_FAULT_CODE,10,4,RO,idf,0x0,0x0,0x0,RO,IDF v5.5.3 soc/esp32c3/register/soc/extmem_reg.h:663,
extmem,EXTMEM_CACHE_MMU_FAULT_VADDR,0x0A4,EXTMEM_CACHE_MMU_FAULT_VADDR,0,32,RO,idf,0x0,0x0,0x0,RO,IDF v5.5.3 soc/esp32c3/register/soc/extmem_reg.h:678,
extmem,EXTMEM_CACHE_WRAP_AROUND_CTRL,0x0A8,EXTMEM_CACHE_FLASH_WRAP_AROUND,0,1,RW,idf,0x0,0x0,0x0,R/W,IDF v5.5.3 soc/esp32c3/register/soc/extmem_reg.h:686,
extmem,EXTMEM_CACHE_MMU_POWER_CTRL,0x0AC,EXTMEM_CACHE_MMU_MEM_FORCE_ON,0,1,RW,idf,0x1,0x1,0x1,R/W,IDF v5.5.3 soc/esp32c3/register/soc/extmem_reg.h:706,
extmem,EXTMEM_CACHE_MMU_POWER_CTRL,0x0AC,EXTMEM_CACHE_MMU_MEM_FORCE_PD,1,1,RW,idf,0x0,0x0,0x0,R/W,IDF v5.5.3 soc/esp32c3/register/soc/extmem_reg.h:700,
extmem,EXTMEM_CACHE_MMU_POWER_CTRL,0x0AC,EXTMEM_CACHE_MMU_MEM_FORCE_PU,2,1,RW,idf,0x1,0x1,0x1,R/W,IDF v5.5.3 soc/esp32c3/register/soc/extmem_reg.h:694,
extmem,EXTMEM_CACHE_STATE,0x0B0,EXTMEM_ICACHE_STATE,0,12,RO,idf,0x1,0x1,0x1,RO,IDF v5.5.3 soc/esp32c3/register/soc/extmem_reg.h:715,
extmem,EXTMEM_CACHE_ENCRYPT_DECRYPT_RECORD_DISABLE,0x0B4,EXTMEM_RECORD_DISABLE_DB_ENCRYPT,0,1,RW,idf,0x0,0x0,0x0,R/W,IDF v5.5.3 soc/esp32c3/register/soc/extmem_reg.h:730,
extmem,EXTMEM_CACHE_ENCRYPT_DECRYPT_RECORD_DISABLE,0x0B4,EXTMEM_RECORD_DISABLE_G0CB_DECRYPT,1,1,RW,idf,0x0,0x0,0x0,R/W,IDF v5.5.3 soc/esp32c3/register/soc/extmem_reg.h:724,
extmem,EXTMEM_CACHE_ENCRYPT_DECRYPT_CLK_FORCE_ON,0x0B8,EXTMEM_CLK_FORCE_ON_MANUAL_CRYPT,0,1,RW,idf,0x1,0x1,0x1,R/W,IDF v5.5.3 soc/esp32c3/register/soc/extmem_reg.h:752,
extmem,EXTMEM_CACHE_ENCRYPT_DECRYPT_CLK_FORCE_ON,0x0B8,EXTMEM_CLK_FORCE_ON_AUTO_CRYPT,1,1,RW,idf,0x1,0x1,0x1,R/W,IDF v5.5.3 soc/esp32c3/register/soc/extmem_reg.h:745,
extmem,EXTMEM_CACHE_ENCRYPT_DECRYPT_CLK_FORCE_ON,0x0B8,EXTMEM_CLK_FORCE_ON_CRYPT,2,1,RW,idf,0x1,0x1,0x1,R/W,IDF v5.5.3 soc/esp32c3/register/soc/extmem_reg.h:738,
extmem,EXTMEM_CACHE_PRELOAD_INT_CTRL,0x0BC,EXTMEM_ICACHE_PRELOAD_INT_ST,0,1,RO,idf,0x0,0x0,0x0,RO,IDF v5.5.3 soc/esp32c3/register/soc/extmem_reg.h:773,
extmem,EXTMEM_CACHE_PRELOAD_INT_CTRL,0x0BC,EXTMEM_ICACHE_PRELOAD_INT_ENA,1,1,RW,idf,0x0,0x0,0x0,R/W,IDF v5.5.3 soc/esp32c3/register/soc/extmem_reg.h:767,
extmem,EXTMEM_CACHE_PRELOAD_INT_CTRL,0x0BC,EXTMEM_ICACHE_PRELOAD_INT_CLR,2,1,WO,UNVERIFIED,0x0,0x0,0x0,WOD,IDF v5.5.3 soc/esp32c3/register/soc/extmem_reg.h:761,WOD is not in the TRM glossary; read as WO
extmem,EXTMEM_CACHE_SYNC_INT_CTRL,0x0C0,EXTMEM_ICACHE_SYNC_INT_ST,0,1,RO,idf,0x0,0x0,0x0,RO,IDF v5.5.3 soc/esp32c3/register/soc/extmem_reg.h:793,
extmem,EXTMEM_CACHE_SYNC_INT_CTRL,0x0C0,EXTMEM_ICACHE_SYNC_INT_ENA,1,1,RW,idf,0x0,0x0,0x0,R/W,IDF v5.5.3 soc/esp32c3/register/soc/extmem_reg.h:787,
extmem,EXTMEM_CACHE_SYNC_INT_CTRL,0x0C0,EXTMEM_ICACHE_SYNC_INT_CLR,2,1,WO,UNVERIFIED,0x0,0x0,0x0,WOD,IDF v5.5.3 soc/esp32c3/register/soc/extmem_reg.h:781,WOD is not in the TRM glossary; read as WO
extmem,EXTMEM_CACHE_MMU_OWNER,0x0C4,EXTMEM_CACHE_MMU_OWNER,0,4,RW,idf,0x0,0x0,0x0,R/W,IDF v5.5.3 soc/esp32c3/register/soc/extmem_reg.h:801,
extmem,EXTMEM_CACHE_CONF_MISC,0x0C8,EXTMEM_CACHE_IGNORE_PRELOAD_MMU_ENTRY_FAULT,0,1,RW,idf,0x1,0x1,0x1,R/W,IDF v5.5.3 soc/esp32c3/register/soc/extmem_reg.h:821,
extmem,EXTMEM_CACHE_CONF_MISC,0x0C8,EXTMEM_CACHE_IGNORE_SYNC_MMU_ENTRY_FAULT,1,1,RW,idf,0x1,0x1,0x1,R/W,IDF v5.5.3 soc/esp32c3/register/soc/extmem_reg.h:815,
extmem,EXTMEM_CACHE_CONF_MISC,0x0C8,EXTMEM_CACHE_TRACE_ENA,2,1,RW,idf,0x1,0x1,0x1,R/W,IDF v5.5.3 soc/esp32c3/register/soc/extmem_reg.h:809,
extmem,EXTMEM_ICACHE_FREEZE,0x0CC,EXTMEM_ICACHE_FREEZE_ENA,0,1,RW,idf,0x0,0x0,0x0,R/W,IDF v5.5.3 soc/esp32c3/register/soc/extmem_reg.h:842,
extmem,EXTMEM_ICACHE_FREEZE,0x0CC,EXTMEM_ICACHE_FREEZE_MODE,1,1,RW,idf,0x0,0x0,0x0,R/W,IDF v5.5.3 soc/esp32c3/register/soc/extmem_reg.h:835,
extmem,EXTMEM_ICACHE_FREEZE,0x0CC,EXTMEM_ICACHE_FREEZE_DONE,2,1,RO,idf,0x0,0x0,0x0,RO,IDF v5.5.3 soc/esp32c3/register/soc/extmem_reg.h:829,
extmem,EXTMEM_ICACHE_ATOMIC_OPERATE_ENA,0x0D0,EXTMEM_ICACHE_ATOMIC_OPERATE_ENA,0,1,RW,idf,0x1,0x1,0x1,R/W,IDF v5.5.3 soc/esp32c3/register/soc/extmem_reg.h:850,
extmem,EXTMEM_CACHE_REQUEST,0x0D4,EXTMEM_CACHE_REQUEST_BYPASS,0,1,RW,idf,0x0,0x0,0x0,R/W,IDF v5.5.3 soc/esp32c3/register/soc/extmem_reg.h:859,
extmem,EXTMEM_IBUS_PMS_TBL_LOCK,0x0D8,EXTMEM_IBUS_PMS_LOCK,0,1,RW,idf,0x0,0x0,0x0,R/W,IDF v5.5.3 soc/esp32c3/register/soc/extmem_reg.h:867,
extmem,EXTMEM_IBUS_PMS_TBL_BOUNDARY0,0x0DC,EXTMEM_IBUS_PMS_BOUNDARY0,0,12,RW,idf,0x0,0x0,0x0,R/W,IDF v5.5.3 soc/esp32c3/register/soc/extmem_reg.h:875,
extmem,EXTMEM_IBUS_PMS_TBL_BOUNDARY1,0x0E0,EXTMEM_IBUS_PMS_BOUNDARY1,0,12,RW,idf,0x800,0x800,0x800,R/W,IDF v5.5.3 soc/esp32c3/register/soc/extmem_reg.h:883,
extmem,EXTMEM_IBUS_PMS_TBL_BOUNDARY2,0x0E4,EXTMEM_IBUS_PMS_BOUNDARY2,0,12,RW,idf,0x800,0x800,0x800,R/W,IDF v5.5.3 soc/esp32c3/register/soc/extmem_reg.h:891,
extmem,EXTMEM_IBUS_PMS_TBL_ATTR,0x0E8,EXTMEM_IBUS_PMS_SCT1_ATTR,0,4,RW,idf,0xF,0xF,0xF,R/W,IDF v5.5.3 soc/esp32c3/register/soc/extmem_reg.h:906,
extmem,EXTMEM_IBUS_PMS_TBL_ATTR,0x0E8,EXTMEM_IBUS_PMS_SCT2_ATTR,4,4,RW,idf,0xF,0xF,0xF,R/W,IDF v5.5.3 soc/esp32c3/register/soc/extmem_reg.h:899,
extmem,EXTMEM_DBUS_PMS_TBL_LOCK,0x0EC,EXTMEM_DBUS_PMS_LOCK,0,1,RW,idf,0x0,0x0,0x0,R/W,IDF v5.5.3 soc/esp32c3/register/soc/extmem_reg.h:915,
extmem,EXTMEM_DBUS_PMS_TBL_BOUNDARY0,0x0F0,EXTMEM_DBUS_PMS_BOUNDARY0,0,12,RW,idf,0x0,0x0,0x0,R/W,IDF v5.5.3 soc/esp32c3/register/soc/extmem_reg.h:923,
extmem,EXTMEM_DBUS_PMS_TBL_BOUNDARY1,0x0F4,EXTMEM_DBUS_PMS_BOUNDARY1,0,12,RW,idf,0x800,0x800,0x800,R/W,IDF v5.5.3 soc/esp32c3/register/soc/extmem_reg.h:931,
extmem,EXTMEM_DBUS_PMS_TBL_BOUNDARY2,0x0F8,EXTMEM_DBUS_PMS_BOUNDARY2,0,12,RW,idf,0x800,0x800,0x800,R/W,IDF v5.5.3 soc/esp32c3/register/soc/extmem_reg.h:939,
extmem,EXTMEM_DBUS_PMS_TBL_ATTR,0x0FC,EXTMEM_DBUS_PMS_SCT1_ATTR,0,2,RW,idf,0x3,0x3,0x3,R/W,IDF v5.5.3 soc/esp32c3/register/soc/extmem_reg.h:954,
extmem,EXTMEM_DBUS_PMS_TBL_ATTR,0x0FC,EXTMEM_DBUS_PMS_SCT2_ATTR,2,2,RW,idf,0x3,0x3,0x3,R/W,IDF v5.5.3 soc/esp32c3/register/soc/extmem_reg.h:947,
extmem,EXTMEM_CLOCK_GATE,0x100,EXTMEM_CLK_EN,0,1,RW,idf,0x1,0x1,0x1,R/W,IDF v5.5.3 soc/esp32c3/register/soc/extmem_reg.h:963,
extmem,EXTMEM_DATE,0x3FC,EXTMEM_DATE,0,28,RW,idf,0x2007160,0x2007160,0x2007160,R/W,IDF v5.5.3 soc/esp32c3/register/soc/extmem_reg.h:971,
xts_aes,XTS_AES_LINESIZE,0x040,XTS_AES_LINESIZE,0,1,RW,idf,0x0,0x0,0x0,R/W,IDF v5.5.3 soc/esp32c3/register/soc/xts_aes_reg.h:24,
xts_aes,XTS_AES_DESTINATION,0x044,XTS_AES_DESTINATION,0,1,RW,idf,0x0,0x0,0x0,R/W,IDF v5.5.3 soc/esp32c3/register/soc/xts_aes_reg.h:36,
xts_aes,XTS_AES_PHYSICAL_ADDRESS,0x048,XTS_AES_PHYSICAL_ADDRESS,0,30,RW,idf,0x0,0x0,0x0,R/W,IDF v5.5.3 soc/esp32c3/register/soc/xts_aes_reg.h:48,
xts_aes,XTS_AES_TRIGGER,0x04C,XTS_AES_TRIGGER,0,1,WT,idf,0x0,0x0,0x0,WT,IDF v5.5.3 soc/esp32c3/register/soc/xts_aes_reg.h:62,
xts_aes,XTS_AES_RELEASE,0x050,XTS_AES_RELEASE,0,1,WT,idf,0x0,0x0,0x0,WT,IDF v5.5.3 soc/esp32c3/register/soc/xts_aes_reg.h:74,
xts_aes,XTS_AES_DESTROY,0x054,XTS_AES_DESTROY,0,1,WT,idf,0x0,0x0,0x0,WT,IDF v5.5.3 soc/esp32c3/register/soc/xts_aes_reg.h:87,
xts_aes,XTS_AES_STATE,0x058,XTS_AES_STATE,0,2,RO,idf,0x0,0x0,0x0,RO,IDF v5.5.3 soc/esp32c3/register/soc/xts_aes_reg.h:99,
xts_aes,XTS_AES_DATE,0x05C,XTS_AES_DATE,0,30,RW,idf,0x20200623,0x20200623,0x20200623,R/W,IDF v5.5.3 soc/esp32c3/register/soc/xts_aes_reg.h:114,
assist_debug,ASSIST_DEBUG_CORE_0_INTR_ENA,0x000,ASSIST_DEBUG_CORE_0_AREA_DRAM0_0_RD_ENA,0,1,RW,idf,0x0,0x0,0x0,R/W,IDF v5.5.3 soc/esp32c3/register/soc/assist_debug_reg.h:81,
assist_debug,ASSIST_DEBUG_CORE_0_INTR_ENA,0x000,ASSIST_DEBUG_CORE_0_AREA_DRAM0_0_WR_ENA,1,1,RW,idf,0x0,0x0,0x0,R/W,IDF v5.5.3 soc/esp32c3/register/soc/assist_debug_reg.h:75,
assist_debug,ASSIST_DEBUG_CORE_0_INTR_ENA,0x000,ASSIST_DEBUG_CORE_0_AREA_DRAM0_1_RD_ENA,2,1,RW,idf,0x0,0x0,0x0,R/W,IDF v5.5.3 soc/esp32c3/register/soc/assist_debug_reg.h:69,
assist_debug,ASSIST_DEBUG_CORE_0_INTR_ENA,0x000,ASSIST_DEBUG_CORE_0_AREA_DRAM0_1_WR_ENA,3,1,RW,idf,0x0,0x0,0x0,R/W,IDF v5.5.3 soc/esp32c3/register/soc/assist_debug_reg.h:63,
assist_debug,ASSIST_DEBUG_CORE_0_INTR_ENA,0x000,ASSIST_DEBUG_CORE_0_AREA_PIF_0_RD_ENA,4,1,RW,idf,0x0,0x0,0x0,R/W,IDF v5.5.3 soc/esp32c3/register/soc/assist_debug_reg.h:57,
assist_debug,ASSIST_DEBUG_CORE_0_INTR_ENA,0x000,ASSIST_DEBUG_CORE_0_AREA_PIF_0_WR_ENA,5,1,RW,idf,0x0,0x0,0x0,R/W,IDF v5.5.3 soc/esp32c3/register/soc/assist_debug_reg.h:51,
assist_debug,ASSIST_DEBUG_CORE_0_INTR_ENA,0x000,ASSIST_DEBUG_CORE_0_AREA_PIF_1_RD_ENA,6,1,RW,idf,0x0,0x0,0x0,R/W,IDF v5.5.3 soc/esp32c3/register/soc/assist_debug_reg.h:45,
assist_debug,ASSIST_DEBUG_CORE_0_INTR_ENA,0x000,ASSIST_DEBUG_CORE_0_AREA_PIF_1_WR_ENA,7,1,RW,idf,0x0,0x0,0x0,R/W,IDF v5.5.3 soc/esp32c3/register/soc/assist_debug_reg.h:39,
assist_debug,ASSIST_DEBUG_CORE_0_INTR_ENA,0x000,ASSIST_DEBUG_CORE_0_SP_SPILL_MIN_ENA,8,1,RW,idf,0x0,0x0,0x0,R/W,IDF v5.5.3 soc/esp32c3/register/soc/assist_debug_reg.h:33,
assist_debug,ASSIST_DEBUG_CORE_0_INTR_ENA,0x000,ASSIST_DEBUG_CORE_0_SP_SPILL_MAX_ENA,9,1,RW,idf,0x0,0x0,0x0,R/W,IDF v5.5.3 soc/esp32c3/register/soc/assist_debug_reg.h:27,
assist_debug,ASSIST_DEBUG_CORE_0_INTR_ENA,0x000,ASSIST_DEBUG_CORE_0_IRAM0_EXCEPTION_MONITOR_ENA,10,1,RW,idf,0x0,0x0,0x0,R/W,IDF v5.5.3 soc/esp32c3/register/soc/assist_debug_reg.h:21,
assist_debug,ASSIST_DEBUG_CORE_0_INTR_ENA,0x000,ASSIST_DEBUG_CORE_0_DRAM0_EXCEPTION_MONITOR_ENA,11,1,RW,idf,0x0,0x0,0x0,R/W,IDF v5.5.3 soc/esp32c3/register/soc/assist_debug_reg.h:15,
assist_debug,ASSIST_DEBUG_CORE_0_INTR_RAW,0x004,ASSIST_DEBUG_CORE_0_AREA_DRAM0_0_RD_RAW,0,1,RO,idf,0x0,0x0,0x0,RO,IDF v5.5.3 soc/esp32c3/register/soc/assist_debug_reg.h:155,
assist_debug,ASSIST_DEBUG_CORE_0_INTR_RAW,0x004,ASSIST_DEBUG_CORE_0_AREA_DRAM0_0_WR_RAW,1,1,RO,idf,0x0,0x0,0x0,RO,IDF v5.5.3 soc/esp32c3/register/soc/assist_debug_reg.h:149,
assist_debug,ASSIST_DEBUG_CORE_0_INTR_RAW,0x004,ASSIST_DEBUG_CORE_0_AREA_DRAM0_1_RD_RAW,2,1,RO,idf,0x0,0x0,0x0,RO,IDF v5.5.3 soc/esp32c3/register/soc/assist_debug_reg.h:143,
assist_debug,ASSIST_DEBUG_CORE_0_INTR_RAW,0x004,ASSIST_DEBUG_CORE_0_AREA_DRAM0_1_WR_RAW,3,1,RO,idf,0x0,0x0,0x0,RO,IDF v5.5.3 soc/esp32c3/register/soc/assist_debug_reg.h:137,
assist_debug,ASSIST_DEBUG_CORE_0_INTR_RAW,0x004,ASSIST_DEBUG_CORE_0_AREA_PIF_0_RD_RAW,4,1,RO,idf,0x0,0x0,0x0,RO,IDF v5.5.3 soc/esp32c3/register/soc/assist_debug_reg.h:131,
assist_debug,ASSIST_DEBUG_CORE_0_INTR_RAW,0x004,ASSIST_DEBUG_CORE_0_AREA_PIF_0_WR_RAW,5,1,RO,idf,0x0,0x0,0x0,RO,IDF v5.5.3 soc/esp32c3/register/soc/assist_debug_reg.h:125,
assist_debug,ASSIST_DEBUG_CORE_0_INTR_RAW,0x004,ASSIST_DEBUG_CORE_0_AREA_PIF_1_RD_RAW,6,1,RO,idf,0x0,0x0,0x0,RO,IDF v5.5.3 soc/esp32c3/register/soc/assist_debug_reg.h:119,
assist_debug,ASSIST_DEBUG_CORE_0_INTR_RAW,0x004,ASSIST_DEBUG_CORE_0_AREA_PIF_1_WR_RAW,7,1,RO,idf,0x0,0x0,0x0,RO,IDF v5.5.3 soc/esp32c3/register/soc/assist_debug_reg.h:113,
assist_debug,ASSIST_DEBUG_CORE_0_INTR_RAW,0x004,ASSIST_DEBUG_CORE_0_SP_SPILL_MIN_RAW,8,1,RO,idf,0x0,0x0,0x0,RO,IDF v5.5.3 soc/esp32c3/register/soc/assist_debug_reg.h:107,
assist_debug,ASSIST_DEBUG_CORE_0_INTR_RAW,0x004,ASSIST_DEBUG_CORE_0_SP_SPILL_MAX_RAW,9,1,RO,idf,0x0,0x0,0x0,RO,IDF v5.5.3 soc/esp32c3/register/soc/assist_debug_reg.h:101,
assist_debug,ASSIST_DEBUG_CORE_0_INTR_RAW,0x004,ASSIST_DEBUG_CORE_0_IRAM0_EXCEPTION_MONITOR_RAW,10,1,RO,idf,0x0,0x0,0x0,RO,IDF v5.5.3 soc/esp32c3/register/soc/assist_debug_reg.h:95,
assist_debug,ASSIST_DEBUG_CORE_0_INTR_RAW,0x004,ASSIST_DEBUG_CORE_0_DRAM0_EXCEPTION_MONITOR_RAW,11,1,RO,idf,0x0,0x0,0x0,RO,IDF v5.5.3 soc/esp32c3/register/soc/assist_debug_reg.h:89,
assist_debug,ASSIST_DEBUG_CORE_0_INTR_RLS,0x008,ASSIST_DEBUG_CORE_0_AREA_DRAM0_0_RD_RLS,0,1,RW,idf,0x0,0x0,0x0,R/W,IDF v5.5.3 soc/esp32c3/register/soc/assist_debug_reg.h:229,
assist_debug,ASSIST_DEBUG_CORE_0_INTR_RLS,0x008,ASSIST_DEBUG_CORE_0_AREA_DRAM0_0_WR_RLS,1,1,RW,idf,0x0,0x0,0x0,R/W,IDF v5.5.3 soc/esp32c3/register/soc/assist_debug_reg.h:223,
assist_debug,ASSIST_DEBUG_CORE_0_INTR_RLS,0x008,ASSIST_DEBUG_CORE_0_AREA_DRAM0_1_RD_RLS,2,1,RW,idf,0x0,0x0,0x0,R/W,IDF v5.5.3 soc/esp32c3/register/soc/assist_debug_reg.h:217,
assist_debug,ASSIST_DEBUG_CORE_0_INTR_RLS,0x008,ASSIST_DEBUG_CORE_0_AREA_DRAM0_1_WR_RLS,3,1,RW,idf,0x0,0x0,0x0,R/W,IDF v5.5.3 soc/esp32c3/register/soc/assist_debug_reg.h:211,
assist_debug,ASSIST_DEBUG_CORE_0_INTR_RLS,0x008,ASSIST_DEBUG_CORE_0_AREA_PIF_0_RD_RLS,4,1,RW,idf,0x0,0x0,0x0,R/W,IDF v5.5.3 soc/esp32c3/register/soc/assist_debug_reg.h:205,
assist_debug,ASSIST_DEBUG_CORE_0_INTR_RLS,0x008,ASSIST_DEBUG_CORE_0_AREA_PIF_0_WR_RLS,5,1,RW,idf,0x0,0x0,0x0,R/W,IDF v5.5.3 soc/esp32c3/register/soc/assist_debug_reg.h:199,
assist_debug,ASSIST_DEBUG_CORE_0_INTR_RLS,0x008,ASSIST_DEBUG_CORE_0_AREA_PIF_1_RD_RLS,6,1,RW,idf,0x0,0x0,0x0,R/W,IDF v5.5.3 soc/esp32c3/register/soc/assist_debug_reg.h:193,
assist_debug,ASSIST_DEBUG_CORE_0_INTR_RLS,0x008,ASSIST_DEBUG_CORE_0_AREA_PIF_1_WR_RLS,7,1,RW,idf,0x0,0x0,0x0,R/W,IDF v5.5.3 soc/esp32c3/register/soc/assist_debug_reg.h:187,
assist_debug,ASSIST_DEBUG_CORE_0_INTR_RLS,0x008,ASSIST_DEBUG_CORE_0_SP_SPILL_MIN_RLS,8,1,RW,idf,0x0,0x0,0x0,R/W,IDF v5.5.3 soc/esp32c3/register/soc/assist_debug_reg.h:181,
assist_debug,ASSIST_DEBUG_CORE_0_INTR_RLS,0x008,ASSIST_DEBUG_CORE_0_SP_SPILL_MAX_RLS,9,1,RW,idf,0x0,0x0,0x0,R/W,IDF v5.5.3 soc/esp32c3/register/soc/assist_debug_reg.h:175,
assist_debug,ASSIST_DEBUG_CORE_0_INTR_RLS,0x008,ASSIST_DEBUG_CORE_0_IRAM0_EXCEPTION_MONITOR_RLS,10,1,RW,idf,0x0,0x0,0x0,R/W,IDF v5.5.3 soc/esp32c3/register/soc/assist_debug_reg.h:169,
assist_debug,ASSIST_DEBUG_CORE_0_INTR_RLS,0x008,ASSIST_DEBUG_CORE_0_DRAM0_EXCEPTION_MONITOR_RLS,11,1,RW,idf,0x0,0x0,0x0,R/W,IDF v5.5.3 soc/esp32c3/register/soc/assist_debug_reg.h:163,
assist_debug,ASSIST_DEBUG_CORE_0_INTR_CLR,0x00C,ASSIST_DEBUG_CORE_0_AREA_DRAM0_0_RD_CLR,0,1,RW,idf,0x0,0x0,0x0,R/W,IDF v5.5.3 soc/esp32c3/register/soc/assist_debug_reg.h:303,
assist_debug,ASSIST_DEBUG_CORE_0_INTR_CLR,0x00C,ASSIST_DEBUG_CORE_0_AREA_DRAM0_0_WR_CLR,1,1,RW,idf,0x0,0x0,0x0,R/W,IDF v5.5.3 soc/esp32c3/register/soc/assist_debug_reg.h:297,
assist_debug,ASSIST_DEBUG_CORE_0_INTR_CLR,0x00C,ASSIST_DEBUG_CORE_0_AREA_DRAM0_1_RD_CLR,2,1,RW,idf,0x0,0x0,0x0,R/W,IDF v5.5.3 soc/esp32c3/register/soc/assist_debug_reg.h:291,
assist_debug,ASSIST_DEBUG_CORE_0_INTR_CLR,0x00C,ASSIST_DEBUG_CORE_0_AREA_DRAM0_1_WR_CLR,3,1,RW,idf,0x0,0x0,0x0,R/W,IDF v5.5.3 soc/esp32c3/register/soc/assist_debug_reg.h:285,
assist_debug,ASSIST_DEBUG_CORE_0_INTR_CLR,0x00C,ASSIST_DEBUG_CORE_0_AREA_PIF_0_RD_CLR,4,1,RW,idf,0x0,0x0,0x0,R/W,IDF v5.5.3 soc/esp32c3/register/soc/assist_debug_reg.h:279,
assist_debug,ASSIST_DEBUG_CORE_0_INTR_CLR,0x00C,ASSIST_DEBUG_CORE_0_AREA_PIF_0_WR_CLR,5,1,RW,idf,0x0,0x0,0x0,R/W,IDF v5.5.3 soc/esp32c3/register/soc/assist_debug_reg.h:273,
assist_debug,ASSIST_DEBUG_CORE_0_INTR_CLR,0x00C,ASSIST_DEBUG_CORE_0_AREA_PIF_1_RD_CLR,6,1,RW,idf,0x0,0x0,0x0,R/W,IDF v5.5.3 soc/esp32c3/register/soc/assist_debug_reg.h:267,
assist_debug,ASSIST_DEBUG_CORE_0_INTR_CLR,0x00C,ASSIST_DEBUG_CORE_0_AREA_PIF_1_WR_CLR,7,1,RW,idf,0x0,0x0,0x0,R/W,IDF v5.5.3 soc/esp32c3/register/soc/assist_debug_reg.h:261,
assist_debug,ASSIST_DEBUG_CORE_0_INTR_CLR,0x00C,ASSIST_DEBUG_CORE_0_SP_SPILL_MIN_CLR,8,1,RW,idf,0x0,0x0,0x0,R/W,IDF v5.5.3 soc/esp32c3/register/soc/assist_debug_reg.h:255,
assist_debug,ASSIST_DEBUG_CORE_0_INTR_CLR,0x00C,ASSIST_DEBUG_CORE_0_SP_SPILL_MAX_CLR,9,1,RW,idf,0x0,0x0,0x0,R/W,IDF v5.5.3 soc/esp32c3/register/soc/assist_debug_reg.h:249,
assist_debug,ASSIST_DEBUG_CORE_0_INTR_CLR,0x00C,ASSIST_DEBUG_CORE_0_IRAM0_EXCEPTION_MONITOR_CLR,10,1,RW,idf,0x0,0x0,0x0,R/W,IDF v5.5.3 soc/esp32c3/register/soc/assist_debug_reg.h:243,
assist_debug,ASSIST_DEBUG_CORE_0_INTR_CLR,0x00C,ASSIST_DEBUG_CORE_0_DRAM0_EXCEPTION_MONITOR_CLR,11,1,RW,idf,0x0,0x0,0x0,R/W,IDF v5.5.3 soc/esp32c3/register/soc/assist_debug_reg.h:237,
assist_debug,ASSIST_DEBUG_CORE_0_AREA_DRAM0_0_MIN,0x010,ASSIST_DEBUG_CORE_0_AREA_DRAM0_0_MIN,0,32,RW,idf,0xFFFFFFFF,0xFFFFFFFF,0xFFFFFFFF,R/W,IDF v5.5.3 soc/esp32c3/register/soc/assist_debug_reg.h:311,
assist_debug,ASSIST_DEBUG_CORE_0_AREA_DRAM0_0_MAX,0x014,ASSIST_DEBUG_CORE_0_AREA_DRAM0_0_MAX,0,32,RW,idf,0x0,0x0,0x0,R/W,IDF v5.5.3 soc/esp32c3/register/soc/assist_debug_reg.h:319,
assist_debug,ASSIST_DEBUG_CORE_0_AREA_DRAM0_1_MIN,0x018,ASSIST_DEBUG_CORE_0_AREA_DRAM0_1_MIN,0,32,RW,idf,0xFFFFFFFF,0xFFFFFFFF,0xFFFFFFFF,R/W,IDF v5.5.3 soc/esp32c3/register/soc/assist_debug_reg.h:327,
assist_debug,ASSIST_DEBUG_CORE_0_AREA_DRAM0_1_MAX,0x01C,ASSIST_DEBUG_CORE_0_AREA_DRAM0_1_MAX,0,32,RW,idf,0x0,0x0,0x0,R/W,IDF v5.5.3 soc/esp32c3/register/soc/assist_debug_reg.h:335,
assist_debug,ASSIST_DEBUG_CORE_0_AREA_PIF_0_MIN,0x020,ASSIST_DEBUG_CORE_0_AREA_PIF_0_MIN,0,32,RW,idf,0xFFFFFFFF,0xFFFFFFFF,0xFFFFFFFF,R/W,IDF v5.5.3 soc/esp32c3/register/soc/assist_debug_reg.h:343,
assist_debug,ASSIST_DEBUG_CORE_0_AREA_PIF_0_MAX,0x024,ASSIST_DEBUG_CORE_0_AREA_PIF_0_MAX,0,32,RW,idf,0x0,0x0,0x0,R/W,IDF v5.5.3 soc/esp32c3/register/soc/assist_debug_reg.h:351,
assist_debug,ASSIST_DEBUG_CORE_0_AREA_PIF_1_MIN,0x028,ASSIST_DEBUG_CORE_0_AREA_PIF_1_MIN,0,32,RW,idf,0xFFFFFFFF,0xFFFFFFFF,0xFFFFFFFF,R/W,IDF v5.5.3 soc/esp32c3/register/soc/assist_debug_reg.h:359,
assist_debug,ASSIST_DEBUG_CORE_0_AREA_PIF_1_MAX,0x02C,ASSIST_DEBUG_CORE_0_AREA_PIF_1_MAX,0,32,RW,idf,0x0,0x0,0x0,R/W,IDF v5.5.3 soc/esp32c3/register/soc/assist_debug_reg.h:367,
assist_debug,ASSIST_DEBUG_CORE_0_AREA_PC,0x030,ASSIST_DEBUG_CORE_0_AREA_PC,0,32,RO,idf,0x0,0x0,0x0,RO,IDF v5.5.3 soc/esp32c3/register/soc/assist_debug_reg.h:375,
assist_debug,ASSIST_DEBUG_CORE_0_AREA_SP,0x034,ASSIST_DEBUG_CORE_0_AREA_SP,0,32,RO,idf,0x0,0x0,0x0,RO,IDF v5.5.3 soc/esp32c3/register/soc/assist_debug_reg.h:383,
assist_debug,ASSIST_DEBUG_CORE_0_SP_MIN,0x038,ASSIST_DEBUG_CORE_0_SP_MIN,0,32,RW,idf,0x0,0x0,0x0,RW,IDF v5.5.3 soc/esp32c3/register/soc/assist_debug_reg.h:391,
assist_debug,ASSIST_DEBUG_CORE_0_SP_MAX,0x03C,ASSIST_DEBUG_CORE_0_SP_MAX,0,32,RW,idf,0xFFFFFFFF,0xFFFFFFFF,0xFFFFFFFF,RW,IDF v5.5.3 soc/esp32c3/register/soc/assist_debug_reg.h:399,
assist_debug,ASSIST_DEBUG_CORE_0_SP_PC,0x040,ASSIST_DEBUG_CORE_0_SP_PC,0,32,RO,idf,0x0,0x0,0x0,RO,IDF v5.5.3 soc/esp32c3/register/soc/assist_debug_reg.h:407,
assist_debug,ASSIST_DEBUG_CORE_0_RCD_EN,0x044,ASSIST_DEBUG_CORE_0_RCD_RECORDEN,0,1,RW,idf,0x0,0x0,0x0,RW,IDF v5.5.3 soc/esp32c3/register/soc/assist_debug_reg.h:421,
assist_debug,ASSIST_DEBUG_CORE_0_RCD_EN,0x044,ASSIST_DEBUG_CORE_0_RCD_PDEBUGEN,1,1,RW,idf,0x0,0x0,0x0,RW,IDF v5.5.3 soc/esp32c3/register/soc/assist_debug_reg.h:415,
assist_debug,ASSIST_DEBUG_CORE_0_RCD_PDEBUGPC,0x048,ASSIST_DEBUG_CORE_0_RCD_PDEBUGPC,0,32,RO,idf,0x0,0x0,0x0,RO,IDF v5.5.3 soc/esp32c3/register/soc/assist_debug_reg.h:430,
assist_debug,ASSIST_DEBUG_CORE_0_RCD_PDEBUGSP,0x04C,ASSIST_DEBUG_CORE_0_RCD_PDEBUGSP,0,32,RO,idf,0x0,0x0,0x0,RO,IDF v5.5.3 soc/esp32c3/register/soc/assist_debug_reg.h:438,
assist_debug,ASSIST_DEBUG_CORE_0_IRAM0_EXCEPTION_MONITOR_0,0x050,ASSIST_DEBUG_CORE_0_IRAM0_RECORDING_ADDR_0,0,24,RO,idf,0x0,0x0,0x0,RO,IDF v5.5.3 soc/esp32c3/register/soc/assist_debug_reg.h:458,
assist_debug,ASSIST_DEBUG_CORE_0_IRAM0_EXCEPTION_MONITOR_0,0x050,ASSIST_DEBUG_CORE_0_IRAM0_RECORDING_WR_0,24,1,RO,idf,0x0,0x0,0x0,RO,IDF v5.5.3 soc/esp32c3/register/soc/assist_debug_reg.h:452,
assist_debug,ASSIST_DEBUG_CORE_0_IRAM0_EXCEPTION_MONITOR_0,0x050,ASSIST_DEBUG_CORE_0_IRAM0_RECORDING_LOADSTORE_0,25,1,RO,idf,0x0,0x0,0x0,RO,IDF v5.5.3 soc/esp32c3/register/soc/assist_debug_reg.h:446,
assist_debug,ASSIST_DEBUG_CORE_0_IRAM0_EXCEPTION_MONITOR_1,0x054,ASSIST_DEBUG_CORE_0_IRAM0_RECORDING_ADDR_1,0,24,RO,idf,0x0,0x0,0x0,RO,IDF v5.5.3 soc/esp32c3/register/soc/assist_debug_reg.h:478,
assist_debug,ASSIST_DEBUG_CORE_0_IRAM0_EXCEPTION_MONITOR_1,0x054,ASSIST_DEBUG_CORE_0_IRAM0_RECORDING_WR_1,24,1,RO,idf,0x0,0x0,0x0,RO,IDF v5.5.3 soc/esp32c3/register/soc/assist_debug_reg.h:472,
assist_debug,ASSIST_DEBUG_CORE_0_IRAM0_EXCEPTION_MONITOR_1,0x054,ASSIST_DEBUG_CORE_0_IRAM0_RECORDING_LOADSTORE_1,25,1,RO,idf,0x0,0x0,0x0,RO,IDF v5.5.3 soc/esp32c3/register/soc/assist_debug_reg.h:466,
assist_debug,ASSIST_DEBUG_CORE_0_DRAM0_EXCEPTION_MONITOR_0,0x058,ASSIST_DEBUG_CORE_0_DRAM0_RECORDING_ADDR_0,0,24,RO,idf,0x0,0x0,0x0,RO,IDF v5.5.3 soc/esp32c3/register/soc/assist_debug_reg.h:498,
assist_debug,ASSIST_DEBUG_CORE_0_DRAM0_EXCEPTION_MONITOR_0,0x058,ASSIST_DEBUG_CORE_0_DRAM0_RECORDING_WR_0,24,1,RO,idf,0x0,0x0,0x0,RO,IDF v5.5.3 soc/esp32c3/register/soc/assist_debug_reg.h:492,
assist_debug,ASSIST_DEBUG_CORE_0_DRAM0_EXCEPTION_MONITOR_0,0x058,ASSIST_DEBUG_CORE_0_DRAM0_RECORDING_BYTEEN_0,25,4,RO,idf,0x0,0x0,0x0,RO,IDF v5.5.3 soc/esp32c3/register/soc/assist_debug_reg.h:486,
assist_debug,ASSIST_DEBUG_CORE_0_DRAM0_EXCEPTION_MONITOR_1,0x05C,ASSIST_DEBUG_CORE_0_DRAM0_RECORDING_PC_0,0,32,RO,idf,0x0,0x0,0x0,RO,IDF v5.5.3 soc/esp32c3/register/soc/assist_debug_reg.h:506,
assist_debug,ASSIST_DEBUG_CORE_0_DRAM0_EXCEPTION_MONITOR_2,0x060,ASSIST_DEBUG_CORE_0_DRAM0_RECORDING_ADDR_1,0,24,RO,idf,0x0,0x0,0x0,RO,IDF v5.5.3 soc/esp32c3/register/soc/assist_debug_reg.h:526,
assist_debug,ASSIST_DEBUG_CORE_0_DRAM0_EXCEPTION_MONITOR_2,0x060,ASSIST_DEBUG_CORE_0_DRAM0_RECORDING_WR_1,24,1,RO,idf,0x0,0x0,0x0,RO,IDF v5.5.3 soc/esp32c3/register/soc/assist_debug_reg.h:520,
assist_debug,ASSIST_DEBUG_CORE_0_DRAM0_EXCEPTION_MONITOR_2,0x060,ASSIST_DEBUG_CORE_0_DRAM0_RECORDING_BYTEEN_1,25,4,RO,idf,0x0,0x0,0x0,RO,IDF v5.5.3 soc/esp32c3/register/soc/assist_debug_reg.h:514,
assist_debug,ASSIST_DEBUG_CORE_0_DRAM0_EXCEPTION_MONITOR_3,0x064,ASSIST_DEBUG_CORE_0_DRAM0_RECORDING_PC_1,0,32,RO,idf,0x0,0x0,0x0,RO,IDF v5.5.3 soc/esp32c3/register/soc/assist_debug_reg.h:534,
assist_debug,ASSIST_DEBUG_CORE_X_IRAM0_DRAM0_EXCEPTION_MONITOR_0,0x068,ASSIST_DEBUG_CORE_X_IRAM0_DRAM0_LIMIT_CYCLE_0,0,20,RW,idf,0x0,0x0,0x0,R/W,IDF v5.5.3 soc/esp32c3/register/soc/assist_debug_reg.h:542,
assist_debug,ASSIST_DEBUG_CORE_X_IRAM0_DRAM0_EXCEPTION_MONITOR_1,0x06C,ASSIST_DEBUG_CORE_X_IRAM0_DRAM0_LIMIT_CYCLE_1,0,20,RW,idf,0x0,0x0,0x0,R/W,IDF v5.5.3 soc/esp32c3/register/soc/assist_debug_reg.h:550,
assist_debug,ASSIST_DEBUG_LOG_SETTING,0x070,ASSIST_DEBUG_LOG_ENA,0,3,RW,idf,0x0,0x0,0x0,R/W,IDF v5.5.3 soc/esp32c3/register/soc/assist_debug_reg.h:570,
assist_debug,ASSIST_DEBUG_LOG_SETTING,0x070,ASSIST_DEBUG_LOG_MODE,3,4,RW,idf,0x0,0x0,0x0,R/W,IDF v5.5.3 soc/esp32c3/register/soc/assist_debug_reg.h:564,
assist_debug,ASSIST_DEBUG_LOG_SETTING,0x070,ASSIST_DEBUG_LOG_MEM_LOOP_ENABLE,7,1,RW,idf,0x1,0x1,0x1,R/W,IDF v5.5.3 soc/esp32c3/register/soc/assist_debug_reg.h:558,
assist_debug,ASSIST_DEBUG_LOG_DATA_0,0x074,ASSIST_DEBUG_LOG_DATA_0,0,32,RW,idf,0x0,0x0,0x0,R/W,IDF v5.5.3 soc/esp32c3/register/soc/assist_debug_reg.h:578,
assist_debug,ASSIST_DEBUG_LOG_DATA_MASK,0x078,ASSIST_DEBUG_LOG_DATA_SIZE,0,16,RW,idf,0x0,0x0,0x0,R/W,IDF v5.5.3 soc/esp32c3/register/soc/assist_debug_reg.h:586,
assist_debug,ASSIST_DEBUG_LOG_MIN,0x07C,ASSIST_DEBUG_LOG_MIN,0,32,RW,idf,0x0,0x0,0x0,R/W,IDF v5.5.3 soc/esp32c3/register/soc/assist_debug_reg.h:594,
assist_debug,ASSIST_DEBUG_LOG_MAX,0x080,ASSIST_DEBUG_LOG_MAX,0,32,RW,idf,0x0,0x0,0x0,R/W,IDF v5.5.3 soc/esp32c3/register/soc/assist_debug_reg.h:602,
assist_debug,ASSIST_DEBUG_LOG_MEM_START,0x084,ASSIST_DEBUG_LOG_MEM_START,0,32,RW,idf,0x0,0x0,0x0,R/W,IDF v5.5.3 soc/esp32c3/register/soc/assist_debug_reg.h:610,
assist_debug,ASSIST_DEBUG_LOG_MEM_END,0x088,ASSIST_DEBUG_LOG_MEM_END,0,32,RW,idf,0x0,0x0,0x0,R/W,IDF v5.5.3 soc/esp32c3/register/soc/assist_debug_reg.h:618,
assist_debug,ASSIST_DEBUG_LOG_MEM_WRITING_ADDR,0x08C,ASSIST_DEBUG_LOG_MEM_WRITING_ADDR,0,32,RO,idf,0x0,0x0,0x0,RO,IDF v5.5.3 soc/esp32c3/register/soc/assist_debug_reg.h:626,
assist_debug,ASSIST_DEBUG_LOG_MEM_FULL_FLAG,0x090,ASSIST_DEBUG_LOG_MEM_FULL_FLAG,0,1,RO,idf,0x0,0x0,0x0,RO,IDF v5.5.3 soc/esp32c3/register/soc/assist_debug_reg.h:640,
assist_debug,ASSIST_DEBUG_LOG_MEM_FULL_FLAG,0x090,ASSIST_DEBUG_CLR_LOG_MEM_FULL_FLAG,1,1,RW,idf,0x0,0x0,0x0,R/W,IDF v5.5.3 soc/esp32c3/register/soc/assist_debug_reg.h:634,
assist_debug,ASSIST_DEBUG_CORE_0_LASTPC_BEFORE_EXCEPTION,0x094,ASSIST_DEBUG_CORE_0_LASTPC_BEFORE_EXC,0,32,RO,idf,0x0,0x0,0x0,RO,IDF v5.5.3 soc/esp32c3/register/soc/assist_debug_reg.h:648,
assist_debug,ASSIST_DEBUG_CORE_0_DEBUG_MODE,0x098,ASSIST_DEBUG_CORE_0_DEBUG_MODE,0,1,RO,idf,0x0,0x0,0x0,RO,IDF v5.5.3 soc/esp32c3/register/soc/assist_debug_reg.h:662,
assist_debug,ASSIST_DEBUG_CORE_0_DEBUG_MODE,0x098,ASSIST_DEBUG_CORE_0_DEBUG_MODULE_ACTIVE,1,1,RO,idf,0x0,0x0,0x0,RO,IDF v5.5.3 soc/esp32c3/register/soc/assist_debug_reg.h:656,
assist_debug,ASSIST_DEBUG_DATE,0x1FC,ASSIST_DEBUG_DATE,0,28,RW,idf,0x2008010,0x2008010,0x2008010,R/W,IDF v5.5.3 soc/esp32c3/register/soc/assist_debug_reg.h:670,
